joyce_macri,6.1 quake shakes Costa Rica near Panama; no major damage https://t.co/jp7JevzZcC via @houstonchron,,Sat Aug 18 19:34:20 +0000 2018
SiteSegundoSol,6.1 quake shakes Costa Rica near Panama; no major damage https://t.co/yuakXpgmeI,,Sat Aug 18 19:18:24 +0000 2018
BestAmongBest99,6.1 quake shakes Costa Rica near Panama; no major damage https://t.co/nRXpuM5OQC,,Sat Aug 18 19:14:03 +0000 2018
WHSVnews,6.0 quake shakes Costa Rica near Panama; no major damage https://t.co/TNobU5XJuq,,Sat Aug 18 19:00:03 +0000 2018
getupradio,6.1 quake shakes Costa Rica near Panama https://t.co/WWYFvx0QXT,,Sat Aug 18 15:42:07 +0000 2018
terikarnas74,RT @The_News_DIVA: 6.1 quake shakes Costa Rica near Panama https://t.co/JBQZElesmc,6.1 quake shakes Costa Rica near Panama https://t.co/JBQZElesmc,Sat Aug 18 14:10:50 +0000 2018
The_News_DIVA,6.1 quake shakes Costa Rica near Panama https://t.co/JBQZElesmc,,Sat Aug 18 14:10:04 +0000 2018
fearoffreedom,6.1 quake shakes Costa Rica near Panama; no major damage - ABC News - https://t.co/60PSuEn2b2 via @ABC,,Sat Aug 18 13:39:19 +0000 2018
sotrueradio,6.1 quake shakes Costa Rica near Panama; no major damage (from @AP) https://t.co/LeGOqURLL6,,Sat Aug 18 11:41:47 +0000 2018
State_Times,6.0 quake shakes Costa Rica near Panama; no major damage https://t.co/SGODwKp7Rz,,Sat Aug 18 11:29:13 +0000 2018
SableViews,RT @CAllstadt: 6.1 #quake shakes #CostaRica near #Panama; no major damage (from @AP) https://t.co/8CJ0C1y5QF,6.1 #quake shakes #CostaRica near #Panama; no major damage (from @AP) https://t.co/8CJ0C1y5QF,Sat Aug 18 11:24:01 +0000 2018
State_Times,6.0 quake shakes Costa Rica near Panama; no major damage - https://t.co/A9embaAeYS https://t.co/RtDBIFjCgx,,Sat Aug 18 11:12:55 +0000 2018
SpokesmanTweets,6.0 quake shakes Costa Rica near Panama; no major damage... https://t.co/WSMCKXpnGo #earthquake #epicentre #CostaRica #Tsunami #SanJose @SpokesmanTweets,,Sat Aug 18 10:49:35 +0000 2018
CAllstadt,6.1 #quake shakes #CostaRica near #Panama; no major damage (from @AP) https://t.co/8CJ0C1y5QF,,Sat Aug 18 10:32:37 +0000 2018
NewsBossIndia,6.0 quake shakes Costa Rica near Panama; no major damage .. https://t.co/x626p0IAMy,,Sat Aug 18 10:14:01 +0000 2018
MunsifUrduTv,"6.0 Quake Shakes Costa Rica Near Panama And Strong, Deep Earthquake Shakes Area Off Indonesia https://t.co/c2nTLQlP8f",,Sat Aug 18 09:58:36 +0000 2018
HalOBrien_WA,"@RadioFreeTom @BostonGlobe From the LA Times in 1995: ""Quake's Toll in Japan Shakes L.A. : Tragedy: Van Nuys couple receive word that daughter is among the dead.""

Not a parody.",,Sat Aug 18 08:44:22 +0000 2018
ricoqmedia,6.1 Quake Shakes Costa¬†Rica https://t.co/iwS1usy5VR https://t.co/Ko5JG7HNYC,,Sat Aug 18 08:29:03 +0000 2018
Cletus1942,6.1 quake shakes Costa Rica near Panama; no major damage - The Washington Post https://t.co/T6vFDHiWYR,,Sat Aug 18 08:13:49 +0000 2018
60Macc,6.1 quake shakes Costa Rica near Panama; no major damage https://t.co/jCBFHD2k95,,Sat Aug 18 07:44:53 +0000 2018
ARTMOR64,6.1 quake shakes Costa Rica near Panama; no major damage https://t.co/21kWWQRihr,,Sat Aug 18 07:21:42 +0000 2018
rarias78,6.1 quake shakes Costa Rica near Panama; no major damage (from @AP) https://t.co/TXZDgba2Zo,,Sat Aug 18 07:12:56 +0000 2018
AficionadoYash,6.0 quake shakes Costa Rica near Panama; no major damage,,Sat Aug 18 07:09:45 +0000 2018
MSNNZ,"Strong, deep quake shakes area off Indonesia https://t.co/M4kKS94jwp",,Sat Aug 18 07:02:17 +0000 2018
NewsDingo,https://t.co/JaLH4Wfyci,,Sat Aug 18 07:00:56 +0000 2018
KarenChestney,6.1 quake shakes Costa Rica near Panama; no major damage https://t.co/c3ve3tav1A,,Sat Aug 18 06:35:48 +0000 2018
ImAnupGupta,6.0 quake shakes Costa Rica near Panama; no major damage  https://t.co/apWzvLGELw,,Sat Aug 18 06:14:19 +0000 2018
geocosmo_news,6.0 quake shakes Costa Rica near Panama; no major damage: https://t.co/KZnKA2CcRw,,Sat Aug 18 05:01:10 +0000 2018
Jaikumar099,6.0 quake shakes Costa Rica near Panama; no major damage https://t.co/jLHg3awGGw https://t.co/VKqQRWKfcZ,,Sat Aug 18 04:54:03 +0000 2018
ClintParkerMonr,"RT @Indonesia: ""4.7 Magnitude Quake Shakes Sukabumi, Local Residents Panic - Netralnews"" https://t.co/wpUNru07rK","""4.7 Magnitude Quake Shakes Sukabumi, Local Residents Panic - Netralnews"" https://t.co/wpUNru07rK",Sat Aug 18 04:39:35 +0000 2018
werindia,"#CostaRica: 6.1 #quake shakes near #Panama; no major damage https://t.co/HwcXMe5IGF #WeRIndia

Get latest news and updates only on WeRIndia https://t.co/Yvnsat80TN",,Sat Aug 18 04:04:57 +0000 2018
Lucky_finds,Yellowstone Supervolcano 8-17-2018 Costa Rica and Japan Quake Shakes Caldera https://t.co/2ydKTkwAPj,,Sat Aug 18 03:50:40 +0000 2018
pewo_oyee,"RT @Indonesia: ""4.7 Magnitude Quake Shakes Sukabumi, Local Residents Panic - Netralnews"" https://t.co/wpUNru07rK","""4.7 Magnitude Quake Shakes Sukabumi, Local Residents Panic - Netralnews"" https://t.co/wpUNru07rK",Sat Aug 18 03:38:50 +0000 2018
HalimBlink182,"RT @Indonesia: ""4.7 Magnitude Quake Shakes Sukabumi, Local Residents Panic - Netralnews"" https://t.co/wpUNru07rK","""4.7 Magnitude Quake Shakes Sukabumi, Local Residents Panic - Netralnews"" https://t.co/wpUNru07rK",Sat Aug 18 03:34:06 +0000 2018
RepublicaNepal,https://t.co/YEDxtY2i4X,,Sat Aug 18 03:27:17 +0000 2018
taniatanggono,"RT @Indonesia: ""4.7 Magnitude Quake Shakes Sukabumi, Local Residents Panic - Netralnews"" https://t.co/wpUNru07rK","""4.7 Magnitude Quake Shakes Sukabumi, Local Residents Panic - Netralnews"" https://t.co/wpUNru07rK",Sat Aug 18 03:26:30 +0000 2018
Indonesia,"""4.7 Magnitude Quake Shakes Sukabumi, Local Residents Panic - Netralnews"" https://t.co/wpUNru07rK",,Sat Aug 18 03:24:22 +0000 2018
Elliottsplace,RT @kron4news: JUST IN: 6.1 quake shakes Costa Rica near Panama; no major damage. https://t.co/l6OokioGfL,JUST IN: 6.1 quake shakes Costa Rica near Panama; no major damage. https://t.co/l6OokioGfL,Sat Aug 18 03:21:26 +0000 2018
jawabarat_info,"KLIK&gt;&gt; https://t.co/RZ1T85qMi5 4.7 Magnitude Quake Shakes Sukabumi, Local Residents Panic - Netralnews",,Sat Aug 18 03:12:10 +0000 2018
PIRam_56,"RT @IndianExpress: A strong earthquake shook southern Costa Rica near the border with Panama on Friday

https://t.co/iUqmh5RCnK","A strong earthquake shook southern Costa Rica near the border with Panama on Friday

https://t.co/iUqmh5RCnK",Sat Aug 18 03:12:02 +0000 2018
NewAmerica17,RT @WBRCnews: 6.1 quake shakes Costa Rica near Panama; no major damage https://t.co/TJj9vwd79d,6.1 quake shakes Costa Rica near Panama; no major damage https://t.co/TJj9vwd79d,Sat Aug 18 03:10:44 +0000 2018
mperezjr5,RT @kron4news: JUST IN: 6.1 quake shakes Costa Rica near Panama; no major damage. https://t.co/l6OokioGfL,JUST IN: 6.1 quake shakes Costa Rica near Panama; no major damage. https://t.co/l6OokioGfL,Sat Aug 18 03:09:28 +0000 2018
WBRCnews,6.1 quake shakes Costa Rica near Panama; no major damage https://t.co/TJj9vwd79d,,Sat Aug 18 03:09:06 +0000 2018
cynleann,6.1 quake shakes Costa Rica near Panama https://t.co/Sp2E46mw5f,,Sat Aug 18 02:59:05 +0000 2018
TheMagmatic,6.1 quake shakes Costa Rica near Panama https://t.co/OjGrCtBWLH,,Sat Aug 18 02:58:34 +0000 2018
YodaCon,6.0 quake shakes Costa Rica near Panama; no major damage #TCOT #MAGA https://t.co/c6fGeKRteT,,Sat Aug 18 02:46:38 +0000 2018
KSBY,"6.1 #earthquake shakes #CostaRica near #Panama; no major damage reported
https://t.co/J8gk6GNCOS",,Sat Aug 18 02:40:00 +0000 2018
xhertx,RT @kron4news: JUST IN: 6.1 quake shakes Costa Rica near Panama; no major damage. https://t.co/l6OokioGfL,JUST IN: 6.1 quake shakes Costa Rica near Panama; no major damage. https://t.co/l6OokioGfL,Sat Aug 18 02:37:52 +0000 2018
imcalled2teach,RT @kron4news: JUST IN: 6.1 quake shakes Costa Rica near Panama; no major damage. https://t.co/l6OokioGfL,JUST IN: 6.1 quake shakes Costa Rica near Panama; no major damage. https://t.co/l6OokioGfL,Sat Aug 18 02:36:42 +0000 2018
Pinging18,Costa Rica: 6.1 quake shakes near Panama; no major damage https://t.co/sMHQ4mpMPy https://t.co/v9y3fEYuxQ,,Sat Aug 18 02:35:33 +0000 2018
NewsBossIndia,Costa Rica: 6.1 quake shakes near Panama; no major damage.. https://t.co/Yk2GHA0nNP,,Sat Aug 18 02:32:40 +0000 2018
kron4news,JUST IN: 6.1 quake shakes Costa Rica near Panama; no major damage. https://t.co/l6OokioGfL,,Sat Aug 18 02:31:32 +0000 2018
netralenglish,"4.7 Magnitude Quake Shakes Sukabumi, Local Residents Panic https://t.co/T9EfuYQ9oJ https://t.co/UOJJ9lTrrJ",,Sat Aug 18 02:30:07 +0000 2018
IndianExpress,"A strong earthquake shook southern Costa Rica near the border with Panama on Friday

https://t.co/iUqmh5RCnK",,Sat Aug 18 02:28:57 +0000 2018
ShelliDrummer4,6.1 quake shakes Costa Rica near Panama https://t.co/F0tkcIQTzi,,Sat Aug 18 02:18:20 +0000 2018
Jamesw74,6.1 quake shakes Costa Rica near Panama; no major damage - ABC News - https://t.co/lNqhzTbKJ1 via @ABC,,Sat Aug 18 02:16:40 +0000 2018
CryptoNewsFlash,RT @Natural_Crisis: 6.0 quake shakes Costa Rica near Panama; no major damage https://t.co/t9buhrrXEB,6.0 quake shakes Costa Rica near Panama; no major damage https://t.co/t9buhrrXEB,Sat Aug 18 02:14:47 +0000 2018
TraveloreReport,"6.1 quake shakes Costa Rica near Panama; no major damage: https://t.co/StmSyOrGlZ

Shared via AP Mobile. Download the app now:
iOS - https://t.co/zMkxyMu6dW
Android - https://t.co/4AmzjhhBPf",,Sat Aug 18 02:14:47 +0000 2018
ExodusFoundati1,6.1 quake shakes Costa Rica near Panama; no major damage - ABC News - https://t.co/XoG4cQP1CO via @ABC,,Sat Aug 18 02:14:34 +0000 2018
Natural_Crisis,6.0 quake shakes Costa Rica near Panama; no major damage https://t.co/t9buhrrXEB,,Sat Aug 18 02:12:32 +0000 2018
ziazeeshan,6.0 quake shakes Costa Rica near Panama; no major damage https://t.co/9cfRewVi8V,,Sat Aug 18 02:01:36 +0000 2018
hotLiverLips9,‚ñ∫‚ñ∫‚ñ∫  6.0 quake shakes Costa Rica near Panama; no major damage   ~~~  https://t.co/lcYTHom7Gp,,Sat Aug 18 01:54:22 +0000 2018
DudekLinda,6.1 quake shakes Costa Rica near Panama; no major damage (from @AP) https://t.co/IC4QgMDGBj,,Sat Aug 18 01:46:37 +0000 2018
JamesCordeiro3,6.0 quake shakes Costa Rica near Panama; no major damage: https://t.co/VkCYkHCbGr (from @AP),,Sat Aug 18 01:40:14 +0000 2018
8NEWS,"6.0 quake shakes Costa Rica near Panama; no major damage reported
https://t.co/8dUtyB6iJA",,Sat Aug 18 01:37:00 +0000 2018
5thdimdreamz,6.0 quake shakes Costa Rica near Panama; no major damage  https://t.co/DSedz5k0yk,,Sat Aug 18 01:31:58 +0000 2018
TALK1370,HEADLINES: 6.0 quake shakes Costa Rica near Panama; no major damage https://t.co/GsZiR1ieat,,Sat Aug 18 01:26:33 +0000 2018
charliebrown723,RT @StarTribune: 6.0 quake shakes Costa Rica near Panama; no major damage or injuries reported. https://t.co/wSSBIKfgHq,6.0 quake shakes Costa Rica near Panama; no major damage or injuries reported. https://t.co/wSSBIKfgHq,Sat Aug 18 01:23:07 +0000 2018
FloLake,6.0 quake shakes Costa Rica near Panama; no major damage (from @AP) https://t.co/WX1SXVMPRH,,Sat Aug 18 01:18:18 +0000 2018
StarTribune,6.0 quake shakes Costa Rica near Panama; no major damage or injuries reported. https://t.co/wSSBIKfgHq,,Sat Aug 18 01:16:00 +0000 2018
KRMGtulsa,6.0 quake shakes Costa Rica near Panama; no major damage https://t.co/ybb58CIDPK https://t.co/6j3laQ9TXt,,Sat Aug 18 01:11:32 +0000 2018
USSANews,6.0 quake shakes Costa Rica near Panama; no major damage - https://t.co/cjf17AkqQ1,,Sat Aug 18 01:08:39 +0000 2018
Theophany1,6.0 earthquake shakes southern Costa Rica near Panama - Tampa Bay Times https://t.co/xCHHV8YhBG https://t.co/gx0EbCkJDb,,Sat Aug 18 00:56:07 +0000 2018
caitlyndel,"""6.0 Quake Shakes Costa Rica Near Panama; No Major Damage"" by THE ASSOCIATED PRESS via NYT https://t.co/MNISaEqydO",,Sat Aug 18 00:54:08 +0000 2018
RJMeliscat,6.0 quake shakes Costa Rica near Panama; no major damage https://t.co/khumQoLZcN,,Sat Aug 18 00:54:03 +0000 2018
ayerss3,6.0 quake shakes Costa Rica near Panama; no major damage - https://t.co/L5PshxT4X3,,Sat Aug 18 00:51:36 +0000 2018
torrie_zoumis,"Lisa's got the shakes that'll make you quake (22 Photos)

https://t.co/wpEZqwXSpy",,Fri Aug 17 17:32:25 +0000 2018
lyynell_le,"Lisa's got the shakes that'll make you quake (22 Photos) üíù

https://t.co/ZbE7Bccyub",,Fri Aug 17 09:37:06 +0000 2018
DPhilRidnCrew,"I got the shakes that'll make you quake.

I got the fries that'll cross your eyes.

I got the burgers that'll.... well I just got burgers.",,Fri Aug 17 05:36:24 +0000 2018
stellagrandchil,"Lisa's got the shakes that'll make you quake (22 Photos)

https://t.co/qNXqxOExP9",,Thu Aug 16 20:51:16 +0000 2018
enedinabravata,"üçØ Lisa's got the shakes that'll make you quake (22 Photos)

https://t.co/unukNnbFJj",,Thu Aug 16 20:46:13 +0000 2018
89point5_KSKO,Small quake shakes southcentral Alaska Wednesday morning https://t.co/UuWS2HnIRQ,,Thu Aug 16 19:51:01 +0000 2018
USITA_forum,"[Breaking News] Strong quake tremor shakes centre, south Italy https://t.co/YgRC0YfSRs",,Thu Aug 16 19:11:36 +0000 2018
ItalianInsider1,"Strong quake tremor shakes centre, south Italy",,Thu Aug 16 18:46:55 +0000 2018
sknightpascoe,Marvel Rising: Initiation's Chloe Bennet shakes things up as Quake in this exclusive featurette - SYFY WIRE https://t.co/WYp7oXNKI0,,Thu Aug 16 18:16:28 +0000 2018
iriabuki,"Lisa's got the shakes that'll make you quake (22 Photos)

https://t.co/N2npVCEtVj",,Thu Aug 16 15:33:06 +0000 2018
praveen_khm,@surnell @BlrCityPolice Heard it in kathriguppe. All birds were flying around like when earth quake. But no shakes,,Thu Aug 16 12:03:32 +0000 2018
akiceman44,"RT @Ch2KTUU: Did you feel it? We have the details on the earthquake here, and how you can report whether you felt it so the U.S. Geological‚Ä¶","Did you feel it? We have the details on the earthquake here, and how you can report whether you felt it so the U.S. Geological Survey can study the earthquake. https://t.co/fa7O51LZPw",Wed Aug 15 23:54:57 +0000 2018
ArmorForCor,@MattGoesBuck You got The shakes that make the agents quake,,Wed Aug 15 21:23:37 +0000 2018
AshaTruchan,"üòª Lisa's got the shakes that'll make you quake (22 Photos) ü§ñ

https://t.co/7zHcUMyOAh",,Wed Aug 15 18:21:13 +0000 2018
twitapptweets,"RT @Ch2KTUU: Did you feel it? We have the details on the earthquake here, and how you can report whether you felt it so the U.S. Geological‚Ä¶","Did you feel it? We have the details on the earthquake here, and how you can report whether you felt it so the U.S. Geological Survey can study the earthquake. https://t.co/fa7O51LZPw",Wed Aug 15 17:50:10 +0000 2018
mdiaak54,"RT @Ch2KTUU: Did you feel it? We have the details on the earthquake here, and how you can report whether you felt it so the U.S. Geological‚Ä¶","Did you feel it? We have the details on the earthquake here, and how you can report whether you felt it so the U.S. Geological Survey can study the earthquake. https://t.co/fa7O51LZPw",Wed Aug 15 17:48:06 +0000 2018
StrainJessie,"RT @Ch2KTUU: Did you feel it? We have the details on the earthquake here, and how you can report whether you felt it so the U.S. Geological‚Ä¶","Did you feel it? We have the details on the earthquake here, and how you can report whether you felt it so the U.S. Geological Survey can study the earthquake. https://t.co/fa7O51LZPw",Wed Aug 15 17:41:47 +0000 2018
Sensei_91,"RT @Ch2KTUU: Did you feel it? We have the details on the earthquake here, and how you can report whether you felt it so the U.S. Geological‚Ä¶","Did you feel it? We have the details on the earthquake here, and how you can report whether you felt it so the U.S. Geological Survey can study the earthquake. https://t.co/fa7O51LZPw",Wed Aug 15 17:30:59 +0000 2018
Ch2KTUU,"Did you feel it? We have the details on the earthquake here, and how you can report whether you felt it so the U.S. Geological Survey can study the earthquake. https://t.co/fa7O51LZPw",,Wed Aug 15 17:30:00 +0000 2018
gregnietsky,"RT @SAsecular: ü§• ""... some people leaped from their vehicles on traffic jammed roads while an elderly woman standing in the back of a picku‚Ä¶","ü§• ""... some people leaped from their vehicles on traffic jammed roads while an elderly woman standing in the back of a pickup truck wailed 'God is Great'."" #MoralConfusion #DeathAfterLife #GodIsNotGreat

https://t.co/kQS3QV7Gcq",Wed Aug 15 15:41:11 +0000 2018
hpaley,The earth shakes! https://t.co/GjPz0g4cin,,Wed Aug 15 15:15:32 +0000 2018
SAsecular,"ü§• ""... some people leaped from their vehicles on traffic jammed roads while an elderly woman standing in the back of a pickup truck wailed 'God is Great'."" #MoralConfusion #DeathAfterLife #GodIsNotGreat

https://t.co/kQS3QV7Gcq",,Wed Aug 15 14:01:13 +0000 2018
longsworthrobby,"üíÉ Lisa's got the shakes that'll make you quake (22 Photos)

https://t.co/svmuop3eQt",,Wed Aug 15 07:41:26 +0000 2018
JulieClineWill3,RT @DesertSunNews: 4.4-magnitude quake centered in Aguanga rocks Coachella Valley and coastal communities https://t.co/g9Z9lzCw3P,4.4-magnitude quake centered in Aguanga rocks Coachella Valley and coastal communities https://t.co/g9Z9lzCw3P,Wed Aug 15 03:54:43 +0000 2018
Stijl,4.4-magnitude quake centered in Aguanga rocks Coachella Valley and coastal communities https://t.co/drPfFG26Fq via @MyDesert,,Wed Aug 15 02:50:16 +0000 2018
DesertSunNews,4.4-magnitude quake centered in Aguanga rocks Coachella Valley and coastal communities https://t.co/g9Z9lzCw3P,,Wed Aug 15 02:06:34 +0000 2018
DiannaNanez,RT @bdelossantos1: 4.4-magnitude quake centered in Aguanga rocks Coachella Valley and coastal communities https://t.co/ZJwFS4Zt6u via @myde‚Ä¶,4.4-magnitude quake centered in Aguanga rocks Coachella Valley and coastal communities https://t.co/ZJwFS4Zt6u via @mydesert,Wed Aug 15 01:47:18 +0000 2018
bdelossantos1,4.4-magnitude quake centered in Aguanga rocks Coachella Valley and coastal communities https://t.co/ZJwFS4Zt6u via @mydesert,,Wed Aug 15 01:44:32 +0000 2018
Ellieujn,Quake of 5.1 degrees shakes Albania TIRANA (Reuters) - An earthquake with a magnitude of 5.1 shook the Ad https://t.co/8F5yqMx9i2 @ellieujn,,Wed Aug 15 01:06:08 +0000 2018
debiellies,"üç® Lisa's got the shakes that'll make you quake (22 Photos)

https://t.co/iMRAipwgbx",,Tue Aug 14 16:56:06 +0000 2018
mr__quake,"RT @simms_landon: My grandfather is a 96 yr old German.  When seeing Antifa videos, he shakes his head and says; ""We didnt think it could h‚Ä¶","My grandfather is a 96 yr old German.  When seeing Antifa videos, he shakes his head and says; ""We didnt think it could happen in Germany either. These people (Antifa) act and sound like the NAZI party's Sturmabteilung. Stop them now or you'll regret it.""

https://t.co/AK5ESYUFtF",Tue Aug 14 16:54:55 +0000 2018
n_paras53,@theavreybrooks @FootbaIl_Tweets Ohh plenty of rhythm. I had the shakes that‚Äôll make you quake,,Tue Aug 14 15:22:58 +0000 2018
mollybutter23,"üçê Lisa's got the shakes that'll make you quake (22 Photos) üëä

https://t.co/A3bt01LBoF",,Tue Aug 14 07:05:03 +0000 2018
UTVNewsLK,"Magnitude-5 Quake Shakes China, 18 Injured, 6000 Homes Damaged https://t.co/tHDjujIqvy via @
#CHINA #LKA",,Tue Aug 14 04:47:40 +0000 2018
semonis_alline,"Lisa's got the shakes that'll make you quake (22 Photos)

https://t.co/KcjppXgHkt",,Tue Aug 14 03:52:09 +0000 2018
latestly,"#Earthquake in #China: Magnitude-5 Quake Shakes #Yunnan Province, 18 Injured, 6000 Homes Damaged https://t.co/bBfmdsZUp3",,Tue Aug 14 03:49:45 +0000 2018
paviyani,RT @khaleejtimes: #Afghanistan #earthquake: The quake hit at 0707 GMT near Afghanistan's northern border with #Tajikistan in the #Hindukush‚Ä¶,"#Afghanistan #earthquake: The quake hit at 0707 GMT near Afghanistan's northern border with #Tajikistan in the #Hindukush mountains, US Geological Survey said - https://t.co/WGnr9WMjJJ https://t.co/9532ustr2M",Tue Aug 14 03:01:39 +0000 2018
Ellieujn,5.6 magnitude quake shakes Guatemala; no damage reported GUATEMALA CITY (Reuters) - A 5.6 magnitude earth https://t.co/DhiYn2CgdQ @ellieujn,,Tue Aug 14 02:10:38 +0000 2018
HeyOhForYayo,@awonderland I got the shakes that'll make you quake. I got the fries that'll cross your eyes. I got that burgers that'll... I just got burgers.,,Tue Aug 14 00:54:55 +0000 2018
AlexPekasky,"RT @LarsHanson: The secret to success for the #UWHuskies DB's? 

As cheeseburger Eddie (aka @terrycrews) said to Paul Crewe on the court ‚Äî‚Ä¶","The secret to success for the #UWHuskies DB's? 

As cheeseburger Eddie (aka @terrycrews) said to Paul Crewe on the court ‚Äî another familiar territory for many UW DB's: ""I got the shakes that'll make you quake"" feat. Sr CB Jordan Miller (No. 23). https://t.co/n4U5icWDHc",Mon Aug 13 23:51:38 +0000 2018
UWDawgReport,"RT @LarsHanson: The secret to success for the #UWHuskies DB's? 

As cheeseburger Eddie (aka @terrycrews) said to Paul Crewe on the court ‚Äî‚Ä¶","The secret to success for the #UWHuskies DB's? 

As cheeseburger Eddie (aka @terrycrews) said to Paul Crewe on the court ‚Äî another familiar territory for many UW DB's: ""I got the shakes that'll make you quake"" feat. Sr CB Jordan Miller (No. 23). https://t.co/n4U5icWDHc",Mon Aug 13 22:01:56 +0000 2018
LarsHanson,"The secret to success for the #UWHuskies DB's? 

As cheeseburger Eddie (aka @terrycrews) said to Paul Crewe on the court ‚Äî another familiar territory for many UW DB's: ""I got the shakes that'll make you quake"" feat. Sr CB Jordan Miller (No. 23). https://t.co/n4U5icWDHc",,Mon Aug 13 21:56:11 +0000 2018
Animesh_at_work,"RT @GupshupThikana: Shake the #Moctails just like the taste of#Chocolate_Sandwich quake #you..

#chocolatesandwich #mocktails #shakes#bever‚Ä¶","Shake the #Moctails just like the taste of#Chocolate_Sandwich quake #you..

#chocolatesandwich #mocktails #shakes#beverages #gupsupthikana #snackscoffeeshop#fastfoodinjaipur https://t.co/8rh0eoMNVz",Mon Aug 13 08:36:38 +0000 2018
nonnax,"RT @PhilippineStar: Magnitude 4.6 quake shakes Lubang, Occidental Mindoro at 9:37 AM, according to Phivolcs. https://t.co/h8HsLDhJfR","Magnitude 4.6 quake shakes Lubang, Occidental Mindoro at 9:37 AM, according to Phivolcs. https://t.co/h8HsLDhJfR",Mon Aug 13 06:06:16 +0000 2018
rosefamis,"RT @PhilippineStar: Magnitude 4.6 quake shakes Lubang, Occidental Mindoro at 9:37 AM, according to Phivolcs. https://t.co/h8HsLDhJfR","Magnitude 4.6 quake shakes Lubang, Occidental Mindoro at 9:37 AM, according to Phivolcs. https://t.co/h8HsLDhJfR",Mon Aug 13 05:06:21 +0000 2018
snakeheartlion,"RT @PhilippineStar: Magnitude 4.6 quake shakes Lubang, Occidental Mindoro at 9:37 AM, according to Phivolcs. https://t.co/h8HsLDhJfR","Magnitude 4.6 quake shakes Lubang, Occidental Mindoro at 9:37 AM, according to Phivolcs. https://t.co/h8HsLDhJfR",Mon Aug 13 03:06:18 +0000 2018
spatialdiplomat,"RT @PhilippineStar: Magnitude 4.6 quake shakes Lubang, Occidental Mindoro at 9:37 AM, according to Phivolcs. https://t.co/h8HsLDhJfR","Magnitude 4.6 quake shakes Lubang, Occidental Mindoro at 9:37 AM, according to Phivolcs. https://t.co/h8HsLDhJfR",Mon Aug 13 03:00:03 +0000 2018
THQuake,"RT @PhilippineStar: Magnitude 4.6 quake shakes Lubang, Occidental Mindoro at 9:37 AM, according to Phivolcs. https://t.co/h8HsLDhJfR","Magnitude 4.6 quake shakes Lubang, Occidental Mindoro at 9:37 AM, according to Phivolcs. https://t.co/h8HsLDhJfR",Mon Aug 13 02:56:17 +0000 2018
DaRealsanity,"RT @PhilippineStar: Magnitude 4.6 quake shakes Lubang, Occidental Mindoro at 9:37 AM, according to Phivolcs. https://t.co/h8HsLDhJfR","Magnitude 4.6 quake shakes Lubang, Occidental Mindoro at 9:37 AM, according to Phivolcs. https://t.co/h8HsLDhJfR",Mon Aug 13 02:55:50 +0000 2018
PhilippineStar,"Magnitude 4.6 quake shakes Lubang, Occidental Mindoro at 9:37 AM, according to Phivolcs. https://t.co/h8HsLDhJfR",,Mon Aug 13 02:55:18 +0000 2018
HiramSalinn,hand shakes shakes i quake the vape tornado cloud  snakes,,Sun Aug 12 21:09:57 +0000 2018
caroltaylr,"üçà Lisa's got the shakes that'll make you quake (22 Photos)

https://t.co/PV8SEPHch1",,Sun Aug 12 18:36:03 +0000 2018
cornelia_m3610,"RT @ABC: Indonesian children learn earthquake safety after several recent earthquakes, including a massive quake that more than 300 dead. h‚Ä¶","Indonesian children learn earthquake safety after several recent earthquakes, including a massive quake that more than 300 dead. https://t.co/lvWTvkfm4t https://t.co/56TKdFfnWy",Sun Aug 12 12:23:00 +0000 2018
HNormanleen,"RT @ABC: Indonesian children learn earthquake safety after several recent earthquakes, including a massive quake that more than 300 dead. h‚Ä¶","Indonesian children learn earthquake safety after several recent earthquakes, including a massive quake that more than 300 dead. https://t.co/lvWTvkfm4t https://t.co/56TKdFfnWy",Sun Aug 12 09:45:08 +0000 2018
torrie_zoumis,"üëø Lisa's got the shakes that'll make you quake (22 Photos) üíõ

https://t.co/wpEZqwXSpy",,Sat Aug 11 18:47:13 +0000 2018
Real_Infinity95,"RT @ABC: Indonesian children learn earthquake safety after several recent earthquakes, including a massive quake that more than 300 dead. h‚Ä¶","Indonesian children learn earthquake safety after several recent earthquakes, including a massive quake that more than 300 dead. https://t.co/lvWTvkfm4t https://t.co/56TKdFfnWy",Sat Aug 11 16:40:02 +0000 2018
alicelothbrok,"Lisa's got the shakes that'll make you quake (22 Photos)

https://t.co/ywKCv4CBmg",,Sat Aug 11 16:05:04 +0000 2018
yvonne_hyatt,"RT @ABC: Indonesian children learn earthquake safety after several recent earthquakes, including a massive quake that more than 300 dead. h‚Ä¶","Indonesian children learn earthquake safety after several recent earthquakes, including a massive quake that more than 300 dead. https://t.co/lvWTvkfm4t https://t.co/56TKdFfnWy",Sat Aug 11 10:05:28 +0000 2018
myrl_lindstedt,"Lisa's got the shakes that'll make you quake (22 Photos) üòπ

https://t.co/69B90Guo47",,Sat Aug 11 03:32:16 +0000 2018
rocket_rosie,"RT @ABC: Indonesian children learn earthquake safety after several recent earthquakes, including a massive quake that more than 300 dead. h‚Ä¶","Indonesian children learn earthquake safety after several recent earthquakes, including a massive quake that more than 300 dead. https://t.co/lvWTvkfm4t https://t.co/56TKdFfnWy",Sat Aug 11 02:39:58 +0000 2018
schoeppnerliane,"Lisa's got the shakes that'll make you quake (22 Photos)

https://t.co/qIX7bTFP7q",,Sat Aug 11 02:05:11 +0000 2018
fairoz252525,"RT @ABC: Indonesian children learn earthquake safety after several recent earthquakes, including a massive quake that more than 300 dead. h‚Ä¶","Indonesian children learn earthquake safety after several recent earthquakes, including a massive quake that more than 300 dead. https://t.co/lvWTvkfm4t https://t.co/56TKdFfnWy",Sat Aug 11 01:36:18 +0000 2018
BernarttM,"RT @ABC: Indonesian children learn earthquake safety after several recent earthquakes, including a massive quake that more than 300 dead. h‚Ä¶","Indonesian children learn earthquake safety after several recent earthquakes, including a massive quake that more than 300 dead. https://t.co/lvWTvkfm4t https://t.co/56TKdFfnWy",Sat Aug 11 00:44:01 +0000 2018
GwenRasheed,"Lisa's got the shakes that'll make you quake (22 Photos)

https://t.co/0wfriyY4hy",,Sat Aug 11 00:20:05 +0000 2018
___taty996,"RT @ABC: Indonesian children learn earthquake safety after several recent earthquakes, including a massive quake that more than 300 dead. h‚Ä¶","Indonesian children learn earthquake safety after several recent earthquakes, including a massive quake that more than 300 dead. https://t.co/lvWTvkfm4t https://t.co/56TKdFfnWy",Sat Aug 11 00:07:53 +0000 2018
janellvictoriaa,Banana Quake Shakes from the Ghirardelli factory are life,,Fri Aug 10 23:30:49 +0000 2018
MimindiyeMuli,"RT @ABC: Indonesian children learn earthquake safety after several recent earthquakes, including a massive quake that more than 300 dead. h‚Ä¶","Indonesian children learn earthquake safety after several recent earthquakes, including a massive quake that more than 300 dead. https://t.co/lvWTvkfm4t https://t.co/56TKdFfnWy",Fri Aug 10 22:46:57 +0000 2018
feerzylant,"RT @ABC: Indonesian children learn earthquake safety after several recent earthquakes, including a massive quake that more than 300 dead. h‚Ä¶","Indonesian children learn earthquake safety after several recent earthquakes, including a massive quake that more than 300 dead. https://t.co/lvWTvkfm4t https://t.co/56TKdFfnWy",Fri Aug 10 22:35:40 +0000 2018
TenevaNina,"RT @ABC: Indonesian children learn earthquake safety after several recent earthquakes, including a massive quake that more than 300 dead. h‚Ä¶","Indonesian children learn earthquake safety after several recent earthquakes, including a massive quake that more than 300 dead. https://t.co/lvWTvkfm4t https://t.co/56TKdFfnWy",Fri Aug 10 22:31:04 +0000 2018
jcmarbury,"RT @ABC: Indonesian children learn earthquake safety after several recent earthquakes, including a massive quake that more than 300 dead. h‚Ä¶","Indonesian children learn earthquake safety after several recent earthquakes, including a massive quake that more than 300 dead. https://t.co/lvWTvkfm4t https://t.co/56TKdFfnWy",Fri Aug 10 22:24:13 +0000 2018
BillQuarks,"RT @ABC: Indonesian children learn earthquake safety after several recent earthquakes, including a massive quake that more than 300 dead. h‚Ä¶","Indonesian children learn earthquake safety after several recent earthquakes, including a massive quake that more than 300 dead. https://t.co/lvWTvkfm4t https://t.co/56TKdFfnWy",Fri Aug 10 22:13:27 +0000 2018
ifawani,"RT @ABC: Indonesian children learn earthquake safety after several recent earthquakes, including a massive quake that more than 300 dead. h‚Ä¶","Indonesian children learn earthquake safety after several recent earthquakes, including a massive quake that more than 300 dead. https://t.co/lvWTvkfm4t https://t.co/56TKdFfnWy",Fri Aug 10 22:10:13 +0000 2018
AlbertoAguayo19,"RT @ABC: Indonesian children learn earthquake safety after several recent earthquakes, including a massive quake that more than 300 dead. h‚Ä¶","Indonesian children learn earthquake safety after several recent earthquakes, including a massive quake that more than 300 dead. https://t.co/lvWTvkfm4t https://t.co/56TKdFfnWy",Fri Aug 10 22:01:44 +0000 2018
Oldlady12345,"RT @ABC: Indonesian children learn earthquake safety after several recent earthquakes, including a massive quake that more than 300 dead. h‚Ä¶","Indonesian children learn earthquake safety after several recent earthquakes, including a massive quake that more than 300 dead. https://t.co/lvWTvkfm4t https://t.co/56TKdFfnWy",Fri Aug 10 22:00:45 +0000 2018
dianesbaker1,"RT @ABC: Indonesian children learn earthquake safety after several recent earthquakes, including a massive quake that more than 300 dead. h‚Ä¶","Indonesian children learn earthquake safety after several recent earthquakes, including a massive quake that more than 300 dead. https://t.co/lvWTvkfm4t https://t.co/56TKdFfnWy",Fri Aug 10 21:59:18 +0000 2018
PEPILLOMEX,"RT @ABC: Indonesian children learn earthquake safety after several recent earthquakes, including a massive quake that more than 300 dead. h‚Ä¶","Indonesian children learn earthquake safety after several recent earthquakes, including a massive quake that more than 300 dead. https://t.co/lvWTvkfm4t https://t.co/56TKdFfnWy",Fri Aug 10 21:58:24 +0000 2018
AndreaS32753064,"RT @ABC: Indonesian children learn earthquake safety after several recent earthquakes, including a massive quake that more than 300 dead. h‚Ä¶","Indonesian children learn earthquake safety after several recent earthquakes, including a massive quake that more than 300 dead. https://t.co/lvWTvkfm4t https://t.co/56TKdFfnWy",Fri Aug 10 21:58:23 +0000 2018
Bryman7076,"RT @ABC: Indonesian children learn earthquake safety after several recent earthquakes, including a massive quake that more than 300 dead. h‚Ä¶","Indonesian children learn earthquake safety after several recent earthquakes, including a massive quake that more than 300 dead. https://t.co/lvWTvkfm4t https://t.co/56TKdFfnWy",Fri Aug 10 21:53:13 +0000 2018
luvmy4durans,"RT @ABC: Indonesian children learn earthquake safety after several recent earthquakes, including a massive quake that more than 300 dead. h‚Ä¶","Indonesian children learn earthquake safety after several recent earthquakes, including a massive quake that more than 300 dead. https://t.co/lvWTvkfm4t https://t.co/56TKdFfnWy",Fri Aug 10 21:51:01 +0000 2018
ABC,"Indonesian children learn earthquake safety after several recent earthquakes, including a massive quake that more than 300 dead. https://t.co/lvWTvkfm4t https://t.co/56TKdFfnWy",,Fri Aug 10 21:50:53 +0000 2018
remmy_ebooks,"the earth shakes, the heavens quake, and demons rise from the course is super traditional &amp; sexist tho",,Fri Aug 10 21:05:48 +0000 2018
BoiEvan,I‚Äôve got the shakes that‚Äôll make you quake.,,Fri Aug 10 19:10:21 +0000 2018
hotdutchapple,"Get through today
And know that you are secure
Get a grasp on the fact
That this is what you're here for

You can quake at the thought of it
Shakes you up quite a bit
And all you do is think
And thinking gets you nowhere",,Fri Aug 10 17:23:58 +0000 2018
mcc_nfreak,@Shakes_TV LOL I can imagine. I tried getting into Quake Live back when that launched and h o l y f u c k,,Fri Aug 10 16:26:25 +0000 2018
Shakes_TV,@mcc_nfreak It's fun but can be SUPER oppressive with the 20 year Quake vets running the show,,Fri Aug 10 16:25:18 +0000 2018
whitedragondigi,A 6.2 magnitude aftershock sent thousands of residents of the Indonesian island of Lombok running into the streets and toppled buildings already weakened by... https://t.co/rSFqIos9pQ,,Fri Aug 10 10:03:33 +0000 2018
HAWAIInowApp,https://t.co/uRKzWpcdA1 - Quake shakes Big Island #HInow https://t.co/UOcmgRFp5P,,Fri Aug 10 07:53:10 +0000 2018
monkeyzie,"RT @WSJ: The 6.2-magnitude quake hit the northwest coast of Indonesia, where Sunday‚Äôs 7.0-magnitude temblor had damaged tens of thousands o‚Ä¶","The 6.2-magnitude quake hit the northwest coast of Indonesia, where Sunday‚Äôs 7.0-magnitude temblor had damaged tens of thousands of homes
https://t.co/9aVniqOZRv",Fri Aug 10 07:01:32 +0000 2018
Claudiaolmedo97,"üëÖ Lisa's got the shakes that'll make you quake (22 Photos) üçè

https://t.co/imX8ASdNt8",,Fri Aug 10 05:22:05 +0000 2018
Asianbiznett,Powerful Aftershock Shakes Survivors of Indonesia Quake https://t.co/xIQkdPEVIM #Asia #Business,,Fri Aug 10 04:47:28 +0000 2018
FinanzLinksAsia,‚ñ∂ Powerful Aftershock Shakes Survivors of Indonesia Quake: A 6.2 magnitude aftershock sent thousands of residents of the Indonesian island of Lombok running into the streets and toppled buildings already weakened by Sunday‚Äôs magnitude 7.0 quake. https://t.co/G2uLOJM9oU WSJ,,Fri Aug 10 04:33:04 +0000 2018
NewsBossIndia,Powerful Aftershock Shakes Survivors of Indonesia Quake.. https://t.co/NkAyPRT10B,,Fri Aug 10 02:19:12 +0000 2018
ElDaveoh,@checked255 @natative @Alkazah9 Hope a earth quake shakes ur house down ya gronk,,Fri Aug 10 02:01:11 +0000 2018
akushahz,"‚ÄúPeople were running everywhere, screaming.‚Äù Indonesia aftershock topples buildings weakened by Sunday‚Äôs earthquake as death toll rises above 200 https://t.co/s1l59YKFkg via @WSJ",,Fri Aug 10 01:15:23 +0000 2018
SunStarBacolod,"The Indonesian island of Lombok was shaken by a third big earthquake in little more than a week Thursday, August 9, as an official said the death toll from an... https://t.co/slThpohPWW",,Fri Aug 10 00:30:04 +0000 2018
bcnn1,"#DAILYLINE: Global Leadership Summit #GLS18 begins after mass exodus of #WillowCreek leadership;

@BishopBronner threatens God's judgment on critics of his meeting with Trump;

Death toll rises to 300 as 3rd big quake shakes #Lombok;

and more... https://t.co/uu8zUxnbNP",,Thu Aug 09 23:51:06 +0000 2018
eliasorr2,"Lisa's got the shakes that'll make you quake (22 Photos) üòä

https://t.co/m39iu14qIM",,Thu Aug 09 23:16:07 +0000 2018
SofieJV,"RT @YahooPH: Third strong earthquake shakes Lombok as death toll tops 300
https://t.co/EIxgyPYXUH","Third strong earthquake shakes Lombok as death toll tops 300
https://t.co/EIxgyPYXUH",Thu Aug 09 22:11:13 +0000 2018
YahooPH,"Third strong earthquake shakes Lombok as death toll tops 300
https://t.co/EIxgyPYXUH",,Thu Aug 09 21:30:01 +0000 2018
MyZAcoza,The Latest: Aftershock shakes quake-hit Indonesian¬†island https://t.co/vhXX386SGC,,Thu Aug 09 20:15:42 +0000 2018
AlohaEvery1,RT @HITribuneHerald: Quake shakes Big Island https://t.co/9CjjVpmByL,Quake shakes Big Island https://t.co/9CjjVpmByL,Thu Aug 09 19:38:41 +0000 2018
HITribuneHerald,Quake shakes Big Island https://t.co/9CjjVpmByL,,Thu Aug 09 19:28:51 +0000 2018
iamsteadyrock,RT @fantomfreq: @iamsteadyrock I got the shakes that‚Äôll make you quake. I got the burgers that‚Äôll... well i just got burgers,@iamsteadyrock I got the shakes that‚Äôll make you quake. I got the burgers that‚Äôll... well i just got burgers,Thu Aug 09 19:22:00 +0000 2018
HAWAIInowApp,https://t.co/PYdOZPFz86 - Quake shakes Big Island #HInow https://t.co/1RCA5Kh0WC,,Thu Aug 09 19:18:29 +0000 2018
aklen,RT @SCMPNews: Panic in the streets as third strong quake shakes Lombok https://t.co/JITPDHnRyM,Panic in the streets as third strong quake shakes Lombok https://t.co/JITPDHnRyM,Thu Aug 09 19:11:53 +0000 2018
SCMPNews,Panic in the streets as third strong quake shakes Lombok https://t.co/JITPDHnRyM,,Thu Aug 09 19:10:07 +0000 2018
awriterfree,New post: Powerful Aftershock Shakes Survivors of Indonesia Quake https://t.co/1CrhMs0wy9,,Thu Aug 09 19:07:50 +0000 2018
wwmtnews,"The Indonesian island of Lombok was shaken by a third big earthquake in little more than a week Thursday as the official death toll from an earlier quake topped 300.
https://t.co/jca6QBWP51",,Thu Aug 09 18:17:00 +0000 2018
thailandtrick,Third strong quake shakes Lombok as death toll tops 300 https://t.co/D1qSDaELWW,,Thu Aug 09 17:35:05 +0000 2018
LumpyAsia,Panic as third strong quake shakes Lombok and death toll hits 319 https://t.co/yCsHzqlJFV via @SCMPNews https://t.co/Ava8IRjqWN,,Thu Aug 09 17:04:03 +0000 2018
sharonschauffle,RT @KTVL: The Indonesian island of Lombok was shaken by a third big earthquake in little more than a week Thursday as the official death to‚Ä¶,"The Indonesian island of Lombok was shaken by a third big earthquake in little more than a week Thursday as the official death toll from an earlier quake topped 300.
https://t.co/dPtikkKO9T",Thu Aug 09 16:39:17 +0000 2018
KTVL,"The Indonesian island of Lombok was shaken by a third big earthquake in little more than a week Thursday as the official death toll from an earlier quake topped 300.
https://t.co/dPtikkKO9T",,Thu Aug 09 16:30:01 +0000 2018
EtherealCetra,"RT @UnholyMandylion: ¬ª A stellar quake shakes the astral plane; the darkness around me, dense as blackened matter ‚Äî
              &amp; here I‚Ä¶","¬ª A stellar quake shakes the astral plane; the darkness around me, dense as blackened matter ‚Äî
              &amp; here I dwell, trapp'd in the
universe I once wished to shatter... ¬´",Thu Aug 09 16:26:04 +0000 2018
UnholyMandylion,"¬ª A stellar quake shakes the astral plane; the darkness around me, dense as blackened matter ‚Äî
              &amp; here I dwell, trapp'd in the
universe I once wished to shatter... ¬´",,Thu Aug 09 16:23:10 +0000 2018
fantomfreq,@iamsteadyrock I got the shakes that‚Äôll make you quake. I got the burgers that‚Äôll... well i just got burgers,,Thu Aug 09 15:54:53 +0000 2018
KTSF26,More quake shakes Indonesia as death toll tops 300 https://t.co/icudc7Eo1N,,Thu Aug 09 15:54:52 +0000 2018
AnitaS64,"RT @WSJ: The 6.2-magnitude quake hit the northwest coast of Indonesia, where Sunday‚Äôs 7.0-magnitude temblor had damaged tens of thousands o‚Ä¶","The 6.2-magnitude quake hit the northwest coast of Indonesia, where Sunday‚Äôs 7.0-magnitude temblor had damaged tens of thousands of homes
https://t.co/9aVniqOZRv",Thu Aug 09 15:46:11 +0000 2018
Tasha64527254,"RT @WSJ: The 6.2-magnitude quake hit the northwest coast of Indonesia, where Sunday‚Äôs 7.0-magnitude temblor had damaged tens of thousands o‚Ä¶","The 6.2-magnitude quake hit the northwest coast of Indonesia, where Sunday‚Äôs 7.0-magnitude temblor had damaged tens of thousands of homes
https://t.co/9aVniqOZRv",Thu Aug 09 15:13:29 +0000 2018
diverstynews,Third strong earthquake shakes Indonesia in less than a week as death toll tops 300 https://t.co/IzoSg5Iucx https://t.co/36vuy5d8s8,,Thu Aug 09 14:34:09 +0000 2018
HarlanPeterson1,"Panic as third strong quake shakes Lombok and death toll hits 319
https://t.co/gAkUefWEL7",,Thu Aug 09 14:31:28 +0000 2018
norma_efi,RT @trueblackpower: Third strong earthquake shakes Lombok as death toll tops 220 https://t.co/ufdl9ZOIpx,Third strong earthquake shakes Lombok as death toll tops 220 https://t.co/ufdl9ZOIpx,Thu Aug 09 13:58:31 +0000 2018
ArdentFangirl,RT @PhilippineStar: The Indonesian island of Lombok was shaken by a third big earthquake in little more than a week as an official said the‚Ä¶,The Indonesian island of Lombok was shaken by a third big earthquake in little more than a week as an official said the death toll from an earlier quake had topped 220. https://t.co/rrf4J6fsZT https://t.co/DImcRakQAg,Thu Aug 09 13:52:59 +0000 2018
mehnar,"RT @EnglishFars: Another Strong Quake Shakes Indonesia's Lombok as Death Toll from Earlier Earthquake Jumps to 347
https://t.co/cYUPabGvRJ‚Ä¶","Another Strong Quake Shakes Indonesia's Lombok as Death Toll from Earlier Earthquake Jumps to 347
https://t.co/cYUPabGvRJ https://t.co/Ev5OiyCnPb",Thu Aug 09 13:46:40 +0000 2018
EnglishFars,"Another Strong Quake Shakes Indonesia's Lombok as Death Toll from Earlier Earthquake Jumps to 347
https://t.co/cYUPabGvRJ https://t.co/Ev5OiyCnPb",,Thu Aug 09 13:46:14 +0000 2018
TrojanNinja85,RT @trueblackpower: Third strong earthquake shakes Lombok as death toll tops 220 https://t.co/ufdl9ZOIpx,Third strong earthquake shakes Lombok as death toll tops 220 https://t.co/ufdl9ZOIpx,Thu Aug 09 13:45:46 +0000 2018
trueblackpower,Third strong earthquake shakes Lombok as death toll tops 220 https://t.co/ufdl9ZOIpx,,Thu Aug 09 13:37:51 +0000 2018
Khun_Kurt,RT @BangkokPostNews: Third strong quake shakes Lombok as death toll tops 300 https://t.co/SgrYMMKNp1,Third strong quake shakes Lombok as death toll tops 300 https://t.co/SgrYMMKNp1,Thu Aug 09 13:36:42 +0000 2018
PhilippineStar,The Indonesian island of Lombok was shaken by a third big earthquake in little more than a week as an official said the death toll from an earlier quake had topped 220. https://t.co/rrf4J6fsZT https://t.co/DImcRakQAg,,Thu Aug 09 13:30:01 +0000 2018
LisaTheRiveter,RT @business: LATEST: Indonesia's top security minister says the death toll from last Sunday's earthquake has climbed to 319 https://t.co/L‚Ä¶,LATEST: Indonesia's top security minister says the death toll from last Sunday's earthquake has climbed to 319 https://t.co/LV74Nsho93 https://t.co/K7npDpF7RV,Thu Aug 09 13:20:17 +0000 2018
worthynews,Aftershock shakes quake-hit Indonesian island https://t.co/9JQSAzGS8s #Earthquake #Indonesia #News #Tsunami #WorthyNews https://t.co/C4ZTasHURG,,Thu Aug 09 13:08:06 +0000 2018
mikeymikedoha,RT @business: LATEST: Indonesia's top security minister says the death toll from last Sunday's earthquake has climbed to 319 https://t.co/L‚Ä¶,LATEST: Indonesia's top security minister says the death toll from last Sunday's earthquake has climbed to 319 https://t.co/LV74Nsho93 https://t.co/K7npDpF7RV,Thu Aug 09 12:46:11 +0000 2018
WandaRufin,"Strong Quake Shakes Indonesia's Lombok, Buildings Reportedly Collapse: https://t.co/j4hTyYVkQE via @SputnikInt",,Thu Aug 09 12:27:51 +0000 2018
JoshuaNoonan,Powerful Aftershock Shakes Survivors of Indonesia Quake https://t.co/jCu52OrQKY,,Thu Aug 09 12:18:33 +0000 2018
GupshupThikana,"Shake the #Moctails just like the taste of#Chocolate_Sandwich quake #you..

#chocolatesandwich #mocktails #shakes#beverages #gupsupthikana #snackscoffeeshop#fastfoodinjaipur https://t.co/8rh0eoMNVz",,Thu Aug 09 12:17:32 +0000 2018
kolr10kozl,The Latest: Indonesia minister says quake deaths pass 300 https://t.co/AMqWB3RzlQ https://t.co/EkZJ7lq6UU,,Thu Aug 09 12:07:07 +0000 2018
fjavierd,RT @business: LATEST: Indonesia's top security minister says the death toll from last Sunday's earthquake has climbed to 319 https://t.co/L‚Ä¶,LATEST: Indonesia's top security minister says the death toll from last Sunday's earthquake has climbed to 319 https://t.co/LV74Nsho93 https://t.co/K7npDpF7RV,Thu Aug 09 12:04:14 +0000 2018
michaelallenmar,Panic as third strong quake shakes Lombok and death toll hits 319 https://t.co/dLcos27FW7 via @SCMPNews,,Thu Aug 09 12:02:08 +0000 2018
JeanPaul0851,"‚ÄúPeople were running everywhere, screaming.‚Äù Indonesia aftershock topples buildings weakened by Sunday‚Äôs earthquake as death toll rises past 200 https://t.co/eVrUVn1umd via @WSJ",,Thu Aug 09 11:35:32 +0000 2018
wagardner,"‚ÄúPeople were running everywhere, screaming.‚Äù Indonesia aftershock topples buildings weakened by Sunday‚Äôs earthquake as death toll rises past 200 https://t.co/UIBoMXAWp4 via @WSJ",,Thu Aug 09 11:31:47 +0000 2018
Scumezza,UPDATE: Death toll tops 300 as third strong quake shakes #Indonesian island via @News24 https://t.co/dDjRs9trkg,,Thu Aug 09 11:26:26 +0000 2018
IrmaHurst15,The Latest: Aftershock shakes quake-hit Indonesian island https://t.co/sHUR6eGOHz https://t.co/oL1W5hCshQ,,Thu Aug 09 11:24:48 +0000 2018
Pip8AtF4r3c70ux,Third strong earthquake shakes Lombok as death toll tops 300 https://t.co/uzgy2zfgrb,,Thu Aug 09 11:22:12 +0000 2018
zSy9g17QaPc0QsL,Third strong earthquake shakes Lombok as death toll tops 300 https://t.co/X55JppVn7a,,Thu Aug 09 11:22:11 +0000 2018
sIP7W3wdioF1WP9,Third strong earthquake shakes Lombok as death toll tops 300 https://t.co/l65MWXshvU,,Thu Aug 09 11:20:13 +0000 2018
andreajones965v,Third strong earthquake shakes Lombok as death toll tops 300 https://t.co/dbMaHLAja9,,Thu Aug 09 11:19:33 +0000 2018
IvesNicoline,Third strong earthquake shakes Lombok as death toll tops 300 https://t.co/3RUj0uv4iz,,Thu Aug 09 11:19:15 +0000 2018
4HWfsvGFhDAJbhH,Third strong earthquake shakes Lombok as death toll tops 300 https://t.co/UFghrc7TyA,,Thu Aug 09 11:19:11 +0000 2018
AdenaBerkeley,Third strong earthquake shakes Lombok as death toll tops 300 https://t.co/5rdsnUu03g,,Thu Aug 09 11:19:08 +0000 2018
thealeonardo1,Third strong earthquake shakes Lombok as death toll tops 300 https://t.co/c8jDEa6sdE,,Thu Aug 09 11:19:07 +0000 2018
Vanessa89343809,Third strong earthquake shakes Lombok as death toll tops 300 https://t.co/IRnzI8OUkU,,Thu Aug 09 11:18:37 +0000 2018
cl3FNd57ERre2bt,Third strong earthquake shakes Lombok as death toll tops 300 https://t.co/Fd2a6Rm2ZZ,,Thu Aug 09 11:18:29 +0000 2018
Ori1QbybIkKR2v3,Third strong earthquake shakes Lombok as death toll tops 300 https://t.co/0mcD3FZ9ds,,Thu Aug 09 11:18:14 +0000 2018
jamescecilia591,Third strong earthquake shakes Lombok as death toll tops 300 https://t.co/lOoMoKWt0g,,Thu Aug 09 11:18:12 +0000 2018
MeganRu22675029,Third strong earthquake shakes Lombok as death toll tops 300 https://t.co/wOYcEZeNtD,,Thu Aug 09 11:18:09 +0000 2018
johnsoncathy921,Third strong earthquake shakes Lombok as death toll tops 300 https://t.co/jUneXNNLzK,,Thu Aug 09 11:18:07 +0000 2018
BGx2vXt8xpeGHQ5,Third strong earthquake shakes Lombok as death toll tops 300 https://t.co/zmXGW1QgM7,,Thu Aug 09 11:18:07 +0000 2018
RdYMxyVNVGhIDzX,Third strong earthquake shakes Lombok as death toll tops 300 https://t.co/6kmpF9IVHH,,Thu Aug 09 11:18:05 +0000 2018
rosemackenzie82,Third strong earthquake shakes Lombok as death toll tops 300 https://t.co/P4ModKnIke,,Thu Aug 09 11:18:05 +0000 2018
pLTHjIdJE1X9l3v,Third strong earthquake shakes Lombok as death toll tops 300 https://t.co/6Rln45PGar,,Thu Aug 09 11:18:04 +0000 2018
mHCVf97SQxuRKJN,Third strong earthquake shakes Lombok as death toll tops 300 https://t.co/vyPQyaGKJn,,Thu Aug 09 11:17:50 +0000 2018
SGukMgPAzwwdO1T,Third strong earthquake shakes Lombok as death toll tops 300 https://t.co/JdCeMqM8yP,,Thu Aug 09 11:17:27 +0000 2018
racheljoneszs41,Third strong earthquake shakes Lombok as death toll tops 300 https://t.co/9NCaYyHmdG,,Thu Aug 09 11:17:21 +0000 2018
umangbagans,"RT @WSJ: The 6.2-magnitude quake hit the northwest coast of Indonesia, where Sunday‚Äôs 7.0-magnitude temblor had damaged tens of thousands o‚Ä¶","The 6.2-magnitude quake hit the northwest coast of Indonesia, where Sunday‚Äôs 7.0-magnitude temblor had damaged tens of thousands of homes
https://t.co/9aVniqOZRv",Thu Aug 09 11:17:20 +0000 2018
yvonnecameron41,Third strong earthquake shakes Lombok as death toll tops 300 https://t.co/d9AFt1zREM,,Thu Aug 09 11:17:19 +0000 2018
Melanie69282385,Third strong earthquake shakes Lombok as death toll tops 300 https://t.co/18h273XPoM,,Thu Aug 09 11:17:11 +0000 2018
Irisundergrace,RT @WashTimes: Third strong earthquake shakes Lombok as death toll tops 300 https://t.co/r8jujJI34S,Third strong earthquake shakes Lombok as death toll tops 300 https://t.co/r8jujJI34S,Thu Aug 09 11:16:43 +0000 2018
vitaminfeminin,RT @V6uaHSZFPnVvJdL: Third strong earthquake shakes Lombok as death toll tops 300 https://t.co/r8JcAuE9Hc,Third strong earthquake shakes Lombok as death toll tops 300 https://t.co/r8JcAuE9Hc,Thu Aug 09 11:16:40 +0000 2018
lJrTBl7nC7dLtx8,Third strong earthquake shakes Lombok as death toll tops 300 https://t.co/Qc3LpeSxia,,Thu Aug 09 11:16:39 +0000 2018
elvera_willi,Third strong earthquake shakes Lombok as death toll tops 300 https://t.co/iKg0p17SLd,,Thu Aug 09 11:16:38 +0000 2018
nashwendy779c,Third strong earthquake shakes Lombok as death toll tops 300 https://t.co/CDbroAPL7g,,Thu Aug 09 11:16:34 +0000 2018
dianawelch996k,Third strong earthquake shakes Lombok as death toll tops 300 https://t.co/XZEHO8S5Mm,,Thu Aug 09 11:16:29 +0000 2018
kimbertha918d,Third strong earthquake shakes Lombok as death toll tops 300 https://t.co/9rdnJDElEi,,Thu Aug 09 11:16:24 +0000 2018
kBUCM0ogCAZxqgd,Third strong earthquake shakes Lombok as death toll tops 300 https://t.co/ThECeDUB4L,,Thu Aug 09 11:16:19 +0000 2018
V6uaHSZFPnVvJdL,Third strong earthquake shakes Lombok as death toll tops 300 https://t.co/r8JcAuE9Hc,,Thu Aug 09 11:16:17 +0000 2018
christo05496504,Third strong earthquake shakes Lombok as death toll tops 300 https://t.co/mIHoLwcUFX,,Thu Aug 09 11:16:13 +0000 2018
xGSyqVATJ15d63l,Third strong earthquake shakes Lombok as death toll tops 300 https://t.co/Blqm3baUzE,,Thu Aug 09 11:16:11 +0000 2018
stewartpayne361,Third strong earthquake shakes Lombok as death toll tops 300 https://t.co/88p8jq2Kmk,,Thu Aug 09 11:16:06 +0000 2018
wandalawrence26,Third strong earthquake shakes Lombok as death toll tops 300 https://t.co/9UZfybiSlW,,Thu Aug 09 11:15:43 +0000 2018
fionataylor369y,Third strong earthquake shakes Lombok as death toll tops 300 https://t.co/QmXm3cHeDR,,Thu Aug 09 11:15:34 +0000 2018
vFwnk2sL3LSrINk,Third strong earthquake shakes Lombok as death toll tops 300 https://t.co/kTXYgB5b7J,,Thu Aug 09 11:15:34 +0000 2018
HinesViola1,Third strong earthquake shakes Lombok as death toll tops 300 https://t.co/HW2gtyH6Gk,,Thu Aug 09 11:15:33 +0000 2018
suttonrose798h,Third strong earthquake shakes Lombok as death toll tops 300 https://t.co/crzl8liUuC,,Thu Aug 09 11:15:33 +0000 2018
e7o3ahWA9KllxI6,Third strong earthquake shakes Lombok as death toll tops 300 https://t.co/Hcc8cXyfDX,,Thu Aug 09 11:15:31 +0000 2018
TraceyG84160079,Third strong earthquake shakes Lombok as death toll tops 300 https://t.co/p8uixQ8AFz,,Thu Aug 09 11:15:28 +0000 2018
6c737RTaeGnGjjK,Third strong earthquake shakes Lombok as death toll tops 300 https://t.co/wQRmjTVScq,,Thu Aug 09 11:15:27 +0000 2018
ZebWillette,Third strong earthquake shakes Lombok as death toll tops 300 https://t.co/DiZfQZyQOq,,Thu Aug 09 11:15:25 +0000 2018
natalieogden291,Third strong earthquake shakes Lombok as death toll tops 300 https://t.co/qUjmLdRrPB,,Thu Aug 09 11:15:23 +0000 2018
samanthapater17,Third strong earthquake shakes Lombok as death toll tops 300 https://t.co/DXMzmIBlzq,,Thu Aug 09 11:15:23 +0000 2018
_Sound_Around_,Powerful Aftershock Shakes Survivors of Indonesia Quake A 6.2 magnitude aftershock sent thousands of residents of the Indonesian island of Lombok running into the streets and toppled buildings already weakened by Sunday‚Äôs magnitude 7.0 quake. https://t.co/HnXQnEhxxx bitly.c‚Ä¶,,Thu Aug 09 11:04:26 +0000 2018
St_Dedi,RT @business: LATEST: Indonesia's top security minister says the death toll from last Sunday's earthquake has climbed to 319 https://t.co/L‚Ä¶,LATEST: Indonesia's top security minister says the death toll from last Sunday's earthquake has climbed to 319 https://t.co/LV74Nsho93 https://t.co/K7npDpF7RV,Thu Aug 09 11:03:38 +0000 2018
thailandtrick,Third strong quake shakes Lombok as death toll tops 300 https://t.co/DxOEsuoFEC https://t.co/dgRzsHdRNK,,Thu Aug 09 11:01:06 +0000 2018
JPCK72,RT @business: LATEST: Indonesia's top security minister says the death toll from last Sunday's earthquake has climbed to 319 https://t.co/L‚Ä¶,LATEST: Indonesia's top security minister says the death toll from last Sunday's earthquake has climbed to 319 https://t.co/LV74Nsho93 https://t.co/K7npDpF7RV,Thu Aug 09 10:59:40 +0000 2018
Victor_Meykson,RT @business: LATEST: Indonesia's top security minister says the death toll from last Sunday's earthquake has climbed to 319 https://t.co/L‚Ä¶,LATEST: Indonesia's top security minister says the death toll from last Sunday's earthquake has climbed to 319 https://t.co/LV74Nsho93 https://t.co/K7npDpF7RV,Thu Aug 09 10:55:06 +0000 2018
banglanews_eng,3rd strong earthquake shakes Indonesia as death toll tops 220  The Indonesian island of Lombok is shaken by a third big earthquake in little more than a week Thursday as an official said the death toll from an earlier quake had topped 220. https://t.co/JhMDJuCfi0,,Thu Aug 09 10:53:16 +0000 2018
s_apiah,RT @business: LATEST: Indonesia's top security minister says the death toll from last Sunday's earthquake has climbed to 319 https://t.co/L‚Ä¶,LATEST: Indonesia's top security minister says the death toll from last Sunday's earthquake has climbed to 319 https://t.co/LV74Nsho93 https://t.co/K7npDpF7RV,Thu Aug 09 10:52:53 +0000 2018
Shahroel_azhar,RT @business: LATEST: Indonesia's top security minister says the death toll from last Sunday's earthquake has climbed to 319 https://t.co/L‚Ä¶,LATEST: Indonesia's top security minister says the death toll from last Sunday's earthquake has climbed to 319 https://t.co/LV74Nsho93 https://t.co/K7npDpF7RV,Thu Aug 09 10:52:02 +0000 2018
atthebeach93,RT @BangkokPostNews: Third strong quake shakes Lombok as death toll tops 300 https://t.co/SgrYMMKNp1,Third strong quake shakes Lombok as death toll tops 300 https://t.co/SgrYMMKNp1,Thu Aug 09 10:44:32 +0000 2018
NewsSyndicate,"Third strong earthquake shakes Lombok as death toll tops 220 TANJUNG, Indonesia (AP) ‚Äî The Indonesian island of Lombok was shaken by a third big earthquake in little more than a week Thursday as an official said the death toll from an earlier quake had topped 220. The strong‚Ä¶",,Thu Aug 09 10:42:35 +0000 2018
tiffany_tddd,Powerful Aftershock Shakes Survivors of Indonesia Quake https://t.co/F356jTuui0,,Thu Aug 09 10:41:21 +0000 2018
SARAKARNTHI1,RT @business: LATEST: Indonesia's top security minister says the death toll from last Sunday's earthquake has climbed to 319 https://t.co/L‚Ä¶,LATEST: Indonesia's top security minister says the death toll from last Sunday's earthquake has climbed to 319 https://t.co/LV74Nsho93 https://t.co/K7npDpF7RV,Thu Aug 09 10:38:55 +0000 2018
BangkokPostNews,Third strong quake shakes Lombok as death toll tops 300 https://t.co/SgrYMMKNp1,,Thu Aug 09 10:38:49 +0000 2018
farahfox92,RT @business: LATEST: Indonesia's top security minister says the death toll from last Sunday's earthquake has climbed to 319 https://t.co/L‚Ä¶,LATEST: Indonesia's top security minister says the death toll from last Sunday's earthquake has climbed to 319 https://t.co/LV74Nsho93 https://t.co/K7npDpF7RV,Thu Aug 09 10:38:02 +0000 2018
probability0712,RT @business: LATEST: Indonesia's top security minister says the death toll from last Sunday's earthquake has climbed to 319 https://t.co/L‚Ä¶,LATEST: Indonesia's top security minister says the death toll from last Sunday's earthquake has climbed to 319 https://t.co/LV74Nsho93 https://t.co/K7npDpF7RV,Thu Aug 09 10:37:29 +0000 2018
User_138,RT @business: LATEST: Indonesia's top security minister says the death toll from last Sunday's earthquake has climbed to 319 https://t.co/L‚Ä¶,LATEST: Indonesia's top security minister says the death toll from last Sunday's earthquake has climbed to 319 https://t.co/LV74Nsho93 https://t.co/K7npDpF7RV,Thu Aug 09 10:37:15 +0000 2018
translatorbali,RT @business: LATEST: Indonesia's top security minister says the death toll from last Sunday's earthquake has climbed to 319 https://t.co/L‚Ä¶,LATEST: Indonesia's top security minister says the death toll from last Sunday's earthquake has climbed to 319 https://t.co/LV74Nsho93 https://t.co/K7npDpF7RV,Thu Aug 09 10:36:56 +0000 2018
LBoogiePopWorld,RT @business: LATEST: Indonesia's top security minister says the death toll from last Sunday's earthquake has climbed to 319 https://t.co/L‚Ä¶,LATEST: Indonesia's top security minister says the death toll from last Sunday's earthquake has climbed to 319 https://t.co/LV74Nsho93 https://t.co/K7npDpF7RV,Thu Aug 09 10:33:17 +0000 2018
BTRTSR,RT @business: LATEST: Indonesia's top security minister says the death toll from last Sunday's earthquake has climbed to 319 https://t.co/L‚Ä¶,LATEST: Indonesia's top security minister says the death toll from last Sunday's earthquake has climbed to 319 https://t.co/LV74Nsho93 https://t.co/K7npDpF7RV,Thu Aug 09 10:32:57 +0000 2018
mukmook,RT @business: LATEST: Indonesia's top security minister says the death toll from last Sunday's earthquake has climbed to 319 https://t.co/L‚Ä¶,LATEST: Indonesia's top security minister says the death toll from last Sunday's earthquake has climbed to 319 https://t.co/LV74Nsho93 https://t.co/K7npDpF7RV,Thu Aug 09 10:32:52 +0000 2018
Crypto_News___,RT @business: LATEST: Indonesia's top security minister says the death toll from last Sunday's earthquake has climbed to 319 https://t.co/L‚Ä¶,LATEST: Indonesia's top security minister says the death toll from last Sunday's earthquake has climbed to 319 https://t.co/LV74Nsho93 https://t.co/K7npDpF7RV,Thu Aug 09 10:32:29 +0000 2018
JohnFalatJr,RT @business: LATEST: Indonesia's top security minister says the death toll from last Sunday's earthquake has climbed to 319 https://t.co/L‚Ä¶,LATEST: Indonesia's top security minister says the death toll from last Sunday's earthquake has climbed to 319 https://t.co/LV74Nsho93 https://t.co/K7npDpF7RV,Thu Aug 09 10:32:29 +0000 2018
BusinessTeamVIP,RT @business: LATEST: Indonesia's top security minister says the death toll from last Sunday's earthquake has climbed to 319 https://t.co/L‚Ä¶,LATEST: Indonesia's top security minister says the death toll from last Sunday's earthquake has climbed to 319 https://t.co/LV74Nsho93 https://t.co/K7npDpF7RV,Thu Aug 09 10:32:29 +0000 2018
tradnews_,RT @business: LATEST: Indonesia's top security minister says the death toll from last Sunday's earthquake has climbed to 319 https://t.co/L‚Ä¶,LATEST: Indonesia's top security minister says the death toll from last Sunday's earthquake has climbed to 319 https://t.co/LV74Nsho93 https://t.co/K7npDpF7RV,Thu Aug 09 10:32:28 +0000 2018
business,LATEST: Indonesia's top security minister says the death toll from last Sunday's earthquake has climbed to 319 https://t.co/LV74Nsho93 https://t.co/K7npDpF7RV,,Thu Aug 09 10:32:27 +0000 2018
bankinformer,The Wall Street Journal: Aftershock shakes survivors of Indonesia¬†quake https://t.co/pm4MKe33nt,,Thu Aug 09 10:30:42 +0000 2018
pmcdowellsea,"RT @WSJ: The 6.2-magnitude quake hit the northwest coast of Indonesia, where Sunday‚Äôs 7.0-magnitude temblor had damaged tens of thousands o‚Ä¶","The 6.2-magnitude quake hit the northwest coast of Indonesia, where Sunday‚Äôs 7.0-magnitude temblor had damaged tens of thousands of homes
https://t.co/9aVniqOZRv",Thu Aug 09 10:21:12 +0000 2018
OptimisticCon,RT @WashTimes: Third strong earthquake shakes Lombok as death toll tops 300 https://t.co/r8jujJI34S,Third strong earthquake shakes Lombok as death toll tops 300 https://t.co/r8jujJI34S,Thu Aug 09 10:21:09 +0000 2018
TheWatchmanNews,"Strong Quake Shakes Indonesia's Lombok, Buildings Reportedly Collapse

https://t.co/W7OI9NqjYI",,Thu Aug 09 10:19:37 +0000 2018
theelatestnews,The Latest: Indonesia minister says quake deaths pass 300-https://t.co/vsNM6oukq8,,Thu Aug 09 10:18:26 +0000 2018
aaalarcont,RT @WashTimes: Third strong earthquake shakes Lombok as death toll tops 300 https://t.co/r8jujJI34S,Third strong earthquake shakes Lombok as death toll tops 300 https://t.co/r8jujJI34S,Thu Aug 09 10:16:05 +0000 2018
Messy0666,"In an island to the East... Dajjal being released?

Strong #earthquake Shakes Indonesia's #Lombok, Buildings Reportedly Collapse

https://t.co/KJSExsmS94",,Thu Aug 09 10:14:55 +0000 2018
JohnWickI007,RT @WashTimes: Third strong earthquake shakes Lombok as death toll tops 300 https://t.co/r8jujJI34S,Third strong earthquake shakes Lombok as death toll tops 300 https://t.co/r8jujJI34S,Thu Aug 09 10:14:51 +0000 2018
WashTimes,Third strong earthquake shakes Lombok as death toll tops 300 https://t.co/r8jujJI34S,,Thu Aug 09 10:14:19 +0000 2018
funding_hero,Aftershock shakes survivors of Indonesia quake https://t.co/RC5wrcgGjl,,Thu Aug 09 10:00:19 +0000 2018
JenniferGardnr,Powerful Aftershock Shakes Survivors of Indonesia Quake https://t.co/bCdka9bxEP,,Thu Aug 09 09:59:21 +0000 2018
riskinfo,#WorldNews 24 https://t.co/BpF3ul1MCO | Death toll tops 220 as third strong quake shakes Indonesian island https://t.co/8CnoIMUWPV,,Thu Aug 09 09:57:09 +0000 2018
theqeenofhearts,"New 6.2 Quake Shakes Indonesia's Lombok, Buildings Reportedly Collapse

https://t.co/ApKkzxiIg7",,Thu Aug 09 09:54:18 +0000 2018
bdnews24,Powerful Aftershock Shakes Survivors of Indonesia Quake A 6.2 magnitude aftershock sent thousands of residents of the Indonesian island of Lombok running into the streets and toppled buildings already weakened by Sunday‚Äôs ma... https://t.co/HVqt8hs43c via @bdnews24 #breakingnews,,Thu Aug 09 09:51:16 +0000 2018
mirshadfarooq,"RT @WSJ: The 6.2-magnitude quake hit the northwest coast of Indonesia, where Sunday‚Äôs 7.0-magnitude temblor had damaged tens of thousands o‚Ä¶","The 6.2-magnitude quake hit the northwest coast of Indonesia, where Sunday‚Äôs 7.0-magnitude temblor had damaged tens of thousands of homes
https://t.co/9aVniqOZRv",Thu Aug 09 09:46:05 +0000 2018
dubvNOW,The Wall Street Journal: Aftershock shakes survivors of Indonesia quake https://t.co/0RjSJFGU02 https://t.co/YyoATmpWmN,,Thu Aug 09 09:44:44 +0000 2018
MikeArgi,"Strong Quake Shakes Indonesia's Lombok, Buildings Reportedly Collapse: https://t.co/Evqf7rHLI7 via @SputnikInt",,Thu Aug 09 09:44:16 +0000 2018
ThalyOne2,"Strong Quake Shakes Indonesia's Lombok, Buildings Reportedly Collapse: https://t.co/flbsLAVulz via @SputnikInt",,Thu Aug 09 09:39:37 +0000 2018
stevenacurtis,üí• Powerful Aftershock Shakes Survivors of Indonesia Quake https://t.co/1u5E6LiNpw Via @WSJ‚úîÔ∏è,,Thu Aug 09 09:39:08 +0000 2018
nader_haidar,"RT @haloefekti: Strong new Quake Shakes Indonesia's Lombok, Buildings Reportedly Collapse

https://t.co/Qrin53Oiqk","Strong new Quake Shakes Indonesia's Lombok, Buildings Reportedly Collapse

https://t.co/Qrin53Oiqk",Thu Aug 09 09:33:54 +0000 2018
HotChkNewsTweet,Powerful Aftershock Shakes Survivors of Indonesia Quake (WSJ) https://t.co/66hTZgMRyZ,,Thu Aug 09 09:29:12 +0000 2018
Erroin,Powerful Aftershock Shakes Survivors of Indonesia Quake https://t.co/LR2sP3aLL4,,Thu Aug 09 09:28:18 +0000 2018
pressshare,Powerful Aftershock Shakes Survivors of Indonesia Quake https://t.co/qSyJSawuWE (via https://t.co/WmuTQrVrkh) #BreakingNews,,Thu Aug 09 09:28:13 +0000 2018
MomentaryReview,Powerful Aftershock Shakes Survivors of Indonesia Quake https://t.co/fPEBCnk3wn,,Thu Aug 09 09:26:53 +0000 2018
Dra_TeraizaMesa,"RT @WSJ: The 6.2-magnitude quake hit the northwest coast of Indonesia, where Sunday‚Äôs 7.0-magnitude temblor had damaged tens of thousands o‚Ä¶","The 6.2-magnitude quake hit the northwest coast of Indonesia, where Sunday‚Äôs 7.0-magnitude temblor had damaged tens of thousands of homes
https://t.co/9aVniqOZRv",Thu Aug 09 09:25:29 +0000 2018
GennechoFinance,RT @MarketWatch: Aftershock shakes survivors of Indonesia quake https://t.co/8rfTUkETKF,Aftershock shakes survivors of Indonesia quake https://t.co/8rfTUkETKF,Thu Aug 09 09:24:59 +0000 2018
MarketWatch,Aftershock shakes survivors of Indonesia quake https://t.co/8rfTUkETKF,,Thu Aug 09 09:21:40 +0000 2018
financeprnews,The Wall Street Journal: Aftershock shakes survivors of Indonesia quake https://t.co/89gXrSgx0U https://t.co/ZE7YtTgsAM,,Thu Aug 09 09:21:09 +0000 2018
rashidaldosari,"RT @WSJ: The 6.2-magnitude quake hit the northwest coast of Indonesia, where Sunday‚Äôs 7.0-magnitude temblor had damaged tens of thousands o‚Ä¶","The 6.2-magnitude quake hit the northwest coast of Indonesia, where Sunday‚Äôs 7.0-magnitude temblor had damaged tens of thousands of homes
https://t.co/9aVniqOZRv",Thu Aug 09 09:17:23 +0000 2018
GennechoFinance,The Wall Street Journal: Aftershock shakes survivors of Indonesia quake https://t.co/avO727q8yI https://t.co/ng4zbvbrlX,,Thu Aug 09 09:17:12 +0000 2018
ASOIideas,The Wall Street Journal: Aftershock shakes survivors of Indonesia quake https://t.co/vNKSBLKmdC https://t.co/QPRih480Jo,,Thu Aug 09 09:17:10 +0000 2018
FinanzLinksCom,The Wall Street Journal: Aftershock shakes survivors of Indonesia quake: A powerful aftershock sent thousands of residents of the Indonesian island of Lombok running into the streets and toppled buildings already weakened by Sunday‚Äôs even‚Ä¶ https://t.co/wbhNgoZxm7 MARKETWATCH,,Thu Aug 09 09:17:09 +0000 2018
mcwilkins63,"RT @WSJ: The 6.2-magnitude quake hit the northwest coast of Indonesia, where Sunday‚Äôs 7.0-magnitude temblor had damaged tens of thousands o‚Ä¶","The 6.2-magnitude quake hit the northwest coast of Indonesia, where Sunday‚Äôs 7.0-magnitude temblor had damaged tens of thousands of homes
https://t.co/9aVniqOZRv",Thu Aug 09 09:16:19 +0000 2018
kycumberland,"RT @WSJ: The 6.2-magnitude quake hit the northwest coast of Indonesia, where Sunday‚Äôs 7.0-magnitude temblor had damaged tens of thousands o‚Ä¶","The 6.2-magnitude quake hit the northwest coast of Indonesia, where Sunday‚Äôs 7.0-magnitude temblor had damaged tens of thousands of homes
https://t.co/9aVniqOZRv",Thu Aug 09 09:14:09 +0000 2018
CianGaia,"RT @WSJ: The 6.2-magnitude quake hit the northwest coast of Indonesia, where Sunday‚Äôs 7.0-magnitude temblor had damaged tens of thousands o‚Ä¶","The 6.2-magnitude quake hit the northwest coast of Indonesia, where Sunday‚Äôs 7.0-magnitude temblor had damaged tens of thousands of homes
https://t.co/9aVniqOZRv",Thu Aug 09 09:13:17 +0000 2018
w_nicht,"RT @haloefekti: Strong new Quake Shakes Indonesia's Lombok, Buildings Reportedly Collapse

https://t.co/Qrin53Oiqk","Strong new Quake Shakes Indonesia's Lombok, Buildings Reportedly Collapse

https://t.co/Qrin53Oiqk",Thu Aug 09 09:08:14 +0000 2018
haloefekti,"Strong new Quake Shakes Indonesia's Lombok, Buildings Reportedly Collapse

https://t.co/Qrin53Oiqk",,Thu Aug 09 09:07:08 +0000 2018
mohamedwerzeg,"RT @WSJ: The 6.2-magnitude quake hit the northwest coast of Indonesia, where Sunday‚Äôs 7.0-magnitude temblor had damaged tens of thousands o‚Ä¶","The 6.2-magnitude quake hit the northwest coast of Indonesia, where Sunday‚Äôs 7.0-magnitude temblor had damaged tens of thousands of homes
https://t.co/9aVniqOZRv",Thu Aug 09 09:06:55 +0000 2018
YodaCon,The Latest: Rescue agency says Lombok quake deaths over 220 #TCOT #MAGA https://t.co/OGWAEFpts3,,Thu Aug 09 09:05:42 +0000 2018
seattlepi,The Latest: Aftershock shakes quake-hit Indonesian island https://t.co/X6qVk7gcez,,Thu Aug 09 09:05:30 +0000 2018
lepetitchaperon,"RT @WSJ: The 6.2-magnitude quake hit the northwest coast of Indonesia, where Sunday‚Äôs 7.0-magnitude temblor had damaged tens of thousands o‚Ä¶","The 6.2-magnitude quake hit the northwest coast of Indonesia, where Sunday‚Äôs 7.0-magnitude temblor had damaged tens of thousands of homes
https://t.co/9aVniqOZRv",Thu Aug 09 09:04:58 +0000 2018
gm2dm,"RT @WSJ: The 6.2-magnitude quake hit the northwest coast of Indonesia, where Sunday‚Äôs 7.0-magnitude temblor had damaged tens of thousands o‚Ä¶","The 6.2-magnitude quake hit the northwest coast of Indonesia, where Sunday‚Äôs 7.0-magnitude temblor had damaged tens of thousands of homes
https://t.co/9aVniqOZRv",Thu Aug 09 09:00:17 +0000 2018
ziastateofmind,"RT @WSJ: The 6.2-magnitude quake hit the northwest coast of Indonesia, where Sunday‚Äôs 7.0-magnitude temblor had damaged tens of thousands o‚Ä¶","The 6.2-magnitude quake hit the northwest coast of Indonesia, where Sunday‚Äôs 7.0-magnitude temblor had damaged tens of thousands of homes
https://t.co/9aVniqOZRv",Thu Aug 09 08:57:04 +0000 2018
Vivodisogniebas,"RT @WSJ: The 6.2-magnitude quake hit the northwest coast of Indonesia, where Sunday‚Äôs 7.0-magnitude temblor had damaged tens of thousands o‚Ä¶","The 6.2-magnitude quake hit the northwest coast of Indonesia, where Sunday‚Äôs 7.0-magnitude temblor had damaged tens of thousands of homes
https://t.co/9aVniqOZRv",Thu Aug 09 08:54:26 +0000 2018
pictureoffake,"Strong Quake Shakes Indonesia's Lombok, Buildings Reportedly Collapse: https://t.co/NSBY994xHe @SputnikInt„Åï„Çì„Åã„Çâ",,Thu Aug 09 08:53:42 +0000 2018
annmarie309,"RT @WSJ: The 6.2-magnitude quake hit the northwest coast of Indonesia, where Sunday‚Äôs 7.0-magnitude temblor had damaged tens of thousands o‚Ä¶","The 6.2-magnitude quake hit the northwest coast of Indonesia, where Sunday‚Äôs 7.0-magnitude temblor had damaged tens of thousands of homes
https://t.co/9aVniqOZRv",Thu Aug 09 08:51:34 +0000 2018
imteyazkhizar,"RT @WSJ: The 6.2-magnitude quake hit the northwest coast of Indonesia, where Sunday‚Äôs 7.0-magnitude temblor had damaged tens of thousands o‚Ä¶","The 6.2-magnitude quake hit the northwest coast of Indonesia, where Sunday‚Äôs 7.0-magnitude temblor had damaged tens of thousands of homes
https://t.co/9aVniqOZRv",Thu Aug 09 08:51:30 +0000 2018
MediaSleed,"RT @WSJ: The 6.2-magnitude quake hit the northwest coast of Indonesia, where Sunday‚Äôs 7.0-magnitude temblor had damaged tens of thousands o‚Ä¶","The 6.2-magnitude quake hit the northwest coast of Indonesia, where Sunday‚Äôs 7.0-magnitude temblor had damaged tens of thousands of homes
https://t.co/9aVniqOZRv",Thu Aug 09 08:51:27 +0000 2018
gv10a,"RT @WSJ: The 6.2-magnitude quake hit the northwest coast of Indonesia, where Sunday‚Äôs 7.0-magnitude temblor had damaged tens of thousands o‚Ä¶","The 6.2-magnitude quake hit the northwest coast of Indonesia, where Sunday‚Äôs 7.0-magnitude temblor had damaged tens of thousands of homes
https://t.co/9aVniqOZRv",Thu Aug 09 08:50:38 +0000 2018
cr23c6,"RT @WSJ: The 6.2-magnitude quake hit the northwest coast of Indonesia, where Sunday‚Äôs 7.0-magnitude temblor had damaged tens of thousands o‚Ä¶","The 6.2-magnitude quake hit the northwest coast of Indonesia, where Sunday‚Äôs 7.0-magnitude temblor had damaged tens of thousands of homes
https://t.co/9aVniqOZRv",Thu Aug 09 08:50:15 +0000 2018
timthegoodone,"RT @WSJ: The 6.2-magnitude quake hit the northwest coast of Indonesia, where Sunday‚Äôs 7.0-magnitude temblor had damaged tens of thousands o‚Ä¶","The 6.2-magnitude quake hit the northwest coast of Indonesia, where Sunday‚Äôs 7.0-magnitude temblor had damaged tens of thousands of homes
https://t.co/9aVniqOZRv",Thu Aug 09 08:48:41 +0000 2018
Clarembaldo,"RT @WSJ: The 6.2-magnitude quake hit the northwest coast of Indonesia, where Sunday‚Äôs 7.0-magnitude temblor had damaged tens of thousands o‚Ä¶","The 6.2-magnitude quake hit the northwest coast of Indonesia, where Sunday‚Äôs 7.0-magnitude temblor had damaged tens of thousands of homes
https://t.co/9aVniqOZRv",Thu Aug 09 08:47:00 +0000 2018
Phillipdrphl,"RT @WSJ: The 6.2-magnitude quake hit the northwest coast of Indonesia, where Sunday‚Äôs 7.0-magnitude temblor had damaged tens of thousands o‚Ä¶","The 6.2-magnitude quake hit the northwest coast of Indonesia, where Sunday‚Äôs 7.0-magnitude temblor had damaged tens of thousands of homes
https://t.co/9aVniqOZRv",Thu Aug 09 08:45:33 +0000 2018
parimivamsi9,"RT @WSJ: The 6.2-magnitude quake hit the northwest coast of Indonesia, where Sunday‚Äôs 7.0-magnitude temblor had damaged tens of thousands o‚Ä¶","The 6.2-magnitude quake hit the northwest coast of Indonesia, where Sunday‚Äôs 7.0-magnitude temblor had damaged tens of thousands of homes
https://t.co/9aVniqOZRv",Thu Aug 09 08:44:15 +0000 2018
UltraUndercover,"RT @WSJ: The 6.2-magnitude quake hit the northwest coast of Indonesia, where Sunday‚Äôs 7.0-magnitude temblor had damaged tens of thousands o‚Ä¶","The 6.2-magnitude quake hit the northwest coast of Indonesia, where Sunday‚Äôs 7.0-magnitude temblor had damaged tens of thousands of homes
https://t.co/9aVniqOZRv",Thu Aug 09 08:44:11 +0000 2018
kiproppeter,"RT @WSJ: The 6.2-magnitude quake hit the northwest coast of Indonesia, where Sunday‚Äôs 7.0-magnitude temblor had damaged tens of thousands o‚Ä¶","The 6.2-magnitude quake hit the northwest coast of Indonesia, where Sunday‚Äôs 7.0-magnitude temblor had damaged tens of thousands of homes
https://t.co/9aVniqOZRv",Thu Aug 09 08:43:46 +0000 2018
KarenlovesJack7,"RT @WSJ: The 6.2-magnitude quake hit the northwest coast of Indonesia, where Sunday‚Äôs 7.0-magnitude temblor had damaged tens of thousands o‚Ä¶","The 6.2-magnitude quake hit the northwest coast of Indonesia, where Sunday‚Äôs 7.0-magnitude temblor had damaged tens of thousands of homes
https://t.co/9aVniqOZRv",Thu Aug 09 08:43:16 +0000 2018
wsj_once,"RT @WSJ: The 6.2-magnitude quake hit the northwest coast of Indonesia, where Sunday‚Äôs 7.0-magnitude temblor had damaged tens of thousands o‚Ä¶","The 6.2-magnitude quake hit the northwest coast of Indonesia, where Sunday‚Äôs 7.0-magnitude temblor had damaged tens of thousands of homes
https://t.co/9aVniqOZRv",Thu Aug 09 08:42:44 +0000 2018
arriannariff,"RT @WSJ: The 6.2-magnitude quake hit the northwest coast of Indonesia, where Sunday‚Äôs 7.0-magnitude temblor had damaged tens of thousands o‚Ä¶","The 6.2-magnitude quake hit the northwest coast of Indonesia, where Sunday‚Äôs 7.0-magnitude temblor had damaged tens of thousands of homes
https://t.co/9aVniqOZRv",Thu Aug 09 08:42:43 +0000 2018
TammyHuntley69,"RT @WSJ: The 6.2-magnitude quake hit the northwest coast of Indonesia, where Sunday‚Äôs 7.0-magnitude temblor had damaged tens of thousands o‚Ä¶","The 6.2-magnitude quake hit the northwest coast of Indonesia, where Sunday‚Äôs 7.0-magnitude temblor had damaged tens of thousands of homes
https://t.co/9aVniqOZRv",Thu Aug 09 08:42:33 +0000 2018
K11Marc,"RT @WSJ: The 6.2-magnitude quake hit the northwest coast of Indonesia, where Sunday‚Äôs 7.0-magnitude temblor had damaged tens of thousands o‚Ä¶","The 6.2-magnitude quake hit the northwest coast of Indonesia, where Sunday‚Äôs 7.0-magnitude temblor had damaged tens of thousands of homes
https://t.co/9aVniqOZRv",Thu Aug 09 08:42:32 +0000 2018
IvanCor73366633,"RT @WSJ: The 6.2-magnitude quake hit the northwest coast of Indonesia, where Sunday‚Äôs 7.0-magnitude temblor had damaged tens of thousands o‚Ä¶","The 6.2-magnitude quake hit the northwest coast of Indonesia, where Sunday‚Äôs 7.0-magnitude temblor had damaged tens of thousands of homes
https://t.co/9aVniqOZRv",Thu Aug 09 08:42:31 +0000 2018
sanchx,"RT @WSJ: The 6.2-magnitude quake hit the northwest coast of Indonesia, where Sunday‚Äôs 7.0-magnitude temblor had damaged tens of thousands o‚Ä¶","The 6.2-magnitude quake hit the northwest coast of Indonesia, where Sunday‚Äôs 7.0-magnitude temblor had damaged tens of thousands of homes
https://t.co/9aVniqOZRv",Thu Aug 09 08:41:30 +0000 2018
Bullish,"The 6.2-magnitude quake hit the northwest coast of Indonesia, where Sunday‚Äôs 7.0-magnitude temblor had damaged tens of thousands of homes
https://t.co/RiqPk5DC4s",,Thu Aug 09 08:41:06 +0000 2018
tradnews_,"RT @WSJ: The 6.2-magnitude quake hit the northwest coast of Indonesia, where Sunday‚Äôs 7.0-magnitude temblor had damaged tens of thousands o‚Ä¶","The 6.2-magnitude quake hit the northwest coast of Indonesia, where Sunday‚Äôs 7.0-magnitude temblor had damaged tens of thousands of homes
https://t.co/9aVniqOZRv",Thu Aug 09 08:40:05 +0000 2018
Alexander_Solms,"RT @WSJ: The 6.2-magnitude quake hit the northwest coast of Indonesia, where Sunday‚Äôs 7.0-magnitude temblor had damaged tens of thousands o‚Ä¶","The 6.2-magnitude quake hit the northwest coast of Indonesia, where Sunday‚Äôs 7.0-magnitude temblor had damaged tens of thousands of homes
https://t.co/9aVniqOZRv",Thu Aug 09 08:40:05 +0000 2018
WSJ,"The 6.2-magnitude quake hit the northwest coast of Indonesia, where Sunday‚Äôs 7.0-magnitude temblor had damaged tens of thousands of homes
https://t.co/9aVniqOZRv",,Thu Aug 09 08:40:04 +0000 2018
DannyShookNews,Aftershock shakes quake-hit Indonesian island https://t.co/QwGsoYDQGK #DSNEurope,,Thu Aug 09 08:28:43 +0000 2018
TheAnkaraTimes,Aftershock shakes earthquake-hit Indonesian island #Lombok https://t.co/To8sqCRHz9 https://t.co/JDu79NcEc0,,Thu Aug 09 07:56:24 +0000 2018
KittyOwner_Club,"Strong Quake Shakes Indonesia's Lombok, Buildings Reportedly Collapse: https://t.co/ODZSgbR9Kz via @SputnikInt https://t.co/iULovzfckn",,Thu Aug 09 07:09:14 +0000 2018
monhebranco61,The Latest: Rescue agency says Lombok quake deaths over 220 - ABC News https://t.co/KvkLMkIEDn,,Thu Aug 09 07:07:14 +0000 2018
NewsChannel_NYC,The Latest: Rescue agency says Lombok quake deaths over 220 The Latest on the Indonesian earthquake (all times local): https://t.co/K8aplKaB7m https://t.co/DavC4LaSLE,,Thu Aug 09 07:02:32 +0000 2018
dnp_david,The Latest: Aftershock shakes quake-hit Indonesian island https://t.co/EohgjeE3ai,,Thu Aug 09 07:00:48 +0000 2018
propergaanda,"Third big quake to hit #lombok. 
Aftershock shakes Indonesian quake hit land.  
#world #updates",,Thu Aug 09 06:51:39 +0000 2018
Raybo34,The Latest: Rescue agency says Lombok quake deaths over 220 https://t.co/qowdlriqTU https://t.co/GvvcyCxZyr,,Thu Aug 09 06:48:05 +0000 2018
Heelyn974,"RT @SputnikInt: New 6.2 #Quake Shakes #Indonesia's Lombok, Buildings Reportedly Collapse
https://t.co/UJQBAYoI11 https://t.co/PePRejc9WA","New 6.2 #Quake Shakes #Indonesia's Lombok, Buildings Reportedly Collapse
https://t.co/UJQBAYoI11 https://t.co/PePRejc9WA",Thu Aug 09 06:32:22 +0000 2018
waynfo,"New 6.2 Quake Shakes Indonesia's Lombok, Buildings Reportedly¬†Collapse https://t.co/U3NsqZnP2U https://t.co/s0JX1npLgp",,Thu Aug 09 06:31:07 +0000 2018
dailytrumpian,RT @SFGate: Aftershock shakes quake-hit Indonesian island https://t.co/xgUOj3jfWX https://t.co/4iGY6QvGvN,Aftershock shakes quake-hit Indonesian island https://t.co/xgUOj3jfWX https://t.co/4iGY6QvGvN,Thu Aug 09 06:30:05 +0000 2018
SFGate,Aftershock shakes quake-hit Indonesian island https://t.co/xgUOj3jfWX https://t.co/4iGY6QvGvN,,Thu Aug 09 06:28:49 +0000 2018
Tikolores,"New 6.2 Quake Shakes Indonesia's Lombok, Buildings Reportedly Collapse: https://t.co/QFxv4FgDLB via @SputnikInt",,Thu Aug 09 06:22:28 +0000 2018
MomentaryReview,The Latest: Aftershock shakes quake-hit Indonesian island https://t.co/Oj5I5sOaY0,,Thu Aug 09 06:22:27 +0000 2018
eplawiuk,"New 6.2 Quake Shakes Indonesia's Lombok, Buildings Reportedly Collapse: https://t.co/Hpeb5tpPGQ via @SputnikInt",,Thu Aug 09 06:22:24 +0000 2018
KoltovskoyYakov,The Latest: Aftershock shakes quake-hit Indonesian island https://t.co/a5BtBhRXjg,,Thu Aug 09 06:21:25 +0000 2018
BradS415,"RT @SputnikInt: New 6.2 #Quake Shakes #Indonesia's Lombok, Buildings Reportedly Collapse
https://t.co/UJQBAYoI11 https://t.co/PePRejc9WA","New 6.2 #Quake Shakes #Indonesia's Lombok, Buildings Reportedly Collapse
https://t.co/UJQBAYoI11 https://t.co/PePRejc9WA",Thu Aug 09 06:21:01 +0000 2018
indecentKurt,"RT @SputnikInt: New 6.2 #Quake Shakes #Indonesia's Lombok, Buildings Reportedly Collapse
https://t.co/UJQBAYoI11 https://t.co/PePRejc9WA","New 6.2 #Quake Shakes #Indonesia's Lombok, Buildings Reportedly Collapse
https://t.co/UJQBAYoI11 https://t.co/PePRejc9WA",Thu Aug 09 06:19:04 +0000 2018
HDNER,Aftershock shakes earthquake-hit Indonesian island #Lombok https://t.co/NrAYiySSSi https://t.co/MS4c5D8v63,,Thu Aug 09 06:15:53 +0000 2018
USSANews,The Latest: Aftershock shakes quake-hit Indonesian island - https://t.co/rgNuqBJugz,,Thu Aug 09 06:09:26 +0000 2018
TALK1370,HEADLINES: The Latest: Aftershock shakes quake-hit Indonesian island https://t.co/RWA07MofvI,,Thu Aug 09 06:08:02 +0000 2018
KRMGtulsa,The Latest: Aftershock shakes quake-hit Indonesian island https://t.co/CPapQIkBF0 https://t.co/bitxlYP1WX,,Thu Aug 09 06:02:08 +0000 2018
disruptivesigna,"""New 6.2 Quake Shakes Indonesia's Lombok, Buildings Reportedly Collapse"" https://t.co/XEwhNFyUoI #news #feedly",,Thu Aug 09 06:00:23 +0000 2018
MidEastAlerts,"RT @SputnikInt: New 6.2 #Quake Shakes #Indonesia's Lombok, Buildings Reportedly Collapse
https://t.co/UJQBAYoI11 https://t.co/PePRejc9WA","New 6.2 #Quake Shakes #Indonesia's Lombok, Buildings Reportedly Collapse
https://t.co/UJQBAYoI11 https://t.co/PePRejc9WA",Thu Aug 09 05:53:23 +0000 2018
_LouieFM_,"RT @SputnikInt: New 6.2 #Quake Shakes #Indonesia's Lombok, Buildings Reportedly Collapse
https://t.co/UJQBAYoI11 https://t.co/PePRejc9WA","New 6.2 #Quake Shakes #Indonesia's Lombok, Buildings Reportedly Collapse
https://t.co/UJQBAYoI11 https://t.co/PePRejc9WA",Thu Aug 09 05:52:50 +0000 2018
Headlines__news,"New 6.2 Quake Shakes Indonesia‚Äôs Lombok, Buildings Reportedly¬†Collapse https://t.co/Q2WRvdDMsX",,Thu Aug 09 05:52:39 +0000 2018
sumomo_san,"RT @SputnikInt: New 6.2 #Quake Shakes #Indonesia's Lombok, Buildings Reportedly Collapse
https://t.co/UJQBAYoI11 https://t.co/PePRejc9WA","New 6.2 #Quake Shakes #Indonesia's Lombok, Buildings Reportedly Collapse
https://t.co/UJQBAYoI11 https://t.co/PePRejc9WA",Thu Aug 09 05:51:39 +0000 2018
CIAofficer5,"RT @SputnikInt: New 6.2 #Quake Shakes #Indonesia's Lombok, Buildings Reportedly Collapse
https://t.co/UJQBAYoI11 https://t.co/PePRejc9WA","New 6.2 #Quake Shakes #Indonesia's Lombok, Buildings Reportedly Collapse
https://t.co/UJQBAYoI11 https://t.co/PePRejc9WA",Thu Aug 09 05:51:19 +0000 2018
angel365ah,"RT @SputnikInt: New 6.2 #Quake Shakes #Indonesia's Lombok, Buildings Reportedly Collapse
https://t.co/UJQBAYoI11 https://t.co/PePRejc9WA","New 6.2 #Quake Shakes #Indonesia's Lombok, Buildings Reportedly Collapse
https://t.co/UJQBAYoI11 https://t.co/PePRejc9WA",Thu Aug 09 05:51:11 +0000 2018
Estigiaed,"RT @SputnikInt: New 6.2 #Quake Shakes #Indonesia's Lombok, Buildings Reportedly Collapse
https://t.co/UJQBAYoI11 https://t.co/PePRejc9WA","New 6.2 #Quake Shakes #Indonesia's Lombok, Buildings Reportedly Collapse
https://t.co/UJQBAYoI11 https://t.co/PePRejc9WA",Thu Aug 09 05:50:20 +0000 2018
ChowdhuryIrteza,"RT @SputnikInt: New 6.2 #Quake Shakes #Indonesia's Lombok, Buildings Reportedly Collapse
https://t.co/UJQBAYoI11 https://t.co/PePRejc9WA","New 6.2 #Quake Shakes #Indonesia's Lombok, Buildings Reportedly Collapse
https://t.co/UJQBAYoI11 https://t.co/PePRejc9WA",Thu Aug 09 05:50:19 +0000 2018
Cartarbri,"RT @SputnikInt: New 6.2 #Quake Shakes #Indonesia's Lombok, Buildings Reportedly Collapse
https://t.co/UJQBAYoI11 https://t.co/PePRejc9WA","New 6.2 #Quake Shakes #Indonesia's Lombok, Buildings Reportedly Collapse
https://t.co/UJQBAYoI11 https://t.co/PePRejc9WA",Thu Aug 09 05:49:44 +0000 2018
PutinDaGreat1,"RT @SputnikInt: New 6.2 #Quake Shakes #Indonesia's Lombok, Buildings Reportedly Collapse
https://t.co/UJQBAYoI11 https://t.co/PePRejc9WA","New 6.2 #Quake Shakes #Indonesia's Lombok, Buildings Reportedly Collapse
https://t.co/UJQBAYoI11 https://t.co/PePRejc9WA",Thu Aug 09 05:49:28 +0000 2018
anparhlikhari,"RT @SputnikInt: New 6.2 #Quake Shakes #Indonesia's Lombok, Buildings Reportedly Collapse
https://t.co/UJQBAYoI11 https://t.co/PePRejc9WA","New 6.2 #Quake Shakes #Indonesia's Lombok, Buildings Reportedly Collapse
https://t.co/UJQBAYoI11 https://t.co/PePRejc9WA",Thu Aug 09 05:49:26 +0000 2018
sebastiaanevans,"RT @SputnikInt: New 6.2 #Quake Shakes #Indonesia's Lombok, Buildings Reportedly Collapse
https://t.co/UJQBAYoI11 https://t.co/PePRejc9WA","New 6.2 #Quake Shakes #Indonesia's Lombok, Buildings Reportedly Collapse
https://t.co/UJQBAYoI11 https://t.co/PePRejc9WA",Thu Aug 09 05:49:05 +0000 2018
ElwellGraham,"RT @SputnikInt: New 6.2 #Quake Shakes #Indonesia's Lombok, Buildings Reportedly Collapse
https://t.co/UJQBAYoI11 https://t.co/PePRejc9WA","New 6.2 #Quake Shakes #Indonesia's Lombok, Buildings Reportedly Collapse
https://t.co/UJQBAYoI11 https://t.co/PePRejc9WA",Thu Aug 09 05:48:32 +0000 2018
zauberhippo,"RT @SputnikInt: New 6.2 #Quake Shakes #Indonesia's Lombok, Buildings Reportedly Collapse
https://t.co/UJQBAYoI11 https://t.co/PePRejc9WA","New 6.2 #Quake Shakes #Indonesia's Lombok, Buildings Reportedly Collapse
https://t.co/UJQBAYoI11 https://t.co/PePRejc9WA",Thu Aug 09 05:48:14 +0000 2018
AVT470BUG,"RT @SputnikInt: New 6.2 #Quake Shakes #Indonesia's Lombok, Buildings Reportedly Collapse
https://t.co/UJQBAYoI11 https://t.co/PePRejc9WA","New 6.2 #Quake Shakes #Indonesia's Lombok, Buildings Reportedly Collapse
https://t.co/UJQBAYoI11 https://t.co/PePRejc9WA",Thu Aug 09 05:48:01 +0000 2018
humnun2017,"RT @SputnikInt: New 6.2 #Quake Shakes #Indonesia's Lombok, Buildings Reportedly Collapse
https://t.co/UJQBAYoI11 https://t.co/PePRejc9WA","New 6.2 #Quake Shakes #Indonesia's Lombok, Buildings Reportedly Collapse
https://t.co/UJQBAYoI11 https://t.co/PePRejc9WA",Thu Aug 09 05:47:43 +0000 2018
IamPakWarrior,"RT @SputnikInt: New 6.2 #Quake Shakes #Indonesia's Lombok, Buildings Reportedly Collapse
https://t.co/UJQBAYoI11 https://t.co/PePRejc9WA","New 6.2 #Quake Shakes #Indonesia's Lombok, Buildings Reportedly Collapse
https://t.co/UJQBAYoI11 https://t.co/PePRejc9WA",Thu Aug 09 05:47:17 +0000 2018
mlnangalama,"via @PerilofAfrica  New 6.2 Quake Shakes Indonesia's Lombok, Buildings Reportedly Collapse https://t.co/gd9b8SWz5P https://t.co/eZbkcsS28X",,Thu Aug 09 05:47:03 +0000 2018
PrincessBibiRF_,"RT @SputnikInt: New 6.2 #Quake Shakes #Indonesia's Lombok, Buildings Reportedly Collapse
https://t.co/UJQBAYoI11 https://t.co/PePRejc9WA","New 6.2 #Quake Shakes #Indonesia's Lombok, Buildings Reportedly Collapse
https://t.co/UJQBAYoI11 https://t.co/PePRejc9WA",Thu Aug 09 05:47:03 +0000 2018
brunomazzocchi,"RT @SputnikInt: New 6.2 #Quake Shakes #Indonesia's Lombok, Buildings Reportedly Collapse
https://t.co/UJQBAYoI11 https://t.co/PePRejc9WA","New 6.2 #Quake Shakes #Indonesia's Lombok, Buildings Reportedly Collapse
https://t.co/UJQBAYoI11 https://t.co/PePRejc9WA",Thu Aug 09 05:46:55 +0000 2018
torturedmonster,"New 6.2 Quake Shakes Indonesia's Lombok, Buildings Reportedly Collapse: https://t.co/loE19nitxo via @SputnikInt",,Thu Aug 09 05:46:47 +0000 2018
SputnikInt,"New 6.2 #Quake Shakes #Indonesia's Lombok, Buildings Reportedly Collapse
https://t.co/UJQBAYoI11 https://t.co/PePRejc9WA",,Thu Aug 09 05:46:34 +0000 2018
ibangel,"New 6.2 Quake Shakes Indonesia's Lombok, Buildings Reportedly Collapse - Sputnik International https://t.co/saLGTC774L",,Thu Aug 09 05:46:23 +0000 2018
Lil318_,RT @donnvn_: @jswanxxx i got that shakes that‚Äôll make you quake,@jswanxxx i got that shakes that‚Äôll make you quake,Wed Aug 08 20:42:46 +0000 2018
jswanxxx,RT @donnvn_: @jswanxxx i got that shakes that‚Äôll make you quake,@jswanxxx i got that shakes that‚Äôll make you quake,Wed Aug 08 20:04:32 +0000 2018
donnvn_,@jswanxxx i got that shakes that‚Äôll make you quake,,Wed Aug 08 19:45:03 +0000 2018
vanessaagg2,"Lisa's got the shakes that'll make you quake (22 Photos) üëç

https://t.co/y57Lh9tjLV",,Wed Aug 08 19:17:04 +0000 2018
calamitymarya66,"üòø Lisa's got the shakes that'll make you quake (22 Photos) üññ

https://t.co/Okw5YtUvTa",,Wed Aug 08 18:38:19 +0000 2018
