Jahhiness,"RT @ujfm: A suspected serial child rapist who operated in the Khayelitsha area has been linked to the crimes through DNA.

Source: @ewnupda…","A suspected serial child rapist who operated in the Khayelitsha area has been linked to the crimes through DNA.

Source: @ewnupdates

#UJFMNews @ujfm #UJFMDrive #Headlines #TopStories cc @Jahhiness  @OG_KamoGEE @iamhope_thobs https://t.co/5UP9ephChr",Thu Aug 16 15:44:58 +0000 2018
ujfm,"A suspected serial child rapist who operated in the Khayelitsha area has been linked to the crimes through DNA.

Source: @ewnupdates

#UJFMNews @ujfm #UJFMDrive #Headlines #TopStories cc @Jahhiness  @OG_KamoGEE @iamhope_thobs https://t.co/5UP9ephChr",,Thu Aug 16 15:35:52 +0000 2018
iamhope_thobs,RT @ujfm: Free State  ANC deputy chairperson William Bulwane says he's opened a case against his panel beater after his car was linked to a…,"Free State  ANC deputy chairperson William Bulwane says he's opened a case against his panel beater after his car was linked to a cash-in-transit heist.

Source: @ewnupdates 

#UJFMNews #UJFMDrive #Headlines #TopStories cc @Jahhiness  @OG_KamoGEE @iamhope_thobs https://t.co/Y6O0MqfzMM",Mon Aug 13 13:55:16 +0000 2018
Jahhiness,RT @ujfm: Free State  ANC deputy chairperson William Bulwane says he's opened a case against his panel beater after his car was linked to a…,"Free State  ANC deputy chairperson William Bulwane says he's opened a case against his panel beater after his car was linked to a cash-in-transit heist.

Source: @ewnupdates 

#UJFMNews #UJFMDrive #Headlines #TopStories cc @Jahhiness  @OG_KamoGEE @iamhope_thobs https://t.co/Y6O0MqfzMM",Mon Aug 13 13:52:29 +0000 2018
ujfm,"Free State  ANC deputy chairperson William Bulwane says he's opened a case against his panel beater after his car was linked to a cash-in-transit heist.

Source: @ewnupdates 

#UJFMNews #UJFMDrive #Headlines #TopStories cc @Jahhiness  @OG_KamoGEE @iamhope_thobs https://t.co/Y6O0MqfzMM",,Mon Aug 13 13:19:43 +0000 2018
InvGurInd,"#Malaysia seeks financier`s $35 million jet linked to 1MDB scandal

https://t.co/vlx59qkHuF

 #WorldMarket https://t.co/Fh7JqHN6oS",,Mon Aug 13 08:44:50 +0000 2018
InvGurInd,"#Malaysia seeks $35 million private jet linked to 1#MDB scandal

https://t.co/DgA00mmjZM

 #WorldMarket https://t.co/lfC7JEBaXA",,Mon Aug 13 08:23:13 +0000 2018
TruthSpeaker_00,"CAL Fire mechanic becomes 8th person to die in Carr Fire, officials say https://t.co/KFAHcMmD5F via @YahooNews",,Sat Aug 11 11:42:49 +0000 2018
killerwerewolf8,"CAL Fire mechanic becomes 8th person to die in Carr Fire, officials say https://t.co/uFHl7HHgO2 via @GMA",,Fri Aug 10 00:00:21 +0000 2018
mizwizmizwiz,"CAL Fire mechanic becomes 8th person to die in Carr Fire, officials say https://t.co/9ANubOonsU",,Thu Aug 09 23:04:55 +0000 2018
ddarnance,https://t.co/geZi4KggZZ,,Thu Aug 09 23:04:04 +0000 2018
kkalmes2,Police arrest suspect linked to raging wildfire in California https://t.co/iBrjcwi5nu via @GMA,,Thu Aug 09 20:15:41 +0000 2018
lefolauga,CA Police arrest suspect linked to raging wildfire |  https://t.co/wWQOlprWIY,,Thu Aug 09 19:12:21 +0000 2018
simplypjb,RT @YahooNews: Police arrest suspect linked to raging wildfire in California https://t.co/PPtDK2BmaL https://t.co/FdBkEE5VSm,Police arrest suspect linked to raging wildfire in California https://t.co/PPtDK2BmaL https://t.co/FdBkEE5VSm,Thu Aug 09 18:05:28 +0000 2018
valor_club,RT @YahooNews: Police arrest suspect linked to raging wildfire in California https://t.co/PPtDK2BmaL https://t.co/FdBkEE5VSm,Police arrest suspect linked to raging wildfire in California https://t.co/PPtDK2BmaL https://t.co/FdBkEE5VSm,Thu Aug 09 17:49:15 +0000 2018
pleasesaveour,"Officers arrested 51-year-old Forrest Gordon Clark on multiple charges, including two counts of felony arson, in connection with the Holy Fire, which has charred more than 6,200 acres of land in Riverside and Orange counties https://t.co/efQxv9STb8 @karolcummins",,Thu Aug 09 17:24:31 +0000 2018
dairyblondeLN66,RT @YahooNews: Police arrest suspect linked to raging wildfire in California https://t.co/PPtDK2BmaL https://t.co/FdBkEE5VSm,Police arrest suspect linked to raging wildfire in California https://t.co/PPtDK2BmaL https://t.co/FdBkEE5VSm,Thu Aug 09 16:45:24 +0000 2018
Tom_Swetnam,"RT @AarynOlsson: Man allegedly sets fire intentionally and will be held responsible for 100 years of forest mismanagement, 50 years of clim…","Man allegedly sets fire intentionally and will be held responsible for 100 years of forest mismanagement, 50 years of climate change denial propaganda by hydrocarbon industry, and political corruption enabling the current tinderbox.

https://t.co/MM8roXME0m",Thu Aug 09 16:26:11 +0000 2018
AshtynOswald,RT @YahooNews: Police arrest suspect linked to raging wildfire in California https://t.co/PPtDK2BmaL https://t.co/FdBkEE5VSm,Police arrest suspect linked to raging wildfire in California https://t.co/PPtDK2BmaL https://t.co/FdBkEE5VSm,Thu Aug 09 16:02:47 +0000 2018
happy222017,Police arrest suspect linked to raging wildfire in California https://t.co/ykMByzo4LW via @GMA,,Thu Aug 09 16:00:22 +0000 2018
Nlgn35256434,RT @YahooNews: Police arrest suspect linked to raging wildfire in California https://t.co/PPtDK2BmaL https://t.co/FdBkEE5VSm,Police arrest suspect linked to raging wildfire in California https://t.co/PPtDK2BmaL https://t.co/FdBkEE5VSm,Thu Aug 09 15:58:46 +0000 2018
JaceLGalloway,RT @YahooNews: Police arrest suspect linked to raging wildfire in California https://t.co/PPtDK2BmaL https://t.co/FdBkEE5VSm,Police arrest suspect linked to raging wildfire in California https://t.co/PPtDK2BmaL https://t.co/FdBkEE5VSm,Thu Aug 09 15:55:47 +0000 2018
bebegirl1991,Police arrest suspect linked to raging wildfire in California https://t.co/U6W1BFcTKz via @GMA,,Thu Aug 09 15:55:22 +0000 2018
GlobalNewsTH,RT @YahooNews: Police arrest suspect linked to raging wildfire in California https://t.co/PPtDK2BmaL https://t.co/FdBkEE5VSm,Police arrest suspect linked to raging wildfire in California https://t.co/PPtDK2BmaL https://t.co/FdBkEE5VSm,Thu Aug 09 15:51:06 +0000 2018
badjerry_1,RT @YahooNews: Police arrest suspect linked to raging wildfire in California https://t.co/PPtDK2BmaL https://t.co/FdBkEE5VSm,Police arrest suspect linked to raging wildfire in California https://t.co/PPtDK2BmaL https://t.co/FdBkEE5VSm,Thu Aug 09 15:50:52 +0000 2018
YahooNews,Police arrest suspect linked to raging wildfire in California https://t.co/PPtDK2BmaL https://t.co/FdBkEE5VSm,,Thu Aug 09 15:50:10 +0000 2018
AarynOlsson,"Man allegedly sets fire intentionally and will be held responsible for 100 years of forest mismanagement, 50 years of climate change denial propaganda by hydrocarbon industry, and political corruption enabling the current tinderbox.

https://t.co/MM8roXME0m",,Thu Aug 09 15:46:12 +0000 2018
whereslucy,"HOW DID I KNOW THIS WHITE CRAZY TRUMP SUPPORTER WAS BEHIND THIS???

Police arrest suspect linked to raging wildfire in California https://t.co/mkbKSaLQ4g",,Thu Aug 09 15:44:24 +0000 2018
CourageSower,Police arrest suspect linked to raging wildfire in #Kalitopia https://t.co/fbvgup6Dtd,,Thu Aug 09 15:29:25 +0000 2018
LuisFra61859532,"Yahoo News: Police arrest suspect linked to raging wildfire in California.
https://t.co/CmJyr6iIMd

via @GoogleNews",,Thu Aug 09 15:18:06 +0000 2018
DrIVANNega,"Police arrest suspect linked to raging wildfire in California while Trump triple down on last comment for human error on prediction on both ohio and wildfire, funny he don't look like environmentalist trump claims  https://t.co/JasONg78M2",,Thu Aug 09 15:05:00 +0000 2018
dreems1,Police arrest suspect linked to raging wildfire in California https://t.co/Wdhm1PJxVm,,Thu Aug 09 14:54:43 +0000 2018
emilyinnocent25,Police arrest suspect linked to raging wildfire in California https://t.co/hUivDkO1V9,,Thu Aug 09 14:51:17 +0000 2018
SuzanneChamma,Police arrest suspect linked to raging wildfire in California https://t.co/nm4qUPWqc4,,Thu Aug 09 14:37:17 +0000 2018
KimberlyCarole,Police arrest suspect linked to raging wildfire in California https://t.co/oFtOr4e0tZ via @GMA,,Thu Aug 09 14:35:14 +0000 2018
margreis9,Police arrest suspect linked to raging wildfire in California https://t.co/22Xkat8TxK via @GMA,,Thu Aug 09 13:53:49 +0000 2018
Sandy94677285,Police arrest suspect linked to raging wildfire in California https://t.co/sPZxMzm7L2,,Thu Aug 09 13:52:42 +0000 2018
ClarksonChuck,RT @ChosenLawyers: Police arrest suspect linked to raging wildfire in California https://t.co/I8zIBpcDz3,Police arrest suspect linked to raging wildfire in California https://t.co/I8zIBpcDz3,Thu Aug 09 13:50:26 +0000 2018
blessedlady7777,Police arrest suspect linked to raging wildfire in California https://t.co/9nifD2dPkV,,Thu Aug 09 13:37:04 +0000 2018
DerAvanessia,Police arrest suspect linked to raging wildfire in California https://t.co/8jb8MMZ8ce via @GMA,,Thu Aug 09 13:29:15 +0000 2018
ScoutFinchS60,RT @ChosenLawyers: Police arrest suspect linked to raging wildfire in California https://t.co/I8zIBpcDz3,Police arrest suspect linked to raging wildfire in California https://t.co/I8zIBpcDz3,Thu Aug 09 13:14:22 +0000 2018
ChosenLawyers,Police arrest suspect linked to raging wildfire in California https://t.co/I8zIBpcDz3,,Thu Aug 09 13:13:10 +0000 2018
darryldean57,Police arrest suspect linked to raging wildfire in California https://t.co/2yXjJU16fc,,Thu Aug 09 12:03:04 +0000 2018
