Chris_Gerbehy,#fashion 2017 Assorted Camouflage Stringer Tank Tops Bodybuilding Equipment F ... https://t.co/E2iJyKr62J https://t.co/TvAx0SWlIp,,Sun Aug 19 15:45:49 +0000 2018
MeloniFulvio,RT @fuzweb: Mege Brand Unisex M65 Military Camouflage Male US Army Tactical Style Windbreaker Field Jacket https://t.co/EpD86BJqeD https://‚Ä¶,Mege Brand Unisex M65 Military Camouflage Male US Army Tactical Style Windbreaker Field Jacket https://t.co/EpD86BJqeD https://t.co/VtjPw2kmaI,Sun Aug 19 15:17:24 +0000 2018
stephen59195169,"@WestBelfastUPRG @JamieBrysonCPNI @mickrick61 @ChiefConPSNI @SIAuk @NIOgov @typers7 The point I‚Äôm making is that No ages are mentioned, what was found and what Organisation was involved etc yet they made the point of saying camouflage clothing and a B.B. was found and linking Jamie to East Belfast UVF with no evidence",,Sun Aug 19 11:10:15 +0000 2018
milfhargitay,"katy felt comfortable enough to walk around one of the most popular parts of the city....in her normal clothing, looking completely identifiable. she didn‚Äôt need to camouflage herself at all. nz wins.",,Sun Aug 19 10:37:48 +0000 2018
julie_dowdell,Brown Camouflage Pattern Flare Skirt https://t.co/VrpQG6UMdD via @artofwhereteam #skirt #camouflage #brown #womensfashion,,Sun Aug 19 04:42:15 +0000 2018
Rob_belfast,@JamieBrysonCPNI @I0I0IOO0 @ChiefConPSNI I have viewed the documents and no reference to any ‚Äúcamouflage clothing‚Äù or ‚ÄúBB gun‚Äù as alluded to - I also find it questionable that when you informed police of your intent to Breach the conditions they proceeded to release you before they would bring you before the court !,,Sat Aug 18 22:51:09 +0000 2018
HappyBabyDom,#cuddle #cuddly Boy's Summer Camouflage Printed Clothing Set https://t.co/imO8w4i3N7,,Sat Aug 18 20:34:22 +0000 2018
yungbobkennedy,"Camouflage clothing is the perfect #depressionwear, because it doesn't show stains at all.",,Sat Aug 18 17:33:29 +0000 2018
ScottiesCloset,#momlife #handmade Boy's Summer Camouflage Printed Clothing Set https://t.co/9IDYER4c1C,,Sat Aug 18 16:30:46 +0000 2018
on2offline,New Men Hunting Camouflage Clothing Waterproof Windproof Hooded Jacket Pants  https://t.co/nETFf3HaMI,,Sat Aug 18 16:05:08 +0000 2018
bring_bliss,#hashtag4 Men 2017 Top quality casual pants men brand clothing male sweatpant ... https://t.co/ONwZEiY399 https://t.co/X73AjWB6gT,,Sat Aug 18 13:43:55 +0000 2018
stewartycfc,"@JamieBrysonCPNI @BeattieDoug @KateHoeyMP @JimAllister Alleged paramilitary they are gathering the evidence.
Why did you have camouflage clothing and a bb gun anyway",,Sat Aug 18 12:34:07 +0000 2018
ZikidShopping,"2pcs Camouflage Sport Suit Clothing Set 
#WeedingDresses https://t.co/bhZqXg8bG0",,Sat Aug 18 08:24:13 +0000 2018
OscarDewhurst,5 minutes into @TheBirdfair Day 2 and I've already seen a man wearing 3 different pieces of camouflage clothing. It's going to be another thriller,,Sat Aug 18 08:13:43 +0000 2018
YogaMarketplace,"New post (Goodtrade8¬Æ Women Summer Perspective Gauze Dresses, Sexy Camouflage Print Casual Loose Midi Dress) has been published on Cheap Bestseller Products - https://t.co/VsbIJ55BeC https://t.co/E4U5YP1mTU",,Sat Aug 18 01:18:12 +0000 2018
thecdeye,"RT @trininews: In addition to a complete ban on all adult toys, citizens are also banned from importing camouflage patterned clothing, shoe‚Ä¶","In addition to a complete ban on all adult toys, citizens are also banned from importing camouflage patterned clothing, shoes, game controllers, headphones or any item with a camouflage pattern. https://t.co/ZtuKyWMlLq",Fri Aug 17 23:12:49 +0000 2018
triniwatchman,"RT @trininews: In addition to a complete ban on all adult toys, citizens are also banned from importing camouflage patterned clothing, shoe‚Ä¶","In addition to a complete ban on all adult toys, citizens are also banned from importing camouflage patterned clothing, shoes, game controllers, headphones or any item with a camouflage pattern. https://t.co/ZtuKyWMlLq",Fri Aug 17 22:44:22 +0000 2018
trininews,"In addition to a complete ban on all adult toys, citizens are also banned from importing camouflage patterned clothing, shoes, game controllers, headphones or any item with a camouflage pattern. https://t.co/ZtuKyWMlLq",,Fri Aug 17 22:42:36 +0000 2018
PaulSacque,RT @pwe1980: @JamieBrysonCPNI @ChiefConPSNI Your camouflage clothing must not be up to much if the police found it,@JamieBrysonCPNI @ChiefConPSNI Your camouflage clothing must not be up to much if the police found it,Fri Aug 17 21:50:23 +0000 2018
pwe1980,@JamieBrysonCPNI @ChiefConPSNI Your camouflage clothing must not be up to much if the police found it,,Fri Aug 17 21:39:10 +0000 2018
DannyMcMurtry,@AineCarson1 I can't see any camouflage clothing...,,Fri Aug 17 21:25:11 +0000 2018
AMOffenwanger,"@AmandaBergloff #BlackCatAppreciationDay?? Who knew. Must get on board - black cats are my favourites. And that's a gorgeous kitty you got there, even if her camouflage skills aren't the greatest. Mine goes and camouflages on items of black clothing dropped on the floor.",,Fri Aug 17 18:50:48 +0000 2018
Dianasews,"fishing vest, photogragher's vest custom #clothing @EtsyMktgTool https://t.co/W7WZqgR4zJ #fishing #vest #fly #pink #adults #camouflage #men https://t.co/t6ECRZCuZn",,Fri Aug 17 15:03:32 +0000 2018
WINGSCLOTHING,üì∑ wings-of-liberty-clothing: Villain T-shirt and Shadow camouflage shorts - All part of the Fury... https://t.co/moxBFGlx1p,,Fri Aug 17 14:31:56 +0000 2018
AmiAmiGocco,"RT @GrandmasDdowry: Sexy Camo dress, 2 pieces set Camouflage Skirt and Sleeveless Top #Vintage Cameo set, #Military style, size L https://t‚Ä¶","Sexy Camo dress, 2 pieces set Camouflage Skirt and Sleeveless Top #Vintage Cameo set, #Military style, size L https://t.co/XaWrTXosHZ         #clothing #women #green #Cameo #comouflage #top #skirt #sexyoutfit #etsy #vintageclothes #vinatgeonetsy https://t.co/uyiG1gyVee",Fri Aug 17 11:59:29 +0000 2018
garfarkle,RT @PatrickTorley: @Boydy___ @BelTel It may have been camouflage clothing to him but to the PSNI it was just loft insulation.........,@Boydy___ @BelTel It may have been camouflage clothing to him but to the PSNI it was just loft insulation.........,Fri Aug 17 11:44:26 +0000 2018
hoIdingontofew,Yk what doesnt come handy with this era and going to a show of the bandito tour? Having had a camouflage hate phase thus not owning any camouflage print clothing ...,,Fri Aug 17 11:24:35 +0000 2018
Ugotabekidnme,"RT @LoveLegislation: Love Legislation, we‚Äôre not clothing, we‚Äôre a movement. #dadcap #sportsbra #camouflage #camo https://t.co/zVV0Ie8VHN","Love Legislation, we‚Äôre not clothing, we‚Äôre a movement. #dadcap #sportsbra #camouflage #camo https://t.co/zVV0Ie8VHN",Fri Aug 17 10:52:06 +0000 2018
mcdamzey,"@JamieBrysonCPNI items siezed ""included a BB gun, laptops, an iPad, documents and camouflage clothing"" hahaha the wannabe hard man starter kit. Watch you don't put someone's eye out with that BB gun. ü§£ü§£ü§£ü§£",,Fri Aug 17 09:19:33 +0000 2018
thombo1987,Where abart's are you getting all these camouflage clothing from? ü§î I'm after looking üëÄ every where for some but can't find any! https://t.co/5ZrqefzGPg,,Fri Aug 17 08:55:20 +0000 2018
Dcurran37367656,@JamieBrysonCPNI BB gun? Camouflage clothing? You running a paintball business ffs? ü§îü§î if you get bail conditions by the cops I don't think you have to accept them . @PoliceServiceNI Psniits your move. Wee man is calling you's out ü§£ü§£ü§£,,Fri Aug 17 08:47:42 +0000 2018
Al_Green_1,"@cbutler1878 @JamieBrysonCPNI Well, were you arrested in connection with a loyalist terrorist group? The context of possession of various camouflage clothing and replica firearms differs in certain scenarios üëç",,Fri Aug 17 08:08:54 +0000 2018
PatrickTorley,@Boydy___ @BelTel It may have been camouflage clothing to him but to the PSNI it was just loft insulation.........,,Fri Aug 17 07:34:49 +0000 2018
SajidHa60212380,"Fashion Men‚ÄôS Suit Shining Pattern Luxury
#Fashion #Men‚ÄôS #Suit #Shining #Pattern #Luxury @lalbuginfo 
Fashion Men‚ÄôS Suit Shining Pattern Luxury Casual Men‚Äôs Camouflage Clothing Vintage Wedding Groom Suits 5XL
Visit: https://t.co/FF25zSNcM1 https://t.co/ixCRnZuA64",,Fri Aug 17 05:05:45 +0000 2018
Davis2Jimmy,@TomMorrisJr1 Camouflage damn Tom you only wore nice clothing on that show ! You are redneck üòÇüòÇ,,Fri Aug 17 02:13:10 +0000 2018
LoveLegislation,"Love Legislation, we‚Äôre not clothing, we‚Äôre a movement. #dadcap #sportsbra #camouflage #camo https://t.co/zVV0Ie8VHN",,Fri Aug 17 00:52:47 +0000 2018
PatamaStore,#lookbook #clothing MNKNCL 2018 Newest U.S Camouflage Caps Men Baseball Army Cap For Men Women Casual U.S. Army Snapback Hats Bone Adjustable https://t.co/VPZjFcUG1d,,Thu Aug 16 23:10:38 +0000 2018
LurganSpade,@Boydy___ @BelTel There was no camouflage clothing seized from his home. He proved it in his video with the PSNI list of things removed.,,Thu Aug 16 23:04:46 +0000 2018
Boydy___,@BelTel Why does he need camouflage clothing?,,Thu Aug 16 23:01:50 +0000 2018
stephenmahoneym,"My picture, @FollowWestwood window displays in her mens Conduit Street store London  #viviennewestwood #windowdisplay #mens  #camouflage #clothing #fashion #fashionpost #fashiondaily #fashionist #parachute #fashionhaslanded #mensfashion @BondStShopper https://t.co/pHgyMsy2Zl",,Thu Aug 16 22:55:40 +0000 2018
Dcurran37367656,"RT @BelfastLive: A number of items were seized during the searches, police say, including a BB gun, a number of laptops, documents, camoufl‚Ä¶","A number of items were seized during the searches, police say, including a BB gun, a number of laptops, documents, camouflage clothing and an iPad https://t.co/6FfBZ6Hx5L",Thu Aug 16 22:18:34 +0000 2018
mcgeeteresa26,"RT @BelfastLive: A number of items were seized during the searches, police say, including a BB gun, a number of laptops, documents, camoufl‚Ä¶","A number of items were seized during the searches, police say, including a BB gun, a number of laptops, documents, camouflage clothing and an iPad https://t.co/6FfBZ6Hx5L",Thu Aug 16 20:06:04 +0000 2018
Planet_Belfast,"""Camouflage clothing""

https://t.co/gg5r3bPvMn",,Thu Aug 16 19:15:16 +0000 2018
katieOroTwins,"RT @BelfastLive: A number of items were seized during the searches, police say, including a BB gun, a number of laptops, documents, camoufl‚Ä¶","A number of items were seized during the searches, police say, including a BB gun, a number of laptops, documents, camouflage clothing and an iPad https://t.co/6FfBZ6Hx5L",Thu Aug 16 19:05:23 +0000 2018
BelfastLive,"A number of items were seized during the searches, police say, including a BB gun, a number of laptops, documents, camouflage clothing and an iPad https://t.co/6FfBZ6Hx5L",,Thu Aug 16 19:02:53 +0000 2018
PaulAlexandria,"@ememess Isn't the camouflage clothing meant to be the top layer?

Unless of course he's going to hide in orange groves.",,Thu Aug 16 18:16:54 +0000 2018
nadnasty,RT @shanearsenault5: Camouflage Duck Dynasty clothing is tactical in hiding you from both animals and potential mates,Camouflage Duck Dynasty clothing is tactical in hiding you from both animals and potential mates,Thu Aug 16 13:55:10 +0000 2018
monkeyhead78,@HoarseWisperer Who the fuck wears camouflage clothing with BRIGHT orange hat and jacket over the top? I hope the lions this it's an orange ice pop,,Thu Aug 16 13:36:59 +0000 2018
Mall_Metro,Mens Loose Cargo Pants https://t.co/o3RCzAgFQa #fashion #skirts #mymallmetro #apparel #clothing #jeans #fashionblog #menswear #clothes #shopping #womens #mens #dress #dresses #swimwear #suits #shopaholic #sales #fashionnova #bags #fashionstylist https://t.co/DPKkZUeFL8,,Thu Aug 16 13:22:04 +0000 2018
LocationApparel,"Location Hero Pants selling out fast!
Perfect for outdoor persuits.
https://t.co/3LiCYh5Das

#hero #military #camo #camouflage #pants #fashion #location#mensfashion #waterproof #style #designer #kidsclothing #male #kidsfashion #outdoors #outerwear #menswear #clothing #apparel https://t.co/VuVGVsWsWl",,Thu Aug 16 09:40:50 +0000 2018
David_Pederson,"@CheriJacobus Kings attempt to camouflage their blindness in displays of pomp, fine clothing, extravagant riches, bribery, favoritism, and the insistence that their subjects pay them ""idolatrous homage"". -Thomas Paine",,Thu Aug 16 01:52:48 +0000 2018
everythingSKULL,Men Loafers Luxury Brand Handmade High Top Camouflage Punk Skull Print ‚Äì Everything Skull Clothing Merchandise and Accessories https://t.co/hi4WmtLAU5,,Wed Aug 15 23:06:23 +0000 2018
MallMetropolis,Mens Camo Hoodies https://t.co/EMeRrCl5H9,,Wed Aug 15 22:25:06 +0000 2018
BabyPetiteShop,"Mama's Boy Camouflage T-Shirt and Long Pants Set  Buy it today from https://t.co/kIGLWUfuYY  We sell cute and adorable baby clothing, shoes, socks, bibs, tableware, blankets, clothing sets, dresses, rompers, outfits and many more baby essentials.   Shop our products on Baby P‚Ä¶ https://t.co/AlsMnwc2TJ",,Wed Aug 15 21:38:17 +0000 2018
vyssinx,"@PicorisFury What he was looking for; he didn't exactly know. The Dark World's manifestation refused those of the light; and to blend in; earlier had he dyed extra clothing he had to match the ominous theme he would be surrounded with. 

To camouflage with +",,Wed Aug 15 19:19:19 +0000 2018
DewaynePerkins,"If you can wear camouflage clothing and NOT pretend to be a No Limit Solider than you have more self control than me, because I could never. If I‚Äôm wearing camo there is no way you can tell I‚Äôm not a Silk the Shocker sun/ Lil Romeo Moon/ Mia X rising.",,Wed Aug 15 18:22:41 +0000 2018
rewane,"RT @khackbusch: Jaguar Day! Animal print, camouflage or safari clothing...let‚Äôs go! #HotAugustDays Remember water balloon fun at lunch and‚Ä¶","Jaguar Day! Animal print, camouflage or safari clothing...let‚Äôs go! #HotAugustDays Remember water balloon fun at lunch and the Yogurt Beach Fundraiser #RespectHonorStrength https://t.co/6cmUqRasbF",Wed Aug 15 13:40:33 +0000 2018
RenoSportsMed,"RT @khackbusch: Jaguar Day! Animal print, camouflage or safari clothing...let‚Äôs go! #HotAugustDays Remember water balloon fun at lunch and‚Ä¶","Jaguar Day! Animal print, camouflage or safari clothing...let‚Äôs go! #HotAugustDays Remember water balloon fun at lunch and the Yogurt Beach Fundraiser #RespectHonorStrength https://t.co/6cmUqRasbF",Wed Aug 15 13:09:43 +0000 2018
I_love_TRSMIAMI,"I had a dream that I was in the border of Colombia and Venezuela in the woods. And it looked like a regular tropical forest with a waterfall and trees and animals. 

As I got closer, I saw men masked up like military in camouflage clothing. It was the FARC.",,Wed Aug 15 11:52:50 +0000 2018
funnyone_Iiner,People should not wear camouflage CLOTHING on motorcycles... I almost didn't see that guy!,,Wed Aug 15 11:37:05 +0000 2018
khackbusch,"Jaguar Day! Animal print, camouflage or safari clothing...let‚Äôs go! #HotAugustDays Remember water balloon fun at lunch and the Yogurt Beach Fundraiser #RespectHonorStrength https://t.co/6cmUqRasbF",,Wed Aug 15 11:33:57 +0000 2018
bestbuyreplica,#replicaluxuries #bestbuycanada #bestbuylosangeles #replicawatches #replicadress #fashion 2018New Mens Camouflage ands Sweatshirts Hooded Sweatshirts Male Clothing Fashion Military Hoody For Men Printed Hooie https://t.co/QoVcyF4XxI,,Wed Aug 15 10:45:49 +0000 2018
davidimhearn,RT @shanearsenault5: Camouflage Duck Dynasty clothing is tactical in hiding you from both animals and potential mates,Camouflage Duck Dynasty clothing is tactical in hiding you from both animals and potential mates,Wed Aug 15 03:13:29 +0000 2018
r_oregan4,RT @shanearsenault5: Camouflage Duck Dynasty clothing is tactical in hiding you from both animals and potential mates,Camouflage Duck Dynasty clothing is tactical in hiding you from both animals and potential mates,Tue Aug 14 23:59:39 +0000 2018
MARLEEPH51,"by dhl Gym Tracksuit Fitness Tights Yoga Set Workout Clothing Leggings Shirt Top Camouflage Women Suit #shopify #discounts #DomNetta #phillips #marshallsworld #Marshall
$2409.26
‚û§ https://t.co/U3O6CoFxIb https://t.co/1Wf6qndqsH",,Tue Aug 14 23:16:13 +0000 2018
fuzweb,RT @fuzweb: Mege Brand Unisex M65 Military Camouflage Male US Army Tactical Style Windbreaker Field Jacket https://t.co/EpD86BJqeD https://‚Ä¶,Mege Brand Unisex M65 Military Camouflage Male US Army Tactical Style Windbreaker Field Jacket https://t.co/EpD86BJqeD https://t.co/VtjPw2kmaI,Tue Aug 14 22:54:05 +0000 2018
GrandmasDdowry,"Sexy Camo dress, 2 pieces set Camouflage Skirt and Sleeveless Top #Vintage Cameo set, #Military style, size L https://t.co/XaWrTXosHZ         #clothing #women #green #Cameo #comouflage #top #skirt #sexyoutfit #etsy #vintageclothes #vinatgeonetsy https://t.co/uyiG1gyVee",,Tue Aug 14 21:20:00 +0000 2018
dublinboybest,This guy wearing both camouflage and high-visibility clothing. https://t.co/rUf2FeW2at #guy,,Tue Aug 14 20:02:28 +0000 2018
LindsaKn,RT @shanearsenault5: Camouflage Duck Dynasty clothing is tactical in hiding you from both animals and potential mates,Camouflage Duck Dynasty clothing is tactical in hiding you from both animals and potential mates,Tue Aug 14 17:45:47 +0000 2018
shanearsenault5,Camouflage Duck Dynasty clothing is tactical in hiding you from both animals and potential mates,,Tue Aug 14 15:13:39 +0000 2018
Dan69384204,"@mikendcc1808 @MattWarrener @Chris_Boardman @benwhitworth I ditched ""high visibility"" clothing years ago, orange is alright I guess but Yellow/Green is essentially camouflage in the lanes on a sunny day, not clever! Red is best IMHO and running a bright flashing light in the daytime can only get you on the radar quicker.",,Tue Aug 14 15:10:04 +0000 2018
lstrends,#trendy Camouflage Tracksuit Set https://t.co/UoQYjbnnXw https://t.co/3lySn9swBZ,,Tue Aug 14 15:05:01 +0000 2018
itaofamily,"$37.99 not for RU
https://t.co/4NItCdPtOs https://t.co/dGtNsZl2Tx",,Tue Aug 14 14:45:12 +0000 2018
ZmejRuslanych,"$37.99 not for RU
https://t.co/Ek6TxlFXVV https://t.co/welqLonRaY",,Tue Aug 14 14:45:06 +0000 2018
OnlineCamden,Something to brighten your day! Check out our latest Men's Light Camouflage Bomber Jacket Security Enforcement Army Clothing! It doesn't get any better than this: https://t.co/Ykbg7Z0M3j.,,Tue Aug 14 14:21:49 +0000 2018
downsouthxchang,Check out NEW US Army Digital Camouflage Fire Resistant Uniform Coat Mens Sz M Regular  https://t.co/rEMEZlivk3 via @eBay @eBayfashion #ebay #ebayfashion #fashion #mensfashion #style #mensstyle #clothes #mensclothes #clothing #mensclothing #menswear #menstyle #ootd,,Tue Aug 14 14:13:54 +0000 2018
BabyPetiteShop,"Camouflage T-Shirt and Long Pants Set  Buy it today from https://t.co/kIGLWUfuYY  We sell cute and adorable baby clothing, shoes, socks, bibs, tableware, blankets, clothing sets, dresses, rompers, outfits and many more baby essentials.   Shop our products on Baby Petite today‚Ä¶ https://t.co/oh0rU4oDfV",,Tue Aug 14 14:01:15 +0000 2018
David_Pederson,"Kings attempt to camouflage their blindness in displays of pomp, fine clothing, extravagant riches, bribery, favoritism, and the insistence that their subjects pay them ""idolatrous homage"". -Thomas Paine #ImpeachTrump @realDonaldTrump",,Tue Aug 14 13:25:01 +0000 2018
RedTopRanger,"Have you ever seen lichen move?! 
Some of our Junior Rangers got to #ExploreMore when they found a bit of lichen scuttle by! 
You can do your own #RangersResearch :
https://t.co/cF29DKolom
https://t.co/MXUNHKAB9T https://t.co/MFpdrAVe0F",,Tue Aug 14 12:20:06 +0000 2018
Grove_digger,"@londonlass666 Us archaeology types are prone to a bit of army surplus clothing, so when we're on big sites you often find dozens of people in camouflage trousers and hi vis jackets. Like some kind of army with invisible legs...",,Tue Aug 14 11:13:43 +0000 2018
WINGSCLOTHING,üì∑ wings-of-liberty-clothing: Villain T-shirt and Shadow camouflage shorts - All part of the Fury... https://t.co/EwWb4Rw3KO,,Tue Aug 14 07:57:27 +0000 2018
gravityx9,"**~ Brown Chocolate Caramel Triangles (Camouflage) , Leggings by #Gravityx9 at #ArtofWhere ~ ....""fabric won't lose shape and .... vibrant prints never fade. Opaque, safe to wear for working out. ~~  https://t.co/ySRz8Av6wU",,Tue Aug 14 06:00:23 +0000 2018
BabyPetiteShop,"The Girls Just Love Me Camouflage T-Shirt and Long Pants Set  Buy it today from https://t.co/kIGLWUfuYY  We sell cute and adorable baby clothing, shoes, socks, bibs, tableware, blankets, clothing sets, dresses, rompers, outfits and many more baby essentials.   Shop our produc‚Ä¶ https://t.co/A92TxwDSsM",,Tue Aug 14 02:40:34 +0000 2018
fuzweb,Mege Brand Unisex M65 Military Camouflage Male US Army Tactical Style Windbreaker Field Jacket https://t.co/EpD86BJqeD https://t.co/VtjPw2kmaI,,Mon Aug 13 22:52:06 +0000 2018
Janusxuk,"@Foxy_reborn you trend setter!

https://t.co/VryvexumCA",,Mon Aug 13 19:00:23 +0000 2018
SNFOutfitter,"2018 spring new Mens Camouflage Hoodies #fit #Powerlifting #gym #fitmom #muscles #crossfit #lifting #fitfam #fitness #fitgirl
$39.99
‚û§ https://t.co/cmscciJA4m https://t.co/I9Nll4TzWr",,Mon Aug 13 12:10:09 +0000 2018
MyEasy_Shop,(Camouflage Print 2pcs Swing Tankini Swimsuit) - Women's online store - My Easy Shop - https://t.co/92lh2u7Xt3 https://t.co/k7dJO7gGd1,,Mon Aug 13 11:30:13 +0000 2018
awayakat,okay but uh why were the police officers at hibiscus wearing camouflage clothing?!! #teamFiji,,Mon Aug 13 11:16:02 +0000 2018
Mall_Metro,Mens Camo Hoodies https://t.co/dii7PXD3fd,,Mon Aug 13 06:04:04 +0000 2018
lildragonfly13,@OliverMcGee @POTUS @realDonaldTrump @WhiteHouse Wait what.. Oh umm that's some nice camouflage clothing you have there.. God Bless and thank you for your service. .üòÜ,,Mon Aug 13 03:08:01 +0000 2018
LittleRiverFun,Do you like to blend in with the environment? Why not stop in to the White Pine Boutique and check out our new camouflage clothing items! There's sure to be something that you'll love! https://t.co/7N7W4ZaVy2,,Sun Aug 12 17:50:17 +0000 2018
lstrends,#outfit Baby Boy Cotton Camouflage Sleeveless Hooded T-shirt+Shorts 2PCS (0-24m) https://t.co/8B0z8ISXpN https://t.co/g1PzOPYZo5,,Sun Aug 12 16:11:18 +0000 2018
PSGreen4,"RT @Chris_Randall: Free business idea: a line of tactical clothing, but instead of camouflage, Jackson Pollock print. You‚Äôre welcome.","Free business idea: a line of tactical clothing, but instead of camouflage, Jackson Pollock print. You‚Äôre welcome.",Sun Aug 12 15:31:21 +0000 2018
Chris_Randall,"Free business idea: a line of tactical clothing, but instead of camouflage, Jackson Pollock print. You‚Äôre welcome.",,Sun Aug 12 01:20:26 +0000 2018
everythingSKULL,Skull Camouflage Hip Hop Hat Flat Bill Baseball Hats Men And Women Sna ‚Äì Everything Skull Clothing Merchandise and Accessories https://t.co/MWME4MoIsx,,Sun Aug 12 00:45:34 +0000 2018
Hanson_fishing,check out this camouflage hunting jacket #fishing #camping #hunting  https://t.co/G7DKaB0XSu,,Sat Aug 11 23:14:24 +0000 2018
weblovegames,"#videogames #gaming #game #gamer  Super Warm Fortnite Hoodies Sweatshirts Thicken Fleece Men's Camouflage Jackets Clothing Casual Zipper Hooded Coats
Shop now: https://t.co/JMYdVZ7ASj https://t.co/ej1qlfVDDT",,Sat Aug 11 22:42:21 +0000 2018
MrPaulNewman,"Unusual laws that tourists should be wary of....

Don‚Äôt wear camouflage clothing in the Caribbean
Don‚Äôt chew gum in Singapore
Don't tread on currency in Thailand
Don‚Äôt display affection in public in Dubai
Don‚Äôt drive... https://t.co/8iIUfVcGEH",,Sat Aug 11 19:58:22 +0000 2018
Hanson_fishing,"check out this camouflage hunting jacket ,duck down #fishing #camping #hunting  https://t.co/kIMlrv7fWm",,Sat Aug 11 18:00:26 +0000 2018
MayerBadon,"Mens Camouflage Hoodies Fashion Leisure Pullover
#Men #bCamouflage #Hoodies #Fashion #Leisure #Pullover  @lalbug info
Mens Camouflage Hoodies Fashion leisure pullover fitness Bodybuilding jacket Sweatshirts sportswear clothing
 Visit: https://t.co/mkEZXSyiNt https://t.co/cyCpDG0GKj",,Sat Aug 11 16:53:07 +0000 2018
OUTLNDmag,"#imagedescription: Wilde - a white male wearing a hat and camouflage patterned clothing - stands at the end of a hallway. The colours are misty and faded orange, yellow and purples, as if taken on out-of-date 35mm film",,Sat Aug 11 15:39:54 +0000 2018
kidclubify,#infant #newbaby Boy's Camouflage Printed Clothing Set https://t.co/NEkLDstVVw,,Sat Aug 11 10:08:00 +0000 2018
davesbargains,"RT @GrandmasDdowry: Sexy Camo dress, 2 pieces set Camouflage Skirt and Sleeveless Top #Vintage Cameo set, #Military style, size L https://t‚Ä¶","Sexy Camo dress, 2 pieces set Camouflage Skirt and Sleeveless Top #Vintage Cameo set, #Military style, size L https://t.co/XaWrTXosHZ         #clothing #women #green #Cameo #comouflage #top #skirt #sexyoutfit #etsy #vintageclothes #vinatgeonetsy https://t.co/uyiG1gyVee",Sat Aug 11 09:17:15 +0000 2018
LGGifts,"RT @GrandmasDdowry: Sexy Camo dress, 2 pieces set Camouflage Skirt and Sleeveless Top #Vintage Cameo set, #Military style, size L https://t‚Ä¶","Sexy Camo dress, 2 pieces set Camouflage Skirt and Sleeveless Top #Vintage Cameo set, #Military style, size L https://t.co/XaWrTXosHZ         #clothing #women #green #Cameo #comouflage #top #skirt #sexyoutfit #etsy #vintageclothes #vinatgeonetsy https://t.co/uyiG1gyVee",Sat Aug 11 04:48:17 +0000 2018
CPSWorks14560,"RT @GrandmasDdowry: Sexy Camo dress, 2 pieces set Camouflage Skirt and Sleeveless Top #Vintage Cameo set, #Military style, size L https://t‚Ä¶","Sexy Camo dress, 2 pieces set Camouflage Skirt and Sleeveless Top #Vintage Cameo set, #Military style, size L https://t.co/XaWrTXosHZ         #clothing #women #green #Cameo #comouflage #top #skirt #sexyoutfit #etsy #vintageclothes #vinatgeonetsy https://t.co/uyiG1gyVee",Sat Aug 11 04:41:00 +0000 2018
texastwins2004,"RT @GrandmasDdowry: Sexy Camo dress, 2 pieces set Camouflage Skirt and Sleeveless Top #Vintage Cameo set, #Military style, size L https://t‚Ä¶","Sexy Camo dress, 2 pieces set Camouflage Skirt and Sleeveless Top #Vintage Cameo set, #Military style, size L https://t.co/XaWrTXosHZ         #clothing #women #green #Cameo #comouflage #top #skirt #sexyoutfit #etsy #vintageclothes #vinatgeonetsy https://t.co/uyiG1gyVee",Sat Aug 11 04:40:31 +0000 2018
MuditisPottery,"RT @GrandmasDdowry: Sexy Camo dress, 2 pieces set Camouflage Skirt and Sleeveless Top #Vintage Cameo set, #Military style, size L https://t‚Ä¶","Sexy Camo dress, 2 pieces set Camouflage Skirt and Sleeveless Top #Vintage Cameo set, #Military style, size L https://t.co/XaWrTXosHZ         #clothing #women #green #Cameo #comouflage #top #skirt #sexyoutfit #etsy #vintageclothes #vinatgeonetsy https://t.co/uyiG1gyVee",Sat Aug 11 03:12:25 +0000 2018
GrandmasDdowry,"Sexy Camo dress, 2 pieces set Camouflage Skirt and Sleeveless Top #Vintage Cameo set, #Military style, size L https://t.co/XaWrTXosHZ         #clothing #women #green #Cameo #comouflage #top #skirt #sexyoutfit #etsy #vintageclothes #vinatgeonetsy https://t.co/uyiG1gyVee",,Sat Aug 11 02:45:00 +0000 2018
ABDULRA58910561,"GXQIL Sports Jumpsuits Woman Sportswear Fitness Sport Suit Tracksuit Women Camouflage 2018 Yoga Set Workout Clothes Gym Clothing
 https://t.co/cw3QKCZg2g",,Fri Aug 10 23:54:03 +0000 2018
NMNJorg,"RT @FOB_Haiku: ""Confused by camouflage? AAFES Clothing Sales to offer 'Tactical Garanimals' assistance."" https://t.co/GXuD30ptgJ","""Confused by camouflage? AAFES Clothing Sales to offer 'Tactical Garanimals' assistance."" https://t.co/GXuD30ptgJ",Fri Aug 10 23:13:34 +0000 2018
FOB_Haiku,"""Confused by camouflage? AAFES Clothing Sales to offer 'Tactical Garanimals' assistance."" https://t.co/GXuD30ptgJ",,Fri Aug 10 21:45:20 +0000 2018
tankmediagames,"@DungeonSquirrel You‚Äôre right. Chameleons are just mini camouflage dragons.

Maybe several chameleons in different rooms all of different colors, each mimicking a PC‚Äôs voice and clothing?

Each PC must place their corresponding chameleon on their shoulder to be able to see and fight a mini boss?",,Fri Aug 10 17:43:08 +0000 2018
FashionAndYou24,"RT @hunch_official: Camouflage Pullover Parka(size XL)
#hunch #hunch_official #clothing #store #used #vintage #secondhand #fashion #street‚Ä¶","Camouflage Pullover Parka(size XL)
#hunch #hunch_official #clothing #store #used #vintage #secondhand #fashion #street #style #conq #earth #japan #tokyo #omotesando #jingumae #harajuku‚Ä¶ https://t.co/rufMUj5ZLD",Fri Aug 10 13:37:05 +0000 2018
hunch_official,"Camouflage Pullover Parka(size XL)
#hunch #hunch_official #clothing #store #used #vintage #secondhand #fashion #street #style #conq #earth #japan #tokyo #omotesando #jingumae #harajuku‚Ä¶ https://t.co/rufMUj5ZLD",,Fri Aug 10 13:36:26 +0000 2018
merchbayshop,"XIYOUNIAO plus size M~7XL 8XL Summer Men's camouflage Quick Dry Shorts Casual Men Beach Shorts Breathable Trouser Brand Clothing GBP 7.98
https://t.co/E3u14oLUd5 https://t.co/pZ5t6WZAcO",,Fri Aug 10 05:04:42 +0000 2018
Elegantcrochets,"camouflage FESTIVAL HALTER TOP, crochet Fringe top,  festival clothing, gypsy clothing, Hippie top, bohemian, colorful top, https://t.co/sP7VwEHxdI #Musicfestival #Gypsy ##crochet #Hippie ##boholife #Boho #Bohochic #Bohemian #BurningManFestival https://t.co/nzlz1Yr97X",,Fri Aug 10 03:00:09 +0000 2018
solidropnet,[ 28% OFF ] https://t.co/Uq6US3pVFk #Camping Camouflage Military Uniform Us Army Combat Shirt Cargo Multicam Airsoft Paintball Militar ... https://t.co/FaQNwcWGxv,,Fri Aug 10 00:03:03 +0000 2018
ForefrontOutfit,"2018 children fashion summer baby boys girls clothing sets bow 2pcs camouflage sport suit clothes sets boys girls summer set USD 12.99
https://t.co/xJSVS0oF0Q https://t.co/modBetltpN",,Thu Aug 09 22:07:35 +0000 2018
funnyone_liner,People should not wear camouflage CLOTHING on motorcycles... I almost didn't see that guy!,,Thu Aug 09 17:52:42 +0000 2018
brenaldinho,"@GhamGraham @MMaureen01 @ianbyrne86 @andycodling1878 @SkyNewsBreak The only thing that upsets me clothing wise is those camouflage pants (yes I said pants) You're a grown man working in IT, stop trying so hard",,Thu Aug 09 15:59:56 +0000 2018
garethemarc,@SkyNewsPolitics @SkyNews says a figure in camouflage clothing. What a laugh,,Thu Aug 09 14:13:01 +0000 2018
LELANGASUN,"RT @GroupVerbal: Get Matching His &amp; Hers, Kind &amp; Queen Tracksuits, Hoodies, Sweaters, 180g T-shirts

* Hoodies, Sweaters, Tracksuits in all‚Ä¶","Get Matching His &amp; Hers, Kind &amp; Queen Tracksuits, Hoodies, Sweaters, 180g T-shirts

* Hoodies, Sweaters, Tracksuits in all Colors &amp; sizes
* Stringer Vests, V neck T-shirts, Camouflage Clothing &amp; more",Thu Aug 09 13:10:50 +0000 2018
Allan26086874,"@ChrisGPackham 
The camouflage pattern on the clothing is nice to look at but not effective, I designed a very effective pattern.
The pockets on the Lutra Coat don't close.",,Thu Aug 09 12:53:23 +0000 2018
GroupVerbal,"Get Matching His &amp; Hers, Kind &amp; Queen Tracksuits, Hoodies, Sweaters, 180g T-shirts

* Hoodies, Sweaters, Tracksuits in all Colors &amp; sizes
* Stringer Vests, V neck T-shirts, Camouflage Clothing &amp; more",,Thu Aug 09 12:29:39 +0000 2018
HusstleS,RT @SantoSteere: 2018 Summer Casual Shorts Men Trousers Male Camouflage Fashion Flowers Print Straight Short Beach Mens Clothing¬†Y6 https:/‚Ä¶,2018 Summer Casual Shorts Men Trousers Male Camouflage Fashion Flowers Print Straight Short Beach Mens Clothing¬†Y6 https://t.co/sPEA0mqTq6 https://t.co/V952ntwwob,Thu Aug 09 09:56:34 +0000 2018
SantoSteere,2018 Summer Casual Shorts Men Trousers Male Camouflage Fashion Flowers Print Straight Short Beach Mens Clothing¬†Y6 https://t.co/sPEA0mqTq6 https://t.co/V952ntwwob,,Thu Aug 09 09:56:13 +0000 2018
tonynoe07088543,2018 Summer Casual Shorts Men Trousers Male Camouflage Fashion Flowers Print Straight Short Beach Mens Clothing¬†Y6 https://t.co/ETUCSrw47L https://t.co/3gBIKBMuli,,Thu Aug 09 09:56:10 +0000 2018
celebsfw,2018 Summer Casual Shorts Men Trousers Male Camouflage Fashion Flowers Print Straight Short Beach Mens Clothing¬†Y6 https://t.co/n8TrI1krVd https://t.co/629f4ReXlU,,Thu Aug 09 09:56:07 +0000 2018
saturnandjupit1,2018 Summer Casual Shorts Men Trousers Male Camouflage Fashion Flowers Print Straight Short Beach Mens Clothing¬†Y6 https://t.co/KzBfEOcZvc https://t.co/S3ba9XWDSD,,Thu Aug 09 09:56:04 +0000 2018
scapeofday,2018 Summer Casual Shorts Men Trousers Male Camouflage Fashion Flowers Print Straight Short Beach Mens Clothing¬†Y6 https://t.co/SR6mSQlb3R https://t.co/yNort3ScHP,,Thu Aug 09 09:56:00 +0000 2018
feydurordu704,2018 Summer Casual Shorts Men Trousers Male Camouflage Fashion Flowers Print Straight Short Beach Mens Clothing¬†Y6 https://t.co/OaV8pL8s4P https://t.co/SRzPT3Rjyf,,Thu Aug 09 09:55:57 +0000 2018
Bought_Again,2018 Summer Casual Shorts Men Trousers Male Camouflage Fashion Flowers Print Straight Short Beach Mens Clothing¬†Y6 https://t.co/r4hMQrL7oe https://t.co/ab5ZWFq2l6,,Thu Aug 09 09:55:49 +0000 2018
isslater,@Sillyshib @benpuppypaws And camouflage clothing should be banned for any man not actually engaged in a military operation.,,Thu Aug 09 08:00:37 +0000 2018
