TruthWeRTheNews,"RT @GMB: Westminster latest: 
- Heavy armed police presence after car driven into security barriers outside Parliament 
- Suspect in custodâ€¦","Westminster latest: 
- Heavy armed police presence after car driven into security barriers outside Parliament 
- Suspect in custody 
- Two treated for injuries 

@GMBâ€™s @richardgaisford was the first journalist on the scene. 

Read more: https://t.co/tJsx2hWobv https://t.co/MUvUye8pSn",Sun Aug 19 10:54:31 +0000 2018
LeageOfMyOwn,RT @LeageOfMyOwn: In #Mission this armed standoff has ended. Subject in custody after a hell of a standoff and Tazer deployment. This man jâ€¦,In #Mission this armed standoff has ended. Subject in custody after a hell of a standoff and Tazer deployment. This man just like the man from El Paso last night. Got what he had coming. This is justified police action. RT like hmu  #LivePDNation #LivePD https://t.co/Fp6sGQPnjL,Sun Aug 19 05:04:18 +0000 2018
LasaterLaura,"RT @EmmaHoggTV: ""To think he had a gun on him is kind of freaky.""

One man is in custody after admitting to stealing from cars in Clayton lâ€¦","""To think he had a gun on him is kind of freaky.""

One man is in custody after admitting to stealing from cars in Clayton last night while armed with a handgun. Police say this is part of a growing trend and are increasing manpower. Story tonight on @KMOV at 10 https://t.co/GqJTEEwwPg",Sun Aug 19 04:39:50 +0000 2018
lissarichard49,RT @LeageOfMyOwn: In #Mission this armed standoff has ended. Subject in custody after a hell of a standoff and Tazer deployment. This man jâ€¦,In #Mission this armed standoff has ended. Subject in custody after a hell of a standoff and Tazer deployment. This man just like the man from El Paso last night. Got what he had coming. This is justified police action. RT like hmu  #LivePDNation #LivePD https://t.co/Fp6sGQPnjL,Sun Aug 19 02:19:49 +0000 2018
LeageOfMyOwn,In #Mission this armed standoff has ended. Subject in custody after a hell of a standoff and Tazer deployment. This man just like the man from El Paso last night. Got what he had coming. This is justified police action. RT like hmu  #LivePDNation #LivePD https://t.co/Fp6sGQPnjL,,Sun Aug 19 02:17:44 +0000 2018
KMOV,"RT @EmmaHoggTV: ""To think he had a gun on him is kind of freaky.""

One man is in custody after admitting to stealing from cars in Clayton lâ€¦","""To think he had a gun on him is kind of freaky.""

One man is in custody after admitting to stealing from cars in Clayton last night while armed with a handgun. Police say this is part of a growing trend and are increasing manpower. Story tonight on @KMOV at 10 https://t.co/GqJTEEwwPg",Sun Aug 19 01:59:24 +0000 2018
EmmaHoggTV,"""To think he had a gun on him is kind of freaky.""

One man is in custody after admitting to stealing from cars in Clayton last night while armed with a handgun. Police say this is part of a growing trend and are increasing manpower. Story tonight on @KMOV at 10 https://t.co/GqJTEEwwPg",,Sun Aug 19 01:52:46 +0000 2018
KinnerupTaylor,"RT @mchriscarlson: Thatcher, AZ police say an armed man entered a high school parking lot last night complaining the music was too loud. Heâ€¦","Thatcher, AZ police say an armed man entered a high school parking lot last night complaining the music was too loud. He's in custody. No injuries reported. More on @KTAR923  and https://t.co/gZOKq8JLPX",Sat Aug 18 17:00:03 +0000 2018
mchriscarlson,"Thatcher, AZ police say an armed man entered a high school parking lot last night complaining the music was too loud. He's in custody. No injuries reported. More on @KTAR923  and https://t.co/gZOKq8JLPX",,Sat Aug 18 15:51:22 +0000 2018
USAttyDunavant,"â€œNixon may now qualify as an armed career criminal subject to a mandatory minimum sentence of 15 years in federal custody. The people of Lauderdale Co are safer because of this conviction that will remove him from our streets."" https://t.co/YhG5MJLBRB",,Fri Aug 17 18:50:36 +0000 2018
SchipperkeBob,RT @KRON4RFladeboe: Breaking:  standoff with with armed man has ended peacefully in Aptos. 58 year old Ralph Millar now in custody. He is sâ€¦,Breaking:  standoff with with armed man has ended peacefully in Aptos. 58 year old Ralph Millar now in custody. He is suspected of shooting a neighbor as a result of some kind of dispute according to Santa Cruz County Sheriff Jim Hart. https://t.co/KKHe1qeOlH,Thu Aug 16 23:06:04 +0000 2018
kron4news,RT @KRON4RFladeboe: Breaking:  standoff with with armed man has ended peacefully in Aptos. 58 year old Ralph Millar now in custody. He is sâ€¦,Breaking:  standoff with with armed man has ended peacefully in Aptos. 58 year old Ralph Millar now in custody. He is suspected of shooting a neighbor as a result of some kind of dispute according to Santa Cruz County Sheriff Jim Hart. https://t.co/KKHe1qeOlH,Thu Aug 16 19:26:44 +0000 2018
KRON4RFladeboe,Breaking:  standoff with with armed man has ended peacefully in Aptos. 58 year old Ralph Millar now in custody. He is suspected of shooting a neighbor as a result of some kind of dispute according to Santa Cruz County Sheriff Jim Hart. https://t.co/KKHe1qeOlH,,Thu Aug 16 19:26:35 +0000 2018
jnl_jorlin,RT @meaghanyockey: Love how people are joking about this. This man threatened many people WHILE ARMED. This is not funny get this piece ofâ€¦,"Love how people are joking about this. This man threatened many people WHILE ARMED. This is not funny get this piece of shit back in custody, or kill him. https://t.co/XFolde8pAM",Thu Aug 16 18:52:27 +0000 2018
meaghanyockey,"Love how people are joking about this. This man threatened many people WHILE ARMED. This is not funny get this piece of shit back in custody, or kill him. https://t.co/XFolde8pAM",,Thu Aug 16 18:19:26 +0000 2018
PostTrib,"A 20-year-old man is in custody after an armed robbery at a gas station in Crown Point, police say https://t.co/fsuLOQTOKn",,Thu Aug 16 17:34:00 +0000 2018
chicagocrimemap,"Man, 20, in custody after armed robbery at Crown Point gas station, police say https://t.co/CulPT0v6Wm https://t.co/c41pFgJVYO",,Thu Aug 16 17:28:23 +0000 2018
NWINews,"Man, 20, in custody after armed robbery at Crown Point gas station, police say https://t.co/eW70kQSVcS #PostTrib",,Thu Aug 16 17:27:13 +0000 2018
Diane4795,RT @Kent_Online: Gun incident update: A man's in custody after incidents in Ramsgate and Newington yesterday https://t.co/RDaMlRIOTG https:â€¦,Gun incident update: A man's in custody after incidents in Ramsgate and Newington yesterday https://t.co/RDaMlRIOTG https://t.co/Zd3h8kWhp0,Thu Aug 16 08:28:51 +0000 2018
Kent_Online,Gun incident update: A man's in custody after incidents in Ramsgate and Newington yesterday https://t.co/RDaMlRIOTG https://t.co/Zd3h8kWhp0,,Thu Aug 16 08:00:06 +0000 2018
evaannebell,RT @LEX18News: UPDATE: The campus went on lockdown after there were reports of an armed man in the area who was trying to break in to vehicâ€¦,UPDATE: The campus went on lockdown after there were reports of an armed man in the area who was trying to break in to vehicles at the Richmond Athletic Club. He was taken into custody around 9 a.m. https://t.co/yLJlsyIzYd,Wed Aug 15 22:00:07 +0000 2018
lrrk_,"RT @TomEden11: Breaking: Police have arrested two people in connection with the alleged armed robbery in Ashington.
One man, 33, was arrestâ€¦","Breaking: Police have arrested two people in connection with the alleged armed robbery in Ashington.
One man, 33, was arrested on suspicion of  robbery and a 47-year-old woman is in custody for allegedly assisting an offender.
Here's the latest:
https://t.co/l4jcF0vKPu",Wed Aug 15 21:07:08 +0000 2018
BrendaShoshanna,RT @InGodIDoTrust: Islamic  Terrorism in London as Car Mows Down at Least 10 Cyclists at 50 MPH  Before Smashing Into House of Parliament Sâ€¦,"Islamic  Terrorism in London as Car Mows Down at Least 10 Cyclists at 50 MPH  Before Smashing Into House of Parliament Security Barriers â€” Man in  Custody

https://t.co/n7gXyb7781",Wed Aug 15 20:33:32 +0000 2018
KLOG1490,A man is in custody after an armed standoff happened last night on Nicolai Cutoff Road near Goble.  Get details on this incident and get all of today's local news and sports on https://t.co/JKh1d2uqmJ. https://t.co/iZR3jd4S4o,,Wed Aug 15 18:00:22 +0000 2018
James26691320,RT @GMB: Heavy armed police presence around Westminster this morning. Police are investigating after a man drove a car into security barrieâ€¦,Heavy armed police presence around Westminster this morning. Police are investigating after a man drove a car into security barriers outside Parliament. Suspect in custody. https://t.co/hkZNmGie0Z,Wed Aug 15 16:14:34 +0000 2018
LEX18News,UPDATE: The campus went on lockdown after there were reports of an armed man in the area who was trying to break in to vehicles at the Richmond Athletic Club. He was taken into custody around 9 a.m. https://t.co/yLJlsyIzYd,,Wed Aug 15 13:45:56 +0000 2018
TomEden11,"Breaking: Police have arrested two people in connection with the alleged armed robbery in Ashington.
One man, 33, was arrested on suspicion of  robbery and a 47-year-old woman is in custody for allegedly assisting an offender.
Here's the latest:
https://t.co/l4jcF0vKPu",,Wed Aug 15 13:04:04 +0000 2018
Stingraytwo,RT @GMB: Heavy armed police presence around Westminster this morning. Police are investigating after a man drove a car into security barrieâ€¦,Heavy armed police presence around Westminster this morning. Police are investigating after a man drove a car into security barriers outside Parliament. Suspect in custody. https://t.co/hkZNmGie0Z,Wed Aug 15 12:50:00 +0000 2018
Stingraytwo,RT @GMB: Latest: Police mount counter-terror operation following attack in #Westminster. Heavy police presence as investigations continue iâ€¦,"Latest: Police mount counter-terror operation following attack in #Westminster. Heavy police presence as investigations continue into the incident as suspect held in custody. 

More from @richardgaisford
Updates: https://t.co/tJsx2hWobv https://t.co/mruqPXYqop",Wed Aug 15 12:49:17 +0000 2018
Stingraytwo,"RT @GMB: #Westminster terror attack latest:
- Two injured, suspect in custody https://t.co/Z8HHls08Ys
- Met Police say suspect 'not cooperaâ€¦","#Westminster terror attack latest:
- Two injured, suspect in custody https://t.co/Z8HHls08Ys
- Met Police say suspect 'not cooperating' with investigation https://t.co/BTujUc8GHQ
- Eyewitness says police arrived 'within minutes' https://t.co/BTujUc8GHQ https://t.co/pXfAwgn1OO",Wed Aug 15 12:49:11 +0000 2018
trinifans,"No Bail For Man Charged With Stealing Suv Outside Stati: One man was granted bail and the other remanded into custody after they appeared in court on charges related to the armed robbery of CNC3 television anchor Khamal Georges last week. Gamal Waldron,â€¦ https://t.co/9y3pcWHA2g https://t.co/f0Hr5XCxXA",,Wed Aug 15 11:26:44 +0000 2018
Rosemar87905976,RT @GMB: Latest: Police mount counter-terror operation following attack in #Westminster. Heavy police presence as investigations continue iâ€¦,"Latest: Police mount counter-terror operation following attack in #Westminster. Heavy police presence as investigations continue into the incident as suspect held in custody. 

More from @richardgaisford
Updates: https://t.co/tJsx2hWobv https://t.co/mruqPXYqop",Wed Aug 15 08:06:17 +0000 2018
Sbenachour2Sara,"RT @GMB: Westminster latest: 
- Heavy armed police presence after car driven into security barriers outside Parliament 
- Suspect in custodâ€¦","Westminster latest: 
- Heavy armed police presence after car driven into security barriers outside Parliament 
- Suspect in custody 
- Two treated for injuries 

@GMBâ€™s @richardgaisford was the first journalist on the scene. 

Read more: https://t.co/tJsx2hWobv https://t.co/MUvUye8pSn",Wed Aug 15 07:12:09 +0000 2018
mohitsmartlove,RT @TimesNow: Armed commandos of the CISF detained a passenger at Delhi's IGI airport for claiming to have a bomb in his hand baggage. Delhâ€¦,"Armed commandos of the CISF detained a passenger at Delhi's IGI airport for claiming to have a bomb in his hand baggage. Delhi Police took custody of the man and discovered that he was in a drunken state
https://t.co/75q2llk2U7",Wed Aug 15 01:39:42 +0000 2018
KTBBRadio,Heavily Armed Man in Custody:  https://t.co/h75JhJ6GeI https://t.co/OCNUWHm27b,,Wed Aug 15 01:25:48 +0000 2018
deb_sadie,RT @InGodIDoTrust: Islamic  Terrorism in London as Car Mows Down at Least 10 Cyclists at 50 MPH  Before Smashing Into House of Parliament Sâ€¦,"Islamic  Terrorism in London as Car Mows Down at Least 10 Cyclists at 50 MPH  Before Smashing Into House of Parliament Security Barriers â€” Man in  Custody

https://t.co/n7gXyb7781",Wed Aug 15 00:30:01 +0000 2018
Neelnabh,RT @TimesNow: Armed commandos of the CISF detained a passenger at Delhi's IGI airport for claiming to have a bomb in his hand baggage. Delhâ€¦,"Armed commandos of the CISF detained a passenger at Delhi's IGI airport for claiming to have a bomb in his hand baggage. Delhi Police took custody of the man and discovered that he was in a drunken state
https://t.co/75q2llk2U7",Tue Aug 14 23:36:37 +0000 2018
TimesNow,"Armed commandos of the CISF detained a passenger at Delhi's IGI airport for claiming to have a bomb in his hand baggage. Delhi Police took custody of the man and discovered that he was in a drunken state
https://t.co/75q2llk2U7",,Tue Aug 14 23:00:01 +0000 2018
LuanneCarey,RT @InGodIDoTrust: Islamic  Terrorism in London as Car Mows Down at Least 10 Cyclists at 50 MPH  Before Smashing Into House of Parliament Sâ€¦,"Islamic  Terrorism in London as Car Mows Down at Least 10 Cyclists at 50 MPH  Before Smashing Into House of Parliament Security Barriers â€” Man in  Custody

https://t.co/n7gXyb7781",Tue Aug 14 22:52:33 +0000 2018
denise39deer,RT @InGodIDoTrust: Islamic  Terrorism in London as Car Mows Down at Least 10 Cyclists at 50 MPH  Before Smashing Into House of Parliament Sâ€¦,"Islamic  Terrorism in London as Car Mows Down at Least 10 Cyclists at 50 MPH  Before Smashing Into House of Parliament Security Barriers â€” Man in  Custody

https://t.co/n7gXyb7781",Tue Aug 14 22:52:29 +0000 2018
InGodIDoTrust,"Islamic  Terrorism in London as Car Mows Down at Least 10 Cyclists at 50 MPH  Before Smashing Into House of Parliament Security Barriers â€” Man in  Custody

https://t.co/n7gXyb7781",,Tue Aug 14 22:43:15 +0000 2018
StCharlsILPatch,Batavia Stabbing: Suspect In Police Custody https://t.co/NQec60GRgl,,Tue Aug 14 20:34:06 +0000 2018
datjkeysdude,"RT @GMB: Westminster latest: 
- Heavy armed police presence after car driven into security barriers outside Parliament 
- Suspect in custodâ€¦","Westminster latest: 
- Heavy armed police presence after car driven into security barriers outside Parliament 
- Suspect in custody 
- Two treated for injuries 

@GMBâ€™s @richardgaisford was the first journalist on the scene. 

Read more: https://t.co/tJsx2hWobv https://t.co/MUvUye8pSn",Tue Aug 14 17:24:41 +0000 2018
Stingraytwo,"RT @GMB: Westminster latest: 
- Heavy armed police presence after car driven into security barriers outside Parliament 
- Suspect in custodâ€¦","Westminster latest: 
- Heavy armed police presence after car driven into security barriers outside Parliament 
- Suspect in custody 
- Two treated for injuries 

@GMBâ€™s @richardgaisford was the first journalist on the scene. 

Read more: https://t.co/tJsx2hWobv https://t.co/MUvUye8pSn",Tue Aug 14 16:26:31 +0000 2018
jay_tee_vidon,So the armed robber that collapsed during d robbery and was said to be sleeping has passed on in police custody after 'sleeping' for 9 days. Man was in a coma but NPF.ðŸ˜–ðŸ˜–,,Tue Aug 14 16:03:02 +0000 2018
jjwills2,"RT @LPDUpAllNight: ROBBERY #3
Serial armed robbers carjack a man near 100 block of W South.
Ofcs locate stolen car and robber's car.  
Firsâ€¦","ROBBERY #3
Serial armed robbers carjack a man near 100 block of W South.
Ofcs locate stolen car and robber's car.  
First car stopped with 3 in custody.
Stolen car stopped 4 in custody.
One gun located.
Stolen property located.
Investigation continues
#LPD https://t.co/7YNLMyedKA",Tue Aug 14 15:58:15 +0000 2018
fairoz252525,RT @GMB: Heavy armed police presence around Westminster this morning. Police are investigating after a man drove a car into security barrieâ€¦,Heavy armed police presence around Westminster this morning. Police are investigating after a man drove a car into security barriers outside Parliament. Suspect in custody. https://t.co/hkZNmGie0Z,Tue Aug 14 15:30:48 +0000 2018
caitlinwakefie9,"RT @GMB: #Westminster terror attack latest:
- Two injured, suspect in custody https://t.co/Z8HHls08Ys
- Met Police say suspect 'not cooperaâ€¦","#Westminster terror attack latest:
- Two injured, suspect in custody https://t.co/Z8HHls08Ys
- Met Police say suspect 'not cooperating' with investigation https://t.co/BTujUc8GHQ
- Eyewitness says police arrived 'within minutes' https://t.co/BTujUc8GHQ https://t.co/pXfAwgn1OO",Tue Aug 14 15:30:14 +0000 2018
LPDandLFRfanpg,"RT @LPDUpAllNight: ROBBERY #3
Serial armed robbers carjack a man near 100 block of W South.
Ofcs locate stolen car and robber's car.  
Firsâ€¦","ROBBERY #3
Serial armed robbers carjack a man near 100 block of W South.
Ofcs locate stolen car and robber's car.  
First car stopped with 3 in custody.
Stolen car stopped 4 in custody.
One gun located.
Stolen property located.
Investigation continues
#LPD https://t.co/7YNLMyedKA",Tue Aug 14 14:11:00 +0000 2018
jadesharp1992,"RT @GMB: #Westminster terror attack latest:
- Two injured, suspect in custody https://t.co/Z8HHls08Ys
- Met Police say suspect 'not cooperaâ€¦","#Westminster terror attack latest:
- Two injured, suspect in custody https://t.co/Z8HHls08Ys
- Met Police say suspect 'not cooperating' with investigation https://t.co/BTujUc8GHQ
- Eyewitness says police arrived 'within minutes' https://t.co/BTujUc8GHQ https://t.co/pXfAwgn1OO",Tue Aug 14 13:56:51 +0000 2018
LPD_Southeast,"RT @Lincoln_Police: ROBBERY #3
Serial armed robbers carjack a man near 100 block of W South.
Ofcs locate stolen car and robber's car.  
Firâ€¦","ROBBERY #3
Serial armed robbers carjack a man near 100 block of W South.
Ofcs locate stolen car and robber's car.  
First car stopped with 3 in custody.
Stolen car stopped 4 in custody.
One gun located.
Stolen property located.
Investigation continues
#LPD via @LPDUpAllNight https://t.co/z70IfwkS2x",Tue Aug 14 13:21:56 +0000 2018
Ryanbaxter131,"RT @GMB: #Westminster terror attack latest:
- Two injured, suspect in custody https://t.co/Z8HHls08Ys
- Met Police say suspect 'not cooperaâ€¦","#Westminster terror attack latest:
- Two injured, suspect in custody https://t.co/Z8HHls08Ys
- Met Police say suspect 'not cooperating' with investigation https://t.co/BTujUc8GHQ
- Eyewitness says police arrived 'within minutes' https://t.co/BTujUc8GHQ https://t.co/pXfAwgn1OO",Tue Aug 14 13:18:22 +0000 2018
Thunderfurybird,"RT @GMB: #Westminster terror attack latest:
- Two injured, suspect in custody https://t.co/Z8HHls08Ys
- Met Police say suspect 'not cooperaâ€¦","#Westminster terror attack latest:
- Two injured, suspect in custody https://t.co/Z8HHls08Ys
- Met Police say suspect 'not cooperating' with investigation https://t.co/BTujUc8GHQ
- Eyewitness says police arrived 'within minutes' https://t.co/BTujUc8GHQ https://t.co/pXfAwgn1OO",Tue Aug 14 12:56:13 +0000 2018
TheSeventhBrat,"RT @LPDUpAllNight: ROBBERY #3
Serial armed robbers carjack a man near 100 block of W South.
Ofcs locate stolen car and robber's car.  
Firsâ€¦","ROBBERY #3
Serial armed robbers carjack a man near 100 block of W South.
Ofcs locate stolen car and robber's car.  
First car stopped with 3 in custody.
Stolen car stopped 4 in custody.
One gun located.
Stolen property located.
Investigation continues
#LPD https://t.co/7YNLMyedKA",Tue Aug 14 12:43:41 +0000 2018
aineduck97,"RT @GMB: #Westminster terror attack latest:
- Two injured, suspect in custody https://t.co/Z8HHls08Ys
- Met Police say suspect 'not cooperaâ€¦","#Westminster terror attack latest:
- Two injured, suspect in custody https://t.co/Z8HHls08Ys
- Met Police say suspect 'not cooperating' with investigation https://t.co/BTujUc8GHQ
- Eyewitness says police arrived 'within minutes' https://t.co/BTujUc8GHQ https://t.co/pXfAwgn1OO",Tue Aug 14 12:41:30 +0000 2018
megnikro,"RT @Lincoln_Police: ROBBERY #3
Serial armed robbers carjack a man near 100 block of W South.
Ofcs locate stolen car and robber's car.  
Firâ€¦","ROBBERY #3
Serial armed robbers carjack a man near 100 block of W South.
Ofcs locate stolen car and robber's car.  
First car stopped with 3 in custody.
Stolen car stopped 4 in custody.
One gun located.
Stolen property located.
Investigation continues
#LPD via @LPDUpAllNight https://t.co/z70IfwkS2x",Tue Aug 14 12:40:28 +0000 2018
Odev110,"RT @GMB: #Westminster terror attack latest:
- Two injured, suspect in custody https://t.co/Z8HHls08Ys
- Met Police say suspect 'not cooperaâ€¦","#Westminster terror attack latest:
- Two injured, suspect in custody https://t.co/Z8HHls08Ys
- Met Police say suspect 'not cooperating' with investigation https://t.co/BTujUc8GHQ
- Eyewitness says police arrived 'within minutes' https://t.co/BTujUc8GHQ https://t.co/pXfAwgn1OO",Tue Aug 14 12:29:59 +0000 2018
jojojoheeley,"RT @GMB: #Westminster terror attack latest:
- Two injured, suspect in custody https://t.co/Z8HHls08Ys
- Met Police say suspect 'not cooperaâ€¦","#Westminster terror attack latest:
- Two injured, suspect in custody https://t.co/Z8HHls08Ys
- Met Police say suspect 'not cooperating' with investigation https://t.co/BTujUc8GHQ
- Eyewitness says police arrived 'within minutes' https://t.co/BTujUc8GHQ https://t.co/pXfAwgn1OO",Tue Aug 14 12:27:32 +0000 2018
cwnhitch,"RT @GMB: #Westminster terror attack latest:
- Two injured, suspect in custody https://t.co/Z8HHls08Ys
- Met Police say suspect 'not cooperaâ€¦","#Westminster terror attack latest:
- Two injured, suspect in custody https://t.co/Z8HHls08Ys
- Met Police say suspect 'not cooperating' with investigation https://t.co/BTujUc8GHQ
- Eyewitness says police arrived 'within minutes' https://t.co/BTujUc8GHQ https://t.co/pXfAwgn1OO",Tue Aug 14 12:27:24 +0000 2018
FireRabbit25,"RT @GMB: #Westminster terror attack latest:
- Two injured, suspect in custody https://t.co/Z8HHls08Ys
- Met Police say suspect 'not cooperaâ€¦","#Westminster terror attack latest:
- Two injured, suspect in custody https://t.co/Z8HHls08Ys
- Met Police say suspect 'not cooperating' with investigation https://t.co/BTujUc8GHQ
- Eyewitness says police arrived 'within minutes' https://t.co/BTujUc8GHQ https://t.co/pXfAwgn1OO",Tue Aug 14 12:25:48 +0000 2018
matt_angelo_84,RT @GMB: Latest: Police mount counter-terror operation following attack in #Westminster. Heavy police presence as investigations continue iâ€¦,"Latest: Police mount counter-terror operation following attack in #Westminster. Heavy police presence as investigations continue into the incident as suspect held in custody. 

More from @richardgaisford
Updates: https://t.co/tJsx2hWobv https://t.co/mruqPXYqop",Tue Aug 14 12:19:36 +0000 2018
SShanteyy,"RT @GMB: #Westminster terror attack latest:
- Two injured, suspect in custody https://t.co/Z8HHls08Ys
- Met Police say suspect 'not cooperaâ€¦","#Westminster terror attack latest:
- Two injured, suspect in custody https://t.co/Z8HHls08Ys
- Met Police say suspect 'not cooperating' with investigation https://t.co/BTujUc8GHQ
- Eyewitness says police arrived 'within minutes' https://t.co/BTujUc8GHQ https://t.co/pXfAwgn1OO",Tue Aug 14 12:17:59 +0000 2018
hugill_jamie,"RT @GMB: #Westminster terror attack latest:
- Two injured, suspect in custody https://t.co/Z8HHls08Ys
- Met Police say suspect 'not cooperaâ€¦","#Westminster terror attack latest:
- Two injured, suspect in custody https://t.co/Z8HHls08Ys
- Met Police say suspect 'not cooperating' with investigation https://t.co/BTujUc8GHQ
- Eyewitness says police arrived 'within minutes' https://t.co/BTujUc8GHQ https://t.co/pXfAwgn1OO",Tue Aug 14 12:16:02 +0000 2018
GMB,"#Westminster terror attack latest:
- Two injured, suspect in custody https://t.co/Z8HHls08Ys
- Met Police say suspect 'not cooperating' with investigation https://t.co/BTujUc8GHQ
- Eyewitness says police arrived 'within minutes' https://t.co/BTujUc8GHQ https://t.co/pXfAwgn1OO",,Tue Aug 14 12:15:54 +0000 2018
_leeseril,RT @GMB: Latest: Police mount counter-terror operation following attack in #Westminster. Heavy police presence as investigations continue iâ€¦,"Latest: Police mount counter-terror operation following attack in #Westminster. Heavy police presence as investigations continue into the incident as suspect held in custody. 

More from @richardgaisford
Updates: https://t.co/tJsx2hWobv https://t.co/mruqPXYqop",Tue Aug 14 12:09:27 +0000 2018
Thunderfurybird,RT @GMB: Latest: Police mount counter-terror operation following attack in #Westminster. Heavy police presence as investigations continue iâ€¦,"Latest: Police mount counter-terror operation following attack in #Westminster. Heavy police presence as investigations continue into the incident as suspect held in custody. 

More from @richardgaisford
Updates: https://t.co/tJsx2hWobv https://t.co/mruqPXYqop",Tue Aug 14 12:04:55 +0000 2018
GMBDaily,RT @GMB: Latest: Police mount counter-terror operation following attack in #Westminster. Heavy police presence as investigations continue iâ€¦,"Latest: Police mount counter-terror operation following attack in #Westminster. Heavy police presence as investigations continue into the incident as suspect held in custody. 

More from @richardgaisford
Updates: https://t.co/tJsx2hWobv https://t.co/mruqPXYqop",Tue Aug 14 11:57:11 +0000 2018
PeterRiebeek1,RT @GMB: Latest: Police mount counter-terror operation following attack in #Westminster. Heavy police presence as investigations continue iâ€¦,"Latest: Police mount counter-terror operation following attack in #Westminster. Heavy police presence as investigations continue into the incident as suspect held in custody. 

More from @richardgaisford
Updates: https://t.co/tJsx2hWobv https://t.co/mruqPXYqop",Tue Aug 14 11:17:47 +0000 2018
winniedunbar,RT @GMB: Latest: Police mount counter-terror operation following attack in #Westminster. Heavy police presence as investigations continue iâ€¦,"Latest: Police mount counter-terror operation following attack in #Westminster. Heavy police presence as investigations continue into the incident as suspect held in custody. 

More from @richardgaisford
Updates: https://t.co/tJsx2hWobv https://t.co/mruqPXYqop",Tue Aug 14 11:11:41 +0000 2018
EmilyRevell6,RT @GMB: Latest: Police mount counter-terror operation following attack in #Westminster. Heavy police presence as investigations continue iâ€¦,"Latest: Police mount counter-terror operation following attack in #Westminster. Heavy police presence as investigations continue into the incident as suspect held in custody. 

More from @richardgaisford
Updates: https://t.co/tJsx2hWobv https://t.co/mruqPXYqop",Tue Aug 14 10:54:56 +0000 2018
Keithbird59Bird,RT @GMB: Latest: Police mount counter-terror operation following attack in #Westminster. Heavy police presence as investigations continue iâ€¦,"Latest: Police mount counter-terror operation following attack in #Westminster. Heavy police presence as investigations continue into the incident as suspect held in custody. 

More from @richardgaisford
Updates: https://t.co/tJsx2hWobv https://t.co/mruqPXYqop",Tue Aug 14 10:51:52 +0000 2018
derrington234,RT @GMB: Latest: Police mount counter-terror operation following attack in #Westminster. Heavy police presence as investigations continue iâ€¦,"Latest: Police mount counter-terror operation following attack in #Westminster. Heavy police presence as investigations continue into the incident as suspect held in custody. 

More from @richardgaisford
Updates: https://t.co/tJsx2hWobv https://t.co/mruqPXYqop",Tue Aug 14 10:51:52 +0000 2018
b3n1b0y,RT @GMB: Latest: Police mount counter-terror operation following attack in #Westminster. Heavy police presence as investigations continue iâ€¦,"Latest: Police mount counter-terror operation following attack in #Westminster. Heavy police presence as investigations continue into the incident as suspect held in custody. 

More from @richardgaisford
Updates: https://t.co/tJsx2hWobv https://t.co/mruqPXYqop",Tue Aug 14 10:47:07 +0000 2018
_IfYouSaySo_15,RT @GMB: Latest: Police mount counter-terror operation following attack in #Westminster. Heavy police presence as investigations continue iâ€¦,"Latest: Police mount counter-terror operation following attack in #Westminster. Heavy police presence as investigations continue into the incident as suspect held in custody. 

More from @richardgaisford
Updates: https://t.co/tJsx2hWobv https://t.co/mruqPXYqop",Tue Aug 14 10:41:49 +0000 2018
EleeleTuTu,RT @GMB: Latest: Police mount counter-terror operation following attack in #Westminster. Heavy police presence as investigations continue iâ€¦,"Latest: Police mount counter-terror operation following attack in #Westminster. Heavy police presence as investigations continue into the incident as suspect held in custody. 

More from @richardgaisford
Updates: https://t.co/tJsx2hWobv https://t.co/mruqPXYqop",Tue Aug 14 10:40:53 +0000 2018
laurabog19,RT @GMB: Latest: Police mount counter-terror operation following attack in #Westminster. Heavy police presence as investigations continue iâ€¦,"Latest: Police mount counter-terror operation following attack in #Westminster. Heavy police presence as investigations continue into the incident as suspect held in custody. 

More from @richardgaisford
Updates: https://t.co/tJsx2hWobv https://t.co/mruqPXYqop",Tue Aug 14 10:40:27 +0000 2018
dhadwiger,"RT @LPDUpAllNight: ROBBERY #3
Serial armed robbers carjack a man near 100 block of W South.
Ofcs locate stolen car and robber's car.  
Firsâ€¦","ROBBERY #3
Serial armed robbers carjack a man near 100 block of W South.
Ofcs locate stolen car and robber's car.  
First car stopped with 3 in custody.
Stolen car stopped 4 in custody.
One gun located.
Stolen property located.
Investigation continues
#LPD https://t.co/7YNLMyedKA",Tue Aug 14 10:39:56 +0000 2018
Shortys_Story,RT @GMB: Latest: Police mount counter-terror operation following attack in #Westminster. Heavy police presence as investigations continue iâ€¦,"Latest: Police mount counter-terror operation following attack in #Westminster. Heavy police presence as investigations continue into the incident as suspect held in custody. 

More from @richardgaisford
Updates: https://t.co/tJsx2hWobv https://t.co/mruqPXYqop",Tue Aug 14 10:39:53 +0000 2018
richardgaisford,RT @GMB: Latest: Police mount counter-terror operation following attack in #Westminster. Heavy police presence as investigations continue iâ€¦,"Latest: Police mount counter-terror operation following attack in #Westminster. Heavy police presence as investigations continue into the incident as suspect held in custody. 

More from @richardgaisford
Updates: https://t.co/tJsx2hWobv https://t.co/mruqPXYqop",Tue Aug 14 10:39:40 +0000 2018
JackJacksimms13,RT @GMB: Latest: Police mount counter-terror operation following attack in #Westminster. Heavy police presence as investigations continue iâ€¦,"Latest: Police mount counter-terror operation following attack in #Westminster. Heavy police presence as investigations continue into the incident as suspect held in custody. 

More from @richardgaisford
Updates: https://t.co/tJsx2hWobv https://t.co/mruqPXYqop",Tue Aug 14 10:38:17 +0000 2018
hugill_jamie,RT @GMB: Latest: Police mount counter-terror operation following attack in #Westminster. Heavy police presence as investigations continue iâ€¦,"Latest: Police mount counter-terror operation following attack in #Westminster. Heavy police presence as investigations continue into the incident as suspect held in custody. 

More from @richardgaisford
Updates: https://t.co/tJsx2hWobv https://t.co/mruqPXYqop",Tue Aug 14 10:38:11 +0000 2018
GMB,"Latest: Police mount counter-terror operation following attack in #Westminster. Heavy police presence as investigations continue into the incident as suspect held in custody. 

More from @richardgaisford
Updates: https://t.co/tJsx2hWobv https://t.co/mruqPXYqop",,Tue Aug 14 10:38:01 +0000 2018
Amazing_Grace_V,"RT @GMB: Westminster latest: 
- Heavy armed police presence after car driven into security barriers outside Parliament 
- Suspect in custodâ€¦","Westminster latest: 
- Heavy armed police presence after car driven into security barriers outside Parliament 
- Suspect in custody 
- Two treated for injuries 

@GMBâ€™s @richardgaisford was the first journalist on the scene. 

Read more: https://t.co/tJsx2hWobv https://t.co/MUvUye8pSn",Tue Aug 14 10:01:08 +0000 2018
DerrieAdams,"RT @Lincoln_Police: ROBBERY #3
Serial armed robbers carjack a man near 100 block of W South.
Ofcs locate stolen car and robber's car.  
Firâ€¦","ROBBERY #3
Serial armed robbers carjack a man near 100 block of W South.
Ofcs locate stolen car and robber's car.  
First car stopped with 3 in custody.
Stolen car stopped 4 in custody.
One gun located.
Stolen property located.
Investigation continues
#LPD via @LPDUpAllNight https://t.co/z70IfwkS2x",Tue Aug 14 10:01:02 +0000 2018
TCPorter777,"RT @Lincoln_Police: ROBBERY #3
Serial armed robbers carjack a man near 100 block of W South.
Ofcs locate stolen car and robber's car.  
Firâ€¦","ROBBERY #3
Serial armed robbers carjack a man near 100 block of W South.
Ofcs locate stolen car and robber's car.  
First car stopped with 3 in custody.
Stolen car stopped 4 in custody.
One gun located.
Stolen property located.
Investigation continues
#LPD via @LPDUpAllNight https://t.co/z70IfwkS2x",Tue Aug 14 09:46:30 +0000 2018
BradAnderson_WX,"RT @Lincoln_Police: ROBBERY #3
Serial armed robbers carjack a man near 100 block of W South.
Ofcs locate stolen car and robber's car.  
Firâ€¦","ROBBERY #3
Serial armed robbers carjack a man near 100 block of W South.
Ofcs locate stolen car and robber's car.  
First car stopped with 3 in custody.
Stolen car stopped 4 in custody.
One gun located.
Stolen property located.
Investigation continues
#LPD via @LPDUpAllNight https://t.co/z70IfwkS2x",Tue Aug 14 09:34:25 +0000 2018
titanicsno1fan,"RT @GMB: Westminster latest: 
- Heavy armed police presence after car driven into security barriers outside Parliament 
- Suspect in custodâ€¦","Westminster latest: 
- Heavy armed police presence after car driven into security barriers outside Parliament 
- Suspect in custody 
- Two treated for injuries 

@GMBâ€™s @richardgaisford was the first journalist on the scene. 

Read more: https://t.co/tJsx2hWobv https://t.co/MUvUye8pSn",Tue Aug 14 09:32:23 +0000 2018
Lincoln_Police,"ROBBERY #3
Serial armed robbers carjack a man near 100 block of W South.
Ofcs locate stolen car and robber's car.  
First car stopped with 3 in custody.
Stolen car stopped 4 in custody.
One gun located.
Stolen property located.
Investigation continues
#LPD via @LPDUpAllNight https://t.co/z70IfwkS2x",,Tue Aug 14 09:31:09 +0000 2018
LPDUpAllNight,"ROBBERY #3
Serial armed robbers carjack a man near 100 block of W South.
Ofcs locate stolen car and robber's car.  
First car stopped with 3 in custody.
Stolen car stopped 4 in custody.
One gun located.
Stolen property located.
Investigation continues
#LPD https://t.co/7YNLMyedKA",,Tue Aug 14 09:31:00 +0000 2018
ranvir01,"RT @GMB: Westminster latest: 
- Heavy armed police presence after car driven into security barriers outside Parliament 
- Suspect in custodâ€¦","Westminster latest: 
- Heavy armed police presence after car driven into security barriers outside Parliament 
- Suspect in custody 
- Two treated for injuries 

@GMBâ€™s @richardgaisford was the first journalist on the scene. 

Read more: https://t.co/tJsx2hWobv https://t.co/MUvUye8pSn",Tue Aug 14 09:14:40 +0000 2018
Media999E,"RT @GMB: Westminster latest: 
- Heavy armed police presence after car driven into security barriers outside Parliament 
- Suspect in custodâ€¦","Westminster latest: 
- Heavy armed police presence after car driven into security barriers outside Parliament 
- Suspect in custody 
- Two treated for injuries 

@GMBâ€™s @richardgaisford was the first journalist on the scene. 

Read more: https://t.co/tJsx2hWobv https://t.co/MUvUye8pSn",Tue Aug 14 09:12:38 +0000 2018
2DaNiSpUd2,"RT @GMB: Westminster latest: 
- Heavy armed police presence after car driven into security barriers outside Parliament 
- Suspect in custodâ€¦","Westminster latest: 
- Heavy armed police presence after car driven into security barriers outside Parliament 
- Suspect in custody 
- Two treated for injuries 

@GMBâ€™s @richardgaisford was the first journalist on the scene. 

Read more: https://t.co/tJsx2hWobv https://t.co/MUvUye8pSn",Tue Aug 14 09:09:47 +0000 2018
CAGKN31,"Video: Armed police swoop on car outside Westminster

https://t.co/7NFkpgbq7G

Sent via @updayUK",,Tue Aug 14 09:08:30 +0000 2018
KoolKedgeTV,"RT @GMB: Westminster latest: 
- Heavy armed police presence after car driven into security barriers outside Parliament 
- Suspect in custodâ€¦","Westminster latest: 
- Heavy armed police presence after car driven into security barriers outside Parliament 
- Suspect in custody 
- Two treated for injuries 

@GMBâ€™s @richardgaisford was the first journalist on the scene. 

Read more: https://t.co/tJsx2hWobv https://t.co/MUvUye8pSn",Tue Aug 14 09:08:21 +0000 2018
CameronYardeJnr,"RT @GMB: Westminster latest: 
- Heavy armed police presence after car driven into security barriers outside Parliament 
- Suspect in custodâ€¦","Westminster latest: 
- Heavy armed police presence after car driven into security barriers outside Parliament 
- Suspect in custody 
- Two treated for injuries 

@GMBâ€™s @richardgaisford was the first journalist on the scene. 

Read more: https://t.co/tJsx2hWobv https://t.co/MUvUye8pSn",Tue Aug 14 09:03:26 +0000 2018
RockingRPG,"RT @GMB: Westminster latest: 
- Heavy armed police presence after car driven into security barriers outside Parliament 
- Suspect in custodâ€¦","Westminster latest: 
- Heavy armed police presence after car driven into security barriers outside Parliament 
- Suspect in custody 
- Two treated for injuries 

@GMBâ€™s @richardgaisford was the first journalist on the scene. 

Read more: https://t.co/tJsx2hWobv https://t.co/MUvUye8pSn",Tue Aug 14 09:02:16 +0000 2018
Plannerathand,"RT @GMB: Westminster latest: 
- Heavy armed police presence after car driven into security barriers outside Parliament 
- Suspect in custodâ€¦","Westminster latest: 
- Heavy armed police presence after car driven into security barriers outside Parliament 
- Suspect in custody 
- Two treated for injuries 

@GMBâ€™s @richardgaisford was the first journalist on the scene. 

Read more: https://t.co/tJsx2hWobv https://t.co/MUvUye8pSn",Tue Aug 14 09:01:10 +0000 2018
Joannequail84,"RT @GMB: Westminster latest: 
- Heavy armed police presence after car driven into security barriers outside Parliament 
- Suspect in custodâ€¦","Westminster latest: 
- Heavy armed police presence after car driven into security barriers outside Parliament 
- Suspect in custody 
- Two treated for injuries 

@GMBâ€™s @richardgaisford was the first journalist on the scene. 

Read more: https://t.co/tJsx2hWobv https://t.co/MUvUye8pSn",Tue Aug 14 09:00:12 +0000 2018
HelenBracegirdl,"RT @GMB: Westminster latest: 
- Heavy armed police presence after car driven into security barriers outside Parliament 
- Suspect in custodâ€¦","Westminster latest: 
- Heavy armed police presence after car driven into security barriers outside Parliament 
- Suspect in custody 
- Two treated for injuries 

@GMBâ€™s @richardgaisford was the first journalist on the scene. 

Read more: https://t.co/tJsx2hWobv https://t.co/MUvUye8pSn",Tue Aug 14 08:58:42 +0000 2018
OtteryN,"RT @GMB: Westminster latest: 
- Heavy armed police presence after car driven into security barriers outside Parliament 
- Suspect in custodâ€¦","Westminster latest: 
- Heavy armed police presence after car driven into security barriers outside Parliament 
- Suspect in custody 
- Two treated for injuries 

@GMBâ€™s @richardgaisford was the first journalist on the scene. 

Read more: https://t.co/tJsx2hWobv https://t.co/MUvUye8pSn",Tue Aug 14 08:58:18 +0000 2018
rakanos1,RT @GMB: Heavy armed police presence around Westminster this morning. Police are investigating after a man drove a car into security barrieâ€¦,Heavy armed police presence around Westminster this morning. Police are investigating after a man drove a car into security barriers outside Parliament. Suspect in custody. https://t.co/hkZNmGie0Z,Tue Aug 14 08:56:06 +0000 2018
rakanos1,"RT @GMB: Westminster latest: 
- Heavy armed police presence after car driven into security barriers outside Parliament 
- Suspect in custodâ€¦","Westminster latest: 
- Heavy armed police presence after car driven into security barriers outside Parliament 
- Suspect in custody 
- Two treated for injuries 

@GMBâ€™s @richardgaisford was the first journalist on the scene. 

Read more: https://t.co/tJsx2hWobv https://t.co/MUvUye8pSn",Tue Aug 14 08:55:42 +0000 2018
britishflexr,"RT @GMB: Westminster latest: 
- Heavy armed police presence after car driven into security barriers outside Parliament 
- Suspect in custodâ€¦","Westminster latest: 
- Heavy armed police presence after car driven into security barriers outside Parliament 
- Suspect in custody 
- Two treated for injuries 

@GMBâ€™s @richardgaisford was the first journalist on the scene. 

Read more: https://t.co/tJsx2hWobv https://t.co/MUvUye8pSn",Tue Aug 14 08:53:32 +0000 2018
cwnhitch,RT @GMB: Heavy armed police presence around Westminster this morning. Police are investigating after a man drove a car into security barrieâ€¦,Heavy armed police presence around Westminster this morning. Police are investigating after a man drove a car into security barriers outside Parliament. Suspect in custody. https://t.co/hkZNmGie0Z,Tue Aug 14 08:53:18 +0000 2018
xxTracey66xx,RT @GMB: Heavy armed police presence around Westminster this morning. Police are investigating after a man drove a car into security barrieâ€¦,Heavy armed police presence around Westminster this morning. Police are investigating after a man drove a car into security barriers outside Parliament. Suspect in custody. https://t.co/hkZNmGie0Z,Tue Aug 14 08:52:15 +0000 2018
ShowbizSecrets,"RT @GMB: Westminster latest: 
- Heavy armed police presence after car driven into security barriers outside Parliament 
- Suspect in custodâ€¦","Westminster latest: 
- Heavy armed police presence after car driven into security barriers outside Parliament 
- Suspect in custody 
- Two treated for injuries 

@GMBâ€™s @richardgaisford was the first journalist on the scene. 

Read more: https://t.co/tJsx2hWobv https://t.co/MUvUye8pSn",Tue Aug 14 08:50:05 +0000 2018
NativeWEagle,"RT @GMB: Westminster latest: 
- Heavy armed police presence after car driven into security barriers outside Parliament 
- Suspect in custodâ€¦","Westminster latest: 
- Heavy armed police presence after car driven into security barriers outside Parliament 
- Suspect in custody 
- Two treated for injuries 

@GMBâ€™s @richardgaisford was the first journalist on the scene. 

Read more: https://t.co/tJsx2hWobv https://t.co/MUvUye8pSn",Tue Aug 14 08:49:20 +0000 2018
RJSweeneyITV,"RT @GMB: Westminster latest: 
- Heavy armed police presence after car driven into security barriers outside Parliament 
- Suspect in custodâ€¦","Westminster latest: 
- Heavy armed police presence after car driven into security barriers outside Parliament 
- Suspect in custody 
- Two treated for injuries 

@GMBâ€™s @richardgaisford was the first journalist on the scene. 

Read more: https://t.co/tJsx2hWobv https://t.co/MUvUye8pSn",Tue Aug 14 08:49:14 +0000 2018
ondinemonet,"RT @GMB: Westminster latest: 
- Heavy armed police presence after car driven into security barriers outside Parliament 
- Suspect in custodâ€¦","Westminster latest: 
- Heavy armed police presence after car driven into security barriers outside Parliament 
- Suspect in custody 
- Two treated for injuries 

@GMBâ€™s @richardgaisford was the first journalist on the scene. 

Read more: https://t.co/tJsx2hWobv https://t.co/MUvUye8pSn",Tue Aug 14 08:46:19 +0000 2018
Katieloulou18,"RT @GMB: Westminster latest: 
- Heavy armed police presence after car driven into security barriers outside Parliament 
- Suspect in custodâ€¦","Westminster latest: 
- Heavy armed police presence after car driven into security barriers outside Parliament 
- Suspect in custody 
- Two treated for injuries 

@GMBâ€™s @richardgaisford was the first journalist on the scene. 

Read more: https://t.co/tJsx2hWobv https://t.co/MUvUye8pSn",Tue Aug 14 08:45:40 +0000 2018
GMBDaily,RT @GMB: Heavy armed police presence around Westminster this morning. Police are investigating after a man drove a car into security barrieâ€¦,Heavy armed police presence around Westminster this morning. Police are investigating after a man drove a car into security barriers outside Parliament. Suspect in custody. https://t.co/hkZNmGie0Z,Tue Aug 14 08:45:15 +0000 2018
chazlions,"RT @GMB: Westminster latest: 
- Heavy armed police presence after car driven into security barriers outside Parliament 
- Suspect in custodâ€¦","Westminster latest: 
- Heavy armed police presence after car driven into security barriers outside Parliament 
- Suspect in custody 
- Two treated for injuries 

@GMBâ€™s @richardgaisford was the first journalist on the scene. 

Read more: https://t.co/tJsx2hWobv https://t.co/MUvUye8pSn",Tue Aug 14 08:45:09 +0000 2018
GMBDaily,"RT @GMB: Westminster latest: 
- Heavy armed police presence after car driven into security barriers outside Parliament 
- Suspect in custodâ€¦","Westminster latest: 
- Heavy armed police presence after car driven into security barriers outside Parliament 
- Suspect in custody 
- Two treated for injuries 

@GMBâ€™s @richardgaisford was the first journalist on the scene. 

Read more: https://t.co/tJsx2hWobv https://t.co/MUvUye8pSn",Tue Aug 14 08:45:09 +0000 2018
jakearmitage1,"RT @GMB: Westminster latest: 
- Heavy armed police presence after car driven into security barriers outside Parliament 
- Suspect in custodâ€¦","Westminster latest: 
- Heavy armed police presence after car driven into security barriers outside Parliament 
- Suspect in custody 
- Two treated for injuries 

@GMBâ€™s @richardgaisford was the first journalist on the scene. 

Read more: https://t.co/tJsx2hWobv https://t.co/MUvUye8pSn",Tue Aug 14 08:43:18 +0000 2018
BobBobbymalton,"RT @GMB: Westminster latest: 
- Heavy armed police presence after car driven into security barriers outside Parliament 
- Suspect in custodâ€¦","Westminster latest: 
- Heavy armed police presence after car driven into security barriers outside Parliament 
- Suspect in custody 
- Two treated for injuries 

@GMBâ€™s @richardgaisford was the first journalist on the scene. 

Read more: https://t.co/tJsx2hWobv https://t.co/MUvUye8pSn",Tue Aug 14 08:42:17 +0000 2018
helenmurstt31,"RT @GMB: Westminster latest: 
- Heavy armed police presence after car driven into security barriers outside Parliament 
- Suspect in custodâ€¦","Westminster latest: 
- Heavy armed police presence after car driven into security barriers outside Parliament 
- Suspect in custody 
- Two treated for injuries 

@GMBâ€™s @richardgaisford was the first journalist on the scene. 

Read more: https://t.co/tJsx2hWobv https://t.co/MUvUye8pSn",Tue Aug 14 08:42:13 +0000 2018
MrsS1969,"RT @GMB: Westminster latest: 
- Heavy armed police presence after car driven into security barriers outside Parliament 
- Suspect in custodâ€¦","Westminster latest: 
- Heavy armed police presence after car driven into security barriers outside Parliament 
- Suspect in custody 
- Two treated for injuries 

@GMBâ€™s @richardgaisford was the first journalist on the scene. 

Read more: https://t.co/tJsx2hWobv https://t.co/MUvUye8pSn",Tue Aug 14 08:42:10 +0000 2018
JimmyKinkladze,"RT @GMB: Westminster latest: 
- Heavy armed police presence after car driven into security barriers outside Parliament 
- Suspect in custodâ€¦","Westminster latest: 
- Heavy armed police presence after car driven into security barriers outside Parliament 
- Suspect in custody 
- Two treated for injuries 

@GMBâ€™s @richardgaisford was the first journalist on the scene. 

Read more: https://t.co/tJsx2hWobv https://t.co/MUvUye8pSn",Tue Aug 14 08:41:43 +0000 2018
sigridbrown,"RT @GMB: Westminster latest: 
- Heavy armed police presence after car driven into security barriers outside Parliament 
- Suspect in custodâ€¦","Westminster latest: 
- Heavy armed police presence after car driven into security barriers outside Parliament 
- Suspect in custody 
- Two treated for injuries 

@GMBâ€™s @richardgaisford was the first journalist on the scene. 

Read more: https://t.co/tJsx2hWobv https://t.co/MUvUye8pSn",Tue Aug 14 08:41:41 +0000 2018
sigridbrown,RT @GMB: Heavy armed police presence around Westminster this morning. Police are investigating after a man drove a car into security barrieâ€¦,Heavy armed police presence around Westminster this morning. Police are investigating after a man drove a car into security barriers outside Parliament. Suspect in custody. https://t.co/hkZNmGie0Z,Tue Aug 14 08:41:38 +0000 2018
GeneTelevision,"RT @GMB: Westminster latest: 
- Heavy armed police presence after car driven into security barriers outside Parliament 
- Suspect in custodâ€¦","Westminster latest: 
- Heavy armed police presence after car driven into security barriers outside Parliament 
- Suspect in custody 
- Two treated for injuries 

@GMBâ€™s @richardgaisford was the first journalist on the scene. 

Read more: https://t.co/tJsx2hWobv https://t.co/MUvUye8pSn",Tue Aug 14 08:41:01 +0000 2018
richardgaisford,"RT @GMB: Westminster latest: 
- Heavy armed police presence after car driven into security barriers outside Parliament 
- Suspect in custodâ€¦","Westminster latest: 
- Heavy armed police presence after car driven into security barriers outside Parliament 
- Suspect in custody 
- Two treated for injuries 

@GMBâ€™s @richardgaisford was the first journalist on the scene. 

Read more: https://t.co/tJsx2hWobv https://t.co/MUvUye8pSn",Tue Aug 14 08:40:57 +0000 2018
Officialdanny23,"RT @GMB: Westminster latest: 
- Heavy armed police presence after car driven into security barriers outside Parliament 
- Suspect in custodâ€¦","Westminster latest: 
- Heavy armed police presence after car driven into security barriers outside Parliament 
- Suspect in custody 
- Two treated for injuries 

@GMBâ€™s @richardgaisford was the first journalist on the scene. 

Read more: https://t.co/tJsx2hWobv https://t.co/MUvUye8pSn",Tue Aug 14 08:40:35 +0000 2018
yukanagomin,"RT @GMB: Westminster latest: 
- Heavy armed police presence after car driven into security barriers outside Parliament 
- Suspect in custodâ€¦","Westminster latest: 
- Heavy armed police presence after car driven into security barriers outside Parliament 
- Suspect in custody 
- Two treated for injuries 

@GMBâ€™s @richardgaisford was the first journalist on the scene. 

Read more: https://t.co/tJsx2hWobv https://t.co/MUvUye8pSn",Tue Aug 14 08:39:58 +0000 2018
cwnhitch,"RT @GMB: Westminster latest: 
- Heavy armed police presence after car driven into security barriers outside Parliament 
- Suspect in custodâ€¦","Westminster latest: 
- Heavy armed police presence after car driven into security barriers outside Parliament 
- Suspect in custody 
- Two treated for injuries 

@GMBâ€™s @richardgaisford was the first journalist on the scene. 

Read more: https://t.co/tJsx2hWobv https://t.co/MUvUye8pSn",Tue Aug 14 08:39:53 +0000 2018
hugill_jamie,"RT @GMB: Westminster latest: 
- Heavy armed police presence after car driven into security barriers outside Parliament 
- Suspect in custodâ€¦","Westminster latest: 
- Heavy armed police presence after car driven into security barriers outside Parliament 
- Suspect in custody 
- Two treated for injuries 

@GMBâ€™s @richardgaisford was the first journalist on the scene. 

Read more: https://t.co/tJsx2hWobv https://t.co/MUvUye8pSn",Tue Aug 14 08:39:30 +0000 2018
GMB,"Westminster latest: 
- Heavy armed police presence after car driven into security barriers outside Parliament 
- Suspect in custody 
- Two treated for injuries 

@GMBâ€™s @richardgaisford was the first journalist on the scene. 

Read more: https://t.co/tJsx2hWobv https://t.co/MUvUye8pSn",,Tue Aug 14 08:39:21 +0000 2018
TheKingCreated,RT @GMB: Heavy armed police presence around Westminster this morning. Police are investigating after a man drove a car into security barrieâ€¦,Heavy armed police presence around Westminster this morning. Police are investigating after a man drove a car into security barriers outside Parliament. Suspect in custody. https://t.co/hkZNmGie0Z,Tue Aug 14 08:36:14 +0000 2018
ARWBS3,RT @GMB: Heavy armed police presence around Westminster this morning. Police are investigating after a man drove a car into security barrieâ€¦,Heavy armed police presence around Westminster this morning. Police are investigating after a man drove a car into security barriers outside Parliament. Suspect in custody. https://t.co/hkZNmGie0Z,Tue Aug 14 08:32:32 +0000 2018
tialouiseatkins,RT @GMB: Heavy armed police presence around Westminster this morning. Police are investigating after a man drove a car into security barrieâ€¦,Heavy armed police presence around Westminster this morning. Police are investigating after a man drove a car into security barriers outside Parliament. Suspect in custody. https://t.co/hkZNmGie0Z,Tue Aug 14 08:31:31 +0000 2018
Katieloulou18,RT @GMB: Heavy armed police presence around Westminster this morning. Police are investigating after a man drove a car into security barrieâ€¦,Heavy armed police presence around Westminster this morning. Police are investigating after a man drove a car into security barriers outside Parliament. Suspect in custody. https://t.co/hkZNmGie0Z,Tue Aug 14 08:29:41 +0000 2018
jen_c4sh,RT @GMB: Heavy armed police presence around Westminster this morning. Police are investigating after a man drove a car into security barrieâ€¦,Heavy armed police presence around Westminster this morning. Police are investigating after a man drove a car into security barriers outside Parliament. Suspect in custody. https://t.co/hkZNmGie0Z,Tue Aug 14 08:26:36 +0000 2018
Whatsyo47060721,RT @GMB: Heavy armed police presence around Westminster this morning. Police are investigating after a man drove a car into security barrieâ€¦,Heavy armed police presence around Westminster this morning. Police are investigating after a man drove a car into security barriers outside Parliament. Suspect in custody. https://t.co/hkZNmGie0Z,Tue Aug 14 08:25:23 +0000 2018
HelenBracegirdl,RT @GMB: Heavy armed police presence around Westminster this morning. Police are investigating after a man drove a car into security barrieâ€¦,Heavy armed police presence around Westminster this morning. Police are investigating after a man drove a car into security barriers outside Parliament. Suspect in custody. https://t.co/hkZNmGie0Z,Tue Aug 14 08:24:58 +0000 2018
naill85,RT @GMB: Heavy armed police presence around Westminster this morning. Police are investigating after a man drove a car into security barrieâ€¦,Heavy armed police presence around Westminster this morning. Police are investigating after a man drove a car into security barriers outside Parliament. Suspect in custody. https://t.co/hkZNmGie0Z,Tue Aug 14 08:24:37 +0000 2018
JordanWeir21,RT @GMB: Heavy armed police presence around Westminster this morning. Police are investigating after a man drove a car into security barrieâ€¦,Heavy armed police presence around Westminster this morning. Police are investigating after a man drove a car into security barriers outside Parliament. Suspect in custody. https://t.co/hkZNmGie0Z,Tue Aug 14 08:23:45 +0000 2018
pbasset12,RT @GMB: Heavy armed police presence around Westminster this morning. Police are investigating after a man drove a car into security barrieâ€¦,Heavy armed police presence around Westminster this morning. Police are investigating after a man drove a car into security barriers outside Parliament. Suspect in custody. https://t.co/hkZNmGie0Z,Tue Aug 14 08:21:22 +0000 2018
lines_melanie,RT @GMB: Heavy armed police presence around Westminster this morning. Police are investigating after a man drove a car into security barrieâ€¦,Heavy armed police presence around Westminster this morning. Police are investigating after a man drove a car into security barriers outside Parliament. Suspect in custody. https://t.co/hkZNmGie0Z,Tue Aug 14 08:20:54 +0000 2018
Ed_7991,RT @GMB: Heavy armed police presence around Westminster this morning. Police are investigating after a man drove a car into security barrieâ€¦,Heavy armed police presence around Westminster this morning. Police are investigating after a man drove a car into security barriers outside Parliament. Suspect in custody. https://t.co/hkZNmGie0Z,Tue Aug 14 08:18:16 +0000 2018
MajesticCr8tion,RT @GMB: Heavy armed police presence around Westminster this morning. Police are investigating after a man drove a car into security barrieâ€¦,Heavy armed police presence around Westminster this morning. Police are investigating after a man drove a car into security barriers outside Parliament. Suspect in custody. https://t.co/hkZNmGie0Z,Tue Aug 14 08:17:26 +0000 2018
lizziegraham37,RT @GMB: Heavy armed police presence around Westminster this morning. Police are investigating after a man drove a car into security barrieâ€¦,Heavy armed police presence around Westminster this morning. Police are investigating after a man drove a car into security barriers outside Parliament. Suspect in custody. https://t.co/hkZNmGie0Z,Tue Aug 14 08:17:23 +0000 2018
Jou026,RT @GMB: Heavy armed police presence around Westminster this morning. Police are investigating after a man drove a car into security barrieâ€¦,Heavy armed police presence around Westminster this morning. Police are investigating after a man drove a car into security barriers outside Parliament. Suspect in custody. https://t.co/hkZNmGie0Z,Tue Aug 14 08:16:23 +0000 2018
sreynolds196777,RT @GMB: Heavy armed police presence around Westminster this morning. Police are investigating after a man drove a car into security barrieâ€¦,Heavy armed police presence around Westminster this morning. Police are investigating after a man drove a car into security barriers outside Parliament. Suspect in custody. https://t.co/hkZNmGie0Z,Tue Aug 14 08:15:13 +0000 2018
pixel_hyper,RT @GMB: Heavy armed police presence around Westminster this morning. Police are investigating after a man drove a car into security barrieâ€¦,Heavy armed police presence around Westminster this morning. Police are investigating after a man drove a car into security barriers outside Parliament. Suspect in custody. https://t.co/hkZNmGie0Z,Tue Aug 14 08:14:49 +0000 2018
AlxString,RT @GMB: Heavy armed police presence around Westminster this morning. Police are investigating after a man drove a car into security barrieâ€¦,Heavy armed police presence around Westminster this morning. Police are investigating after a man drove a car into security barriers outside Parliament. Suspect in custody. https://t.co/hkZNmGie0Z,Tue Aug 14 08:14:37 +0000 2018
jimmy_harrower,RT @GMB: Heavy armed police presence around Westminster this morning. Police are investigating after a man drove a car into security barrieâ€¦,Heavy armed police presence around Westminster this morning. Police are investigating after a man drove a car into security barriers outside Parliament. Suspect in custody. https://t.co/hkZNmGie0Z,Tue Aug 14 08:13:44 +0000 2018
DarrenOatway,RT @GMB: Heavy armed police presence around Westminster this morning. Police are investigating after a man drove a car into security barrieâ€¦,Heavy armed police presence around Westminster this morning. Police are investigating after a man drove a car into security barriers outside Parliament. Suspect in custody. https://t.co/hkZNmGie0Z,Tue Aug 14 08:13:28 +0000 2018
hugill_jamie,RT @GMB: Heavy armed police presence around Westminster this morning. Police are investigating after a man drove a car into security barrieâ€¦,Heavy armed police presence around Westminster this morning. Police are investigating after a man drove a car into security barriers outside Parliament. Suspect in custody. https://t.co/hkZNmGie0Z,Tue Aug 14 08:13:02 +0000 2018
GMB,Heavy armed police presence around Westminster this morning. Police are investigating after a man drove a car into security barriers outside Parliament. Suspect in custody. https://t.co/hkZNmGie0Z,,Tue Aug 14 08:12:53 +0000 2018
AmberX994874,RT @MoondriftMusing: Poor Colac. Man accused of making cash demands while armed with shovel handle remanded in custody https://t.co/3hQe756â€¦,Poor Colac. Man accused of making cash demands while armed with shovel handle remanded in custody https://t.co/3hQe756ANR via @WboolStandard,Tue Aug 14 03:35:47 +0000 2018
MoondriftMusing,Poor Colac. Man accused of making cash demands while armed with shovel handle remanded in custody https://t.co/3hQe756ANR via @WboolStandard,,Tue Aug 14 03:25:44 +0000 2018
ChronLaw,"Possibly armed man in custody after Greyhound bus chase - KABC-TV
https://t.co/o6uEkW4tbG https://t.co/gmbZU9uqmC",,Tue Aug 14 01:26:58 +0000 2018
WboolStandard,Man accused of making cash demands while armed with shovel handle remanded in custody https://t.co/Al8mpDPS1i,,Mon Aug 13 22:19:09 +0000 2018
cci_network,"RT @StopPlaasmoorde: UNFUCKINGBELIEVABLE
https://t.co/Osqcu16TuH
Prisoner (38) that was supposed to appear in court today was killed whileâ€¦","UNFUCKINGBELIEVABLE
https://t.co/Osqcu16TuH
Prisoner (38) that was supposed to appear in court today was killed while in custody. 4 armed men entered the police station just after midnight and held the 2 on duty at gunpoint.

WTF @SAPoliceService ðŸ˜¡ðŸ˜¡ðŸ˜¡",Mon Aug 13 18:48:08 +0000 2018
whitegenocide10,"RT @StopPlaasmoorde: UNFUCKINGBELIEVABLE
https://t.co/Osqcu16TuH
Prisoner (38) that was supposed to appear in court today was killed whileâ€¦","UNFUCKINGBELIEVABLE
https://t.co/Osqcu16TuH
Prisoner (38) that was supposed to appear in court today was killed while in custody. 4 armed men entered the police station just after midnight and held the 2 on duty at gunpoint.

WTF @SAPoliceService ðŸ˜¡ðŸ˜¡ðŸ˜¡",Mon Aug 13 13:19:37 +0000 2018
computermouse12,"RT @StopPlaasmoorde: UNFUCKINGBELIEVABLE
https://t.co/Osqcu16TuH
Prisoner (38) that was supposed to appear in court today was killed whileâ€¦","UNFUCKINGBELIEVABLE
https://t.co/Osqcu16TuH
Prisoner (38) that was supposed to appear in court today was killed while in custody. 4 armed men entered the police station just after midnight and held the 2 on duty at gunpoint.

WTF @SAPoliceService ðŸ˜¡ðŸ˜¡ðŸ˜¡",Mon Aug 13 13:17:41 +0000 2018
rmss5555,"RT @StopPlaasmoorde: UNFUCKINGBELIEVABLE
https://t.co/Osqcu16TuH
Prisoner (38) that was supposed to appear in court today was killed whileâ€¦","UNFUCKINGBELIEVABLE
https://t.co/Osqcu16TuH
Prisoner (38) that was supposed to appear in court today was killed while in custody. 4 armed men entered the police station just after midnight and held the 2 on duty at gunpoint.

WTF @SAPoliceService ðŸ˜¡ðŸ˜¡ðŸ˜¡",Mon Aug 13 12:58:22 +0000 2018
JC_Aucamp,"RT @StopPlaasmoorde: UNFUCKINGBELIEVABLE
https://t.co/Osqcu16TuH
Prisoner (38) that was supposed to appear in court today was killed whileâ€¦","UNFUCKINGBELIEVABLE
https://t.co/Osqcu16TuH
Prisoner (38) that was supposed to appear in court today was killed while in custody. 4 armed men entered the police station just after midnight and held the 2 on duty at gunpoint.

WTF @SAPoliceService ðŸ˜¡ðŸ˜¡ðŸ˜¡",Mon Aug 13 12:55:57 +0000 2018
danielcoetzee12,"RT @StopPlaasmoorde: UNFUCKINGBELIEVABLE
https://t.co/Osqcu16TuH
Prisoner (38) that was supposed to appear in court today was killed whileâ€¦","UNFUCKINGBELIEVABLE
https://t.co/Osqcu16TuH
Prisoner (38) that was supposed to appear in court today was killed while in custody. 4 armed men entered the police station just after midnight and held the 2 on duty at gunpoint.

WTF @SAPoliceService ðŸ˜¡ðŸ˜¡ðŸ˜¡",Mon Aug 13 12:55:09 +0000 2018
StopPlaasmoorde,"UNFUCKINGBELIEVABLE
https://t.co/Osqcu16TuH
Prisoner (38) that was supposed to appear in court today was killed while in custody. 4 armed men entered the police station just after midnight and held the 2 on duty at gunpoint.

WTF @SAPoliceService ðŸ˜¡ðŸ˜¡ðŸ˜¡",,Mon Aug 13 12:52:41 +0000 2018
cterlecki_waow,BREAKING: The man police said was armed and dangerous is now in custody. https://t.co/ibhj8Cz7wY,,Mon Aug 13 02:16:41 +0000 2018
staffpit16,RT @ChiefSilva: Taxi driver &amp; lawful gun license holder fends off 2 violent armed robbers in New Bedford. One was shot &amp; killed. The otherâ€¦,Taxi driver &amp; lawful gun license holder fends off 2 violent armed robbers in New Bedford. One was shot &amp; killed. The other is now in police custody. https://t.co/3V0LbMxvvr,Sun Aug 12 02:35:25 +0000 2018
scas781,RT @ChiefSilva: Taxi driver &amp; lawful gun license holder fends off 2 violent armed robbers in New Bedford. One was shot &amp; killed. The otherâ€¦,Taxi driver &amp; lawful gun license holder fends off 2 violent armed robbers in New Bedford. One was shot &amp; killed. The other is now in police custody. https://t.co/3V0LbMxvvr,Sat Aug 11 21:58:04 +0000 2018
massgunrights,RT @ChiefSilva: Taxi driver &amp; lawful gun license holder fends off 2 violent armed robbers in New Bedford. One was shot &amp; killed. The otherâ€¦,Taxi driver &amp; lawful gun license holder fends off 2 violent armed robbers in New Bedford. One was shot &amp; killed. The other is now in police custody. https://t.co/3V0LbMxvvr,Sat Aug 11 21:56:35 +0000 2018
MPG1945,RT @ChiefSilva: Taxi driver &amp; lawful gun license holder fends off 2 violent armed robbers in New Bedford. One was shot &amp; killed. The otherâ€¦,Taxi driver &amp; lawful gun license holder fends off 2 violent armed robbers in New Bedford. One was shot &amp; killed. The other is now in police custody. https://t.co/3V0LbMxvvr,Sat Aug 11 21:50:40 +0000 2018
LivePdMass,RT @ChiefSilva: Taxi driver &amp; lawful gun license holder fends off 2 violent armed robbers in New Bedford. One was shot &amp; killed. The otherâ€¦,Taxi driver &amp; lawful gun license holder fends off 2 violent armed robbers in New Bedford. One was shot &amp; killed. The other is now in police custody. https://t.co/3V0LbMxvvr,Sat Aug 11 21:33:26 +0000 2018
ChiefSilva,Taxi driver &amp; lawful gun license holder fends off 2 violent armed robbers in New Bedford. One was shot &amp; killed. The other is now in police custody. https://t.co/3V0LbMxvvr,,Sat Aug 11 21:12:36 +0000 2018
FourCornersRock,RT @23WIFR: #BREAKING: The 20-year-old man wanted in connection to a string of recent armed robberies on Rockford's east side is now in cusâ€¦,#BREAKING: The 20-year-old man wanted in connection to a string of recent armed robberies on Rockford's east side is now in custody. https://t.co/vSuM2nMDqm,Sat Aug 11 10:38:09 +0000 2018
IFollowYooBack_,"Man in custody after SWAT standoff in Bellaire

A man has been taken into custody after an hours-long standoff at a house in Bellaire.

https://t.co/sUFY63mtVT https://t.co/p7WywWTTBR",,Sat Aug 11 07:05:33 +0000 2018
joyce_macri,Man in custody after SWAT standoff in Bellaire https://t.co/a4YT0d2K1u,,Fri Aug 10 18:35:37 +0000 2018
joyce_macri,Man in custody after SWAT standoff in Bellaire https://t.co/XlH9eh1Nfe via @houstonchron,,Fri Aug 10 18:35:19 +0000 2018
BonnieC60712656,"RT @KAKEnews: Wichita Police say a standoff with an armed man near North High School has ended. The man is in custody, and has been taken tâ€¦","Wichita Police say a standoff with an armed man near North High School has ended. The man is in custody, and has been taken to a hospital.",Fri Aug 10 17:34:51 +0000 2018
fox11news,Man wanted in #Ashwaubenon armed robbery taken into custody in Chicago: https://t.co/pgrS669NZb https://t.co/1pKYgAIagw,,Fri Aug 10 17:26:00 +0000 2018
WeLoveSTL,Man accused of stabbing Alton cab driver in custody https://t.co/m4FzFWpPmE https://t.co/LOsE8foAh7,,Fri Aug 10 16:05:36 +0000 2018
FOX2now,Man accused of stabbing Alton cab driver in custody https://t.co/sr8XU6XPCA https://t.co/h4hWQ0JA23,,Fri Aug 10 16:05:22 +0000 2018
23WIFR,#BREAKING: The 20-year-old man wanted in connection to a string of recent armed robberies on Rockford's east side is now in custody. https://t.co/vSuM2nMDqm,,Fri Aug 10 14:22:11 +0000 2018
RowdyPasa,"RT @WGNMorningNews: Officials said the two were armed robbery suspects
https://t.co/ikl1z2HV8m","Officials said the two were armed robbery suspects
https://t.co/ikl1z2HV8m",Fri Aug 10 11:16:33 +0000 2018
WGNMorningNews,"Officials said the two were armed robbery suspects
https://t.co/ikl1z2HV8m",,Fri Aug 10 11:15:21 +0000 2018
WeLoveSTL,Man accused of stabbing Alton cab driver in custody https://t.co/Wc1qNA8tn8 https://t.co/iJVZWuNuda,,Fri Aug 10 09:25:20 +0000 2018
FOX2now,Man accused of stabbing Alton cab driver in custody https://t.co/V40ocQuHlZ https://t.co/CcYczT45AZ,,Fri Aug 10 08:35:22 +0000 2018
WeLoveSTL,Man accused of stabbing Alton cab driver in custody https://t.co/oDruC9F4bJ https://t.co/rH4SoBiOH4,,Fri Aug 10 07:05:45 +0000 2018
Breaking_NewsTN,RT @FOX2now: Man accused of stabbing Alton cab driver in custody https://t.co/ucn8catyEQ https://t.co/y6dKjRYIPa,Man accused of stabbing Alton cab driver in custody https://t.co/ucn8catyEQ https://t.co/y6dKjRYIPa,Fri Aug 10 03:12:27 +0000 2018
bonestillviral,RT @FOX2now: Man accused of stabbing Alton cab driver in custody https://t.co/ucn8catyEQ https://t.co/y6dKjRYIPa,Man accused of stabbing Alton cab driver in custody https://t.co/ucn8catyEQ https://t.co/y6dKjRYIPa,Fri Aug 10 03:07:07 +0000 2018
FOX2now,Man accused of stabbing Alton cab driver in custody https://t.co/ucn8catyEQ https://t.co/y6dKjRYIPa,,Fri Aug 10 03:05:31 +0000 2018
BuddyMarvinMan1,RT @samantha_german: Newport News man arrested in connection with series of bomb threats and armed bank robbery https://t.co/USzsy5k7wU,Newport News man arrested in connection with series of bomb threats and armed bank robbery https://t.co/USzsy5k7wU,Thu Aug 09 22:30:57 +0000 2018
WTKR3,RT @samantha_german: Newport News man arrested in connection with series of bomb threats and armed bank robbery https://t.co/USzsy5k7wU,Newport News man arrested in connection with series of bomb threats and armed bank robbery https://t.co/USzsy5k7wU,Thu Aug 09 22:25:04 +0000 2018
samantha_german,Newport News man arrested in connection with series of bomb threats and armed bank robbery https://t.co/USzsy5k7wU,,Thu Aug 09 22:23:38 +0000 2018
SpiritBluesky,"RT @KAKEnews: Wichita Police say a standoff with an armed man near North High School has ended. The man is in custody, and has been taken tâ€¦","Wichita Police say a standoff with an armed man near North High School has ended. The man is in custody, and has been taken to a hospital.",Thu Aug 09 22:23:29 +0000 2018
KansasLily,"RT @KAKEnews: Wichita Police say a standoff with an armed man near North High School has ended. The man is in custody, and has been taken tâ€¦","Wichita Police say a standoff with an armed man near North High School has ended. The man is in custody, and has been taken to a hospital.",Thu Aug 09 22:22:47 +0000 2018
maritzaraceli,"RT @KAKEnews: Wichita Police say a standoff with an armed man near North High School has ended. The man is in custody, and has been taken tâ€¦","Wichita Police say a standoff with an armed man near North High School has ended. The man is in custody, and has been taken to a hospital.",Thu Aug 09 22:20:57 +0000 2018
KAKEnews,"Wichita Police say a standoff with an armed man near North High School has ended. The man is in custody, and has been taken to a hospital.",,Thu Aug 09 22:19:53 +0000 2018
