mhelnolasco,"Pacencia na po delayed po Flight natin ...injured po ang #FlightAttendant nyo kaya naki @ilovemarykayph Philippines Seminar 2018 muna ako üòç
#HappyToServe 
#MK18 #mk55‚Ä¶ https://t.co/iJvCZU2lBp",,Sat Aug 18 22:50:31 +0000 2018
bbcbristolsport,"HT Wycombe 0-2 Rovers

James Clarke‚Äôs first Rovers goal, backed up by Tony Craig.

The game was delayed briefly when a injured Partridge entered the field of play.

üìª 94.9FM, 104.6FM, @bbcsomerset DAB, 1566mw, Freeview 719 https://t.co/2Y6Cg9n9mJ",,Sat Aug 18 15:02:13 +0000 2018
DoingItLocalcom,"Bridgeport News: North Avenue Crash - 9:55pm‚Äì#Bridgeport CT‚Äì There appeared to be two people injured in a crash in the 1400 block of North Avenue.¬† Traffic will be delayed or detoured until the vehicles are towed.

 - https://t.co/n2BvVB7zET https://t.co/uGqh5PIjKu",,Sat Aug 18 02:21:36 +0000 2018
kimberlyarchie,"RT @garnertrojans: Game delayed for an injured player.  The ambulance has arrived.  It is still first quarter, 12-6, Clayton leading. Pleas‚Ä¶","Game delayed for an injured player.  The ambulance has arrived.  It is still first quarter, 12-6, Clayton leading. Please keep Steven Lines of the Clayton Comets and his family in our thoughts and prayers.  ~le",Sat Aug 18 02:07:07 +0000 2018
ConcernedMom9,"RT @garnertrojans: Game delayed for an injured player.  The ambulance has arrived.  It is still first quarter, 12-6, Clayton leading. Pleas‚Ä¶","Game delayed for an injured player.  The ambulance has arrived.  It is still first quarter, 12-6, Clayton leading. Please keep Steven Lines of the Clayton Comets and his family in our thoughts and prayers.  ~le",Sat Aug 18 01:27:06 +0000 2018
thinkpraybot,"RT @garnertrojans: Game delayed for an injured player.  The ambulance has arrived.  It is still first quarter, 12-6, Clayton leading. Pleas‚Ä¶","Game delayed for an injured player.  The ambulance has arrived.  It is still first quarter, 12-6, Clayton leading. Please keep Steven Lines of the Clayton Comets and his family in our thoughts and prayers.  ~le",Sat Aug 18 00:13:38 +0000 2018
AndrewABranch,"RT @garnertrojans: Game delayed for an injured player.  The ambulance has arrived.  It is still first quarter, 12-6, Clayton leading. Pleas‚Ä¶","Game delayed for an injured player.  The ambulance has arrived.  It is still first quarter, 12-6, Clayton leading. Please keep Steven Lines of the Clayton Comets and his family in our thoughts and prayers.  ~le",Sat Aug 18 00:10:28 +0000 2018
garnertrojans,"Game delayed for an injured player.  The ambulance has arrived.  It is still first quarter, 12-6, Clayton leading. Please keep Steven Lines of the Clayton Comets and his family in our thoughts and prayers.  ~le",,Sat Aug 18 00:08:39 +0000 2018
Neupert_AP,RT @DrMac_22: The Seahorse bus route from Kennedy Elementary school was involved in an accident this afternoon. No students were injured. A‚Ä¶,The Seahorse bus route from Kennedy Elementary school was involved in an accident this afternoon. No students were injured. Another bus is being brought in to finish the route. Students will of course be delayed getting home unfortunately but the important part is all are ok!,Fri Aug 17 21:13:13 +0000 2018
massei_monica,RT @DrMac_22: The Seahorse bus route from Kennedy Elementary school was involved in an accident this afternoon. No students were injured. A‚Ä¶,The Seahorse bus route from Kennedy Elementary school was involved in an accident this afternoon. No students were injured. Another bus is being brought in to finish the route. Students will of course be delayed getting home unfortunately but the important part is all are ok!,Fri Aug 17 21:10:08 +0000 2018
RolandoAlvare11,RT @DrMac_22: The Seahorse bus route from Kennedy Elementary school was involved in an accident this afternoon. No students were injured. A‚Ä¶,The Seahorse bus route from Kennedy Elementary school was involved in an accident this afternoon. No students were injured. Another bus is being brought in to finish the route. Students will of course be delayed getting home unfortunately but the important part is all are ok!,Fri Aug 17 20:49:09 +0000 2018
DrMac_22,The Seahorse bus route from Kennedy Elementary school was involved in an accident this afternoon. No students were injured. Another bus is being brought in to finish the route. Students will of course be delayed getting home unfortunately but the important part is all are ok!,,Fri Aug 17 20:38:23 +0000 2018
ElizaBetsy13,My friend‚Äôs flight to Madison is delayed because a flight attendant was injured by a beverage cart and sent to the hospital. You don‚Äôt hear that every day.,,Thu Aug 16 21:37:09 +0000 2018
ByDanaRieck,"RT @bellevillenewsd: Two injured, trains delayed after car crossing tracks hit by MetroLink train https://t.co/3Gd13rOCkH","Two injured, trains delayed after car crossing tracks hit by MetroLink train https://t.co/3Gd13rOCkH",Thu Aug 16 18:23:48 +0000 2018
bellevillenewsd,"Two injured, trains delayed after car crossing tracks hit by MetroLink train https://t.co/3Gd13rOCkH",,Thu Aug 16 18:14:09 +0000 2018
EJFWZim,"@DRC says they are finally going for an election after a long war with the sitting president who has delayed them by 2 years for fear of loosing power. More than 300 people have died in this fight, some injured and others arrested, SADC support critical @2018SADCSummit @ZIMCODD1",,Thu Aug 16 12:56:31 +0000 2018
idomdavis,Train is delayed due to an injured dog on the line. New one on me although we‚Äôve had a horse on the line before (spent most of the journey at walking pace as the train herded it down the track).,,Thu Aug 16 07:10:17 +0000 2018
webgonewild,Aaron Judge battles pain in injured wrist as return to Yankees lineup delayed https://t.co/n18hDoHIXX,,Thu Aug 16 02:35:15 +0000 2018
_dpaj,Latest: Aaron Judge battles pain in injured wrist as return to Yankees lineup delayed https://t.co/oHiNFiDlQZ via @NYDailyNews https://t.co/jcPTpZyj1Z,,Thu Aug 16 02:29:04 +0000 2018
tml21605,@EM00re16 No one was injured but my husband said that's a miracle because guys were right there. He said it's much worse than it looks. The new bridge is damaged so now it'll be delayed,,Thu Aug 16 00:25:08 +0000 2018
INJURED_FC,"RT @MrDtAFC: Just heard from a friend of mine who works at Spurs, one reason why the opening has been delayed is because they have 10,000 f‚Ä¶","Just heard from a friend of mine who works at Spurs, one reason why the opening has been delayed is because they have 10,000 fire alarms to test and they take 20 mins each to complete üòÇ",Wed Aug 15 23:20:23 +0000 2018
NyachKenya,RT @mmnjug: 33 @KenyaAirways passengers to Bangkok injured in road accident as they were being shuttled to a hotel after their flight was d‚Ä¶,33 @KenyaAirways passengers to Bangkok injured in road accident as they were being shuttled to a hotel after their flight was delayed at JKIA https://t.co/2PJcjhQUSz,Wed Aug 15 11:16:07 +0000 2018
remediesBot,"A flour mill has been delayed by their tenant, who caused on holiday. The court orders damages must place the injured party in the same position.",,Wed Aug 15 04:10:22 +0000 2018
DaRealBeezyJay,"RT @SliceWrestling: Update:

Dean Ambrose Has Been Injured Since December 2017 The Reason Recovery Time Was Delayed Is Due To Re-Injuring H‚Ä¶","Update:

Dean Ambrose Has Been Injured Since December 2017 The Reason Recovery Time Was Delayed Is Due To Re-Injuring His Bicep In March While In Rehabilitation Therapy. He Is Now In The Final Stages Of Medical Clearance And Will Be Set To Return By #SummerSlam Or Possibly Sooner https://t.co/X77KOvwkpm",Tue Aug 14 17:48:43 +0000 2018
fdave2,RT @LHS128Principal: Wildcat parents....we had a huge tree limb fall near main entrance.  No one was injured but after school traffic may b‚Ä¶,Wildcat parents....we had a huge tree limb fall near main entrance.  No one was injured but after school traffic may be delayed.  Huge thanks to City of Libertyville for sending team to remove debris &amp; clear drive way! We love our city partners! https://t.co/3fS356AliR,Tue Aug 14 16:04:00 +0000 2018
FrankObegi,RT @mmnjug: 33 @KenyaAirways passengers to Bangkok injured in road accident as they were being shuttled to a hotel after their flight was d‚Ä¶,33 @KenyaAirways passengers to Bangkok injured in road accident as they were being shuttled to a hotel after their flight was delayed at JKIA https://t.co/2PJcjhQUSz,Tue Aug 14 15:26:36 +0000 2018
HyruleNeedsHelp,RT @ReallyRisu: Our flight yesterday was delayed 3 hours so we missed the last connecting flight of the night and had to spend the night at‚Ä¶,"Our flight yesterday was delayed 3 hours so we missed the last connecting flight of the night and had to spend the night at a hotel, but rescued some injured crickets from the airport &amp; all of us got some food &amp; rest üíô

(They‚Äôre eating a fruit snack &amp; Powerade in a Kleenex box) https://t.co/FjYZZMwKEa",Tue Aug 14 15:20:03 +0000 2018
wendy1971june,RT @ReallyRisu: Our flight yesterday was delayed 3 hours so we missed the last connecting flight of the night and had to spend the night at‚Ä¶,"Our flight yesterday was delayed 3 hours so we missed the last connecting flight of the night and had to spend the night at a hotel, but rescued some injured crickets from the airport &amp; all of us got some food &amp; rest üíô

(They‚Äôre eating a fruit snack &amp; Powerade in a Kleenex box) https://t.co/FjYZZMwKEa",Tue Aug 14 14:21:28 +0000 2018
ReallyRisu,"Our flight yesterday was delayed 3 hours so we missed the last connecting flight of the night and had to spend the night at a hotel, but rescued some injured crickets from the airport &amp; all of us got some food &amp; rest üíô

(They‚Äôre eating a fruit snack &amp; Powerade in a Kleenex box) https://t.co/FjYZZMwKEa",,Tue Aug 14 13:48:45 +0000 2018
MarthaKarua,RT @mmnjug: 33 @KenyaAirways passengers to Bangkok injured in road accident as they were being shuttled to a hotel after their flight was d‚Ä¶,33 @KenyaAirways passengers to Bangkok injured in road accident as they were being shuttled to a hotel after their flight was delayed at JKIA https://t.co/2PJcjhQUSz,Tue Aug 14 13:16:20 +0000 2018
KimeuTeddy,RT @mmnjug: 33 @KenyaAirways passengers to Bangkok injured in road accident as they were being shuttled to a hotel after their flight was d‚Ä¶,33 @KenyaAirways passengers to Bangkok injured in road accident as they were being shuttled to a hotel after their flight was delayed at JKIA https://t.co/2PJcjhQUSz,Tue Aug 14 11:33:07 +0000 2018
Jackie_Arkle,RT @mmnjug: 33 @KenyaAirways passengers to Bangkok injured in road accident as they were being shuttled to a hotel after their flight was d‚Ä¶,33 @KenyaAirways passengers to Bangkok injured in road accident as they were being shuttled to a hotel after their flight was delayed at JKIA https://t.co/2PJcjhQUSz,Tue Aug 14 11:22:06 +0000 2018
CollinsKKorir,RT @mmnjug: 33 @KenyaAirways passengers to Bangkok injured in road accident as they were being shuttled to a hotel after their flight was d‚Ä¶,33 @KenyaAirways passengers to Bangkok injured in road accident as they were being shuttled to a hotel after their flight was delayed at JKIA https://t.co/2PJcjhQUSz,Tue Aug 14 11:21:05 +0000 2018
mmnjug,33 @KenyaAirways passengers to Bangkok injured in road accident as they were being shuttled to a hotel after their flight was delayed at JKIA https://t.co/2PJcjhQUSz,,Tue Aug 14 11:20:32 +0000 2018
crazykuroneko,"@yolo4A i've expected it to be late compared to last season because everything is delayed now thanks to ISU conference + he was injured. but the thing is due to lack of content, some people making ""contents"" out of nothing and it's so tiring üòí",,Tue Aug 14 08:30:52 +0000 2018
livejetlife,"RT @SliceWrestling: Update:

Dean Ambrose Has Been Injured Since December 2017 The Reason Recovery Time Was Delayed Is Due To Re-Injuring H‚Ä¶","Update:

Dean Ambrose Has Been Injured Since December 2017 The Reason Recovery Time Was Delayed Is Due To Re-Injuring His Bicep In March While In Rehabilitation Therapy. He Is Now In The Final Stages Of Medical Clearance And Will Be Set To Return By #SummerSlam Or Possibly Sooner https://t.co/X77KOvwkpm",Tue Aug 14 03:09:11 +0000 2018
iashcn,@_fibannachi I‚Äôve always wondered how trains here are even delayed in that‚Äôs aspect. I‚Äôve seen tweets like a man was injured so trains are delayed and I keep thinking how someone gets injured that way ü§î,,Tue Aug 14 01:13:33 +0000 2018
alizhee,@TfL good evening. i am wondering what should i do if i was injured by the gates at the station the other day? they were delayed and crushed me making me miss work for 2 days cause of quite severe pain in my leg :(,,Mon Aug 13 21:41:22 +0000 2018
LHS128Principal,Wildcat parents....we had a huge tree limb fall near main entrance.  No one was injured but after school traffic may be delayed.  Huge thanks to City of Libertyville for sending team to remove debris &amp; clear drive way! We love our city partners! https://t.co/3fS356AliR,,Mon Aug 13 20:18:52 +0000 2018
Jakouken,"The attack on the king of Dragonhaven‚Äôs renewal had delayed Snek‚Äôs return to F-City. He had arrived back around three in the morning, exhausted and injured, though patched up by the medics on scene. It couldn‚Äôt have happened at a more inconvenient time. He‚Äî",,Mon Aug 13 14:24:12 +0000 2018
Murphwave,"@willbowron @AndrewMFScott @OrlandoCitySC Then give him a delayed yellow after the review.  Don't bury it in favor of the Rooney-fest, acknowledge the foul.  It was a pretty cheap play that could have injured Pinho.",,Mon Aug 13 14:09:21 +0000 2018
grimsbeard,"Back then I was walking with a cane. I wasn't in a good place and I swore as soon as I was free from the cane (which I knew would likely be Spring), I'd start walking to my office. Well, that was delayed when I fell hard and injured my ankle and foot in late winter.",,Mon Aug 13 13:08:52 +0000 2018
chasemckinley16,"So the only Wildcat that missed photo day was Jarred Vanderbilt, and it turns out that, according to him, his flight was delayed. At least it‚Äôs not like he was too injured to shoot the photos. https://t.co/78yOfLqQEw",,Sun Aug 12 18:14:52 +0000 2018
ChuckOp,@andersoncooper do you remember interviewing me that morning?  CNN Sunday Morning show. Our segment was delayed due to breaking news about actor Jason Priestly getting injured in a race crash. https://t.co/VRvZpfq7MV,,Sun Aug 12 16:38:42 +0000 2018
MorwaLekalakala,RT @jozifm: A 30-year-old man has been shot &amp; injured during a clash between train commuters &amp; Prasa security guards at the Naledi train st‚Ä¶,"A 30-year-old man has been shot &amp; injured during a clash between train commuters &amp; Prasa security guards at the Naledi train station this morning, the clash allegedly happened after an announcement that trains will be delayed due to a technical fault at the Dube train station. MM",Sun Aug 12 07:58:03 +0000 2018
metrotrains,"Craigieburn line: The 2:52pm Flinders Street to Craigieburn service has been delayed at Oak Park due to an injured passenger requiring medical attention.

Check information displays and listen for announcements as other services may be delayed or altered. https://t.co/aKSbBsB1ec",,Sun Aug 12 05:39:07 +0000 2018
NAIDW,"Letter: Justice delayed, justice denied for injured workers | The Telegram https://t.co/hRw5JrUqjc",,Sun Aug 12 01:39:02 +0000 2018
stivyn_west,"RT @MrNickMason: Have to admit that I‚Äôm disgusted with Dejan Lovren‚Äôs actions. Leaving it until today to tell the club he‚Äôs INJURED! 

He‚Äôs‚Ä¶","Have to admit that I‚Äôm disgusted with Dejan Lovren‚Äôs actions. Leaving it until today to tell the club he‚Äôs INJURED! 

He‚Äôs known since the World Cup and has delayed it this long. Very selfish and leaves #LFC weak at the back. 

Best defender in the world? Nah.",Sat Aug 11 21:31:36 +0000 2018
ErikKStansberry,"@UTTRob After CM Punk's first UFC fight was announced and then they delayed it again because he was injured or something, can't remember, but I asked him if maybe he could've figured that out before they announced his fight, and he blocked me.",,Sat Aug 11 20:43:02 +0000 2018
davidheston2,"RT @MrNickMason: Have to admit that I‚Äôm disgusted with Dejan Lovren‚Äôs actions. Leaving it until today to tell the club he‚Äôs INJURED! 

He‚Äôs‚Ä¶","Have to admit that I‚Äôm disgusted with Dejan Lovren‚Äôs actions. Leaving it until today to tell the club he‚Äôs INJURED! 

He‚Äôs known since the World Cup and has delayed it this long. Very selfish and leaves #LFC weak at the back. 

Best defender in the world? Nah.",Sat Aug 11 20:15:28 +0000 2018
MichaelLeamy,"10 years ago today, August 11, 2008, on #Raw: they announced that @RandyOrton re-injured his collarbone in a motorcycle accident yesterday (8/10). At the time, he has been injured since June  and now this new injured delayed his return. https://t.co/cWVuP0zWBz",,Sat Aug 11 17:47:45 +0000 2018
ParadigmSlip,They treat all injured workers as criminals until proven otherwise. These people are monsters. Pure evil. #nlpoli https://t.co/BcSwN2jhcd,,Sat Aug 11 14:26:51 +0000 2018
OyooRabar,"RT @MrNickMason: Have to admit that I‚Äôm disgusted with Dejan Lovren‚Äôs actions. Leaving it until today to tell the club he‚Äôs INJURED! 

He‚Äôs‚Ä¶","Have to admit that I‚Äôm disgusted with Dejan Lovren‚Äôs actions. Leaving it until today to tell the club he‚Äôs INJURED! 

He‚Äôs known since the World Cup and has delayed it this long. Very selfish and leaves #LFC weak at the back. 

Best defender in the world? Nah.",Sat Aug 11 14:21:19 +0000 2018
MohdZaigham,"RT @MrNickMason: Have to admit that I‚Äôm disgusted with Dejan Lovren‚Äôs actions. Leaving it until today to tell the club he‚Äôs INJURED! 

He‚Äôs‚Ä¶","Have to admit that I‚Äôm disgusted with Dejan Lovren‚Äôs actions. Leaving it until today to tell the club he‚Äôs INJURED! 

He‚Äôs known since the World Cup and has delayed it this long. Very selfish and leaves #LFC weak at the back. 

Best defender in the world? Nah.",Sat Aug 11 13:54:17 +0000 2018
GazPeebs,"RT @MrNickMason: Have to admit that I‚Äôm disgusted with Dejan Lovren‚Äôs actions. Leaving it until today to tell the club he‚Äôs INJURED! 

He‚Äôs‚Ä¶","Have to admit that I‚Äôm disgusted with Dejan Lovren‚Äôs actions. Leaving it until today to tell the club he‚Äôs INJURED! 

He‚Äôs known since the World Cup and has delayed it this long. Very selfish and leaves #LFC weak at the back. 

Best defender in the world? Nah.",Sat Aug 11 13:51:23 +0000 2018
JayHarrisPT,"RT @MrNickMason: Have to admit that I‚Äôm disgusted with Dejan Lovren‚Äôs actions. Leaving it until today to tell the club he‚Äôs INJURED! 

He‚Äôs‚Ä¶","Have to admit that I‚Äôm disgusted with Dejan Lovren‚Äôs actions. Leaving it until today to tell the club he‚Äôs INJURED! 

He‚Äôs known since the World Cup and has delayed it this long. Very selfish and leaves #LFC weak at the back. 

Best defender in the world? Nah.",Sat Aug 11 13:23:21 +0000 2018
Jbusuttil96,"RT @MrNickMason: Have to admit that I‚Äôm disgusted with Dejan Lovren‚Äôs actions. Leaving it until today to tell the club he‚Äôs INJURED! 

He‚Äôs‚Ä¶","Have to admit that I‚Äôm disgusted with Dejan Lovren‚Äôs actions. Leaving it until today to tell the club he‚Äôs INJURED! 

He‚Äôs known since the World Cup and has delayed it this long. Very selfish and leaves #LFC weak at the back. 

Best defender in the world? Nah.",Sat Aug 11 13:08:47 +0000 2018
MrNickMason,"Have to admit that I‚Äôm disgusted with Dejan Lovren‚Äôs actions. Leaving it until today to tell the club he‚Äôs INJURED! 

He‚Äôs known since the World Cup and has delayed it this long. Very selfish and leaves #LFC weak at the back. 

Best defender in the world? Nah.",,Sat Aug 11 13:08:17 +0000 2018
PaulLaneMHA,"Letter: Justice delayed, justice denied for injured workers | The Telegram https://t.co/uf4mxXBnlw",,Sat Aug 11 11:13:23 +0000 2018
kroseclarke,"RT @dharford79: Today‚Äôs tip: 

When passing the scene of an RTC: 

Do not take photos‚ùå

Do not stare &amp; laugh‚ùå

Do not slow down almost to a‚Ä¶","Today‚Äôs tip: 

When passing the scene of an RTC: 

Do not take photos‚ùå

Do not stare &amp; laugh‚ùå

Do not slow down almost to a stop for a better look‚ùå

Do not shout abuse because you were delayed‚ùå

Do think about those who may be injured &amp; mind your own business‚úÖ

#RoadSafety",Sat Aug 11 03:04:28 +0000 2018
MillsGamingTV,"Stream is going to be a little delayed tonight.

Making a quick stop at the Urgent Care because I'm too dumb to rest an injured knee.

Update on time soon.",,Sat Aug 11 00:38:21 +0000 2018
AD_Humphreys,"@rickblythe An accused's name is typically not released until formally charged and, since this alleged gunman is injured and receiving treatment, my guess is hospitalization has delayed formal charging and processing. But if this is the case, I'd expect authorities to tell us.",,Fri Aug 10 22:12:04 +0000 2018
tikidaisy,"A year ago, I was finally making my way home from Montana after being injured in a car accident and delayed over night in Chicago. Feels like yesterday and also the distant past. Life is short, y'all.",,Fri Aug 10 17:04:00 +0000 2018
Jimmy__Box,"@unifiedchampbox @Tom32156Phil @LakeLakey75 @RickyEllis26 @gemma_mansell2 @MichaelBensonn @Tyson_Fury @anthonyfjoshua @BronzeBomber Again not quite correct. If AJ didn't rematch with Klitshcko he had to face his IBF mandatory or be stripped. Pulev pulled out because he was injured, so either the fight had to be delayed until Pulev recovered or  AJ could face the next ranked fighter (Takam) to satisfy mando.",,Fri Aug 10 16:31:06 +0000 2018
TrainLinkNorth,"#CentralCoastNewcastleLine 18:15 Central to Newcastle Interchange service is delayed at Fassifern due to a person injured by a train. 
Updates to follow.",,Fri Aug 10 10:30:46 +0000 2018
garywreynolds,"RT @ccesstojustice: While the government fiddles, Bob Neill is rightly worried that important principles of civil justice could burn if the‚Ä¶","While the government fiddles, Bob Neill is rightly worried that important principles of civil justice could burn if the online claims portal fails to do its job properly, and injured people will be the ones to suffer https://t.co/p9EZkiAgDB",Fri Aug 10 07:19:55 +0000 2018
Neo_Xuxi18,"RT @sunnyjeno: YOU CHOSE: earth

‚û≥ the plane crashes!
‚û≥ no passengers are injured; evacuation was successful
‚û≥ mark's rescue is delayed by‚Ä¶","YOU CHOSE: earth

‚û≥ the plane crashes!
‚û≥ no passengers are injured; evacuation was successful
‚û≥ mark's rescue is delayed by 1 hour
‚û≥ the agents are now in possession of 7 working guns
‚û≥ the agents will return home in a public plane

lives in danger: ?",Fri Aug 10 07:02:58 +0000 2018
G5_ming,RT @jozifm: A 30-year-old man has been shot &amp; injured during a clash between train commuters &amp; Prasa security guards at the Naledi train st‚Ä¶,"A 30-year-old man has been shot &amp; injured during a clash between train commuters &amp; Prasa security guards at the Naledi train station this morning, the clash allegedly happened after an announcement that trains will be delayed due to a technical fault at the Dube train station. MM",Fri Aug 10 06:07:27 +0000 2018
cci_network,RT @jozifm: A 30-year-old man has been shot &amp; injured during a clash between train commuters &amp; Prasa security guards at the Naledi train st‚Ä¶,"A 30-year-old man has been shot &amp; injured during a clash between train commuters &amp; Prasa security guards at the Naledi train station this morning, the clash allegedly happened after an announcement that trains will be delayed due to a technical fault at the Dube train station. MM",Fri Aug 10 06:02:23 +0000 2018
lectorh123,RT @jozifm: A 30-year-old man has been shot &amp; injured during a clash between train commuters &amp; Prasa security guards at the Naledi train st‚Ä¶,"A 30-year-old man has been shot &amp; injured during a clash between train commuters &amp; Prasa security guards at the Naledi train station this morning, the clash allegedly happened after an announcement that trains will be delayed due to a technical fault at the Dube train station. MM",Fri Aug 10 05:49:48 +0000 2018
JaneMohulo1,RT @jozifm: A 30-year-old man has been shot &amp; injured during a clash between train commuters &amp; Prasa security guards at the Naledi train st‚Ä¶,"A 30-year-old man has been shot &amp; injured during a clash between train commuters &amp; Prasa security guards at the Naledi train station this morning, the clash allegedly happened after an announcement that trains will be delayed due to a technical fault at the Dube train station. MM",Fri Aug 10 05:37:45 +0000 2018
jozifm,"A 30-year-old man has been shot &amp; injured during a clash between train commuters &amp; Prasa security guards at the Naledi train station this morning, the clash allegedly happened after an announcement that trains will be delayed due to a technical fault at the Dube train station. MM",,Fri Aug 10 05:36:50 +0000 2018
boiledvark,"RT @ccesstojustice: While the government fiddles, Bob Neill is rightly worried that important principles of civil justice could burn if the‚Ä¶","While the government fiddles, Bob Neill is rightly worried that important principles of civil justice could burn if the online claims portal fails to do its job properly, and injured people will be the ones to suffer https://t.co/p9EZkiAgDB",Thu Aug 09 20:59:39 +0000 2018
thegamepundit,"I've delayed my responses as regards Man Utd as the new season starts. Jose sulking, Yes. But firstly, Romero, Valencia, Bially, Matic, Herrera, Dalot, Rojo injured&amp;out before the start of the season is unfortunate for any top side",,Thu Aug 09 17:50:38 +0000 2018
HDHclaim,"70 people a year are killed by electrical accidents in the home, with 350,000 more being seriously injured. It's your landlord's responsibility to ensure electrical sockets are safe from cracks and faulty wiring. Delayed repairs cost lives - contact us ASAP to sort it now! https://t.co/PeC0iMBNzQ",,Thu Aug 09 08:00:05 +0000 2018
hearthymn,Serious Injured Husband Survives After 12 Hours Delayed¬†Treatment https://t.co/09cs7qQaus https://t.co/9K12ImLZVH,,Thu Aug 09 01:22:11 +0000 2018
rommelangus,"RT @HackPatriot: @CBCNews regardless of what you may think of Unions, is not the point - the point is, these paramedics delayed treatment a‚Ä¶","@CBCNews regardless of what you may think of Unions, is not the point - the point is, these paramedics delayed treatment and broke their oath to do no harm and treat any who are injured- they deserve to face punishment for their part in his death - 'potentially'",Thu Aug 09 01:06:40 +0000 2018
HackPatriot,"@CBCNews regardless of what you may think of Unions, is not the point - the point is, these paramedics delayed treatment and broke their oath to do no harm and treat any who are injured- they deserve to face punishment for their part in his death - 'potentially'",,Thu Aug 09 01:04:32 +0000 2018
