Bap455,"RT @MSNBC: Trump claimed he has no ties to Russia, but reporting in a new book by Craig Unger describes Russian mafia-linked money launderi‚Ä¶","Trump claimed he has no ties to Russia, but reporting in a new book by Craig Unger describes Russian mafia-linked money laundering involving Trump properties that goes back to the 1980s.  https://t.co/RDMh0B7Xxr",Sun Aug 19 01:55:15 +0000 2018
sdabney1,RT @scorpio_19_72: @justPam99 @CNN I have been switching back &amp; forth from @CNN and @MSNBC bc of CNNs constant hosting of Rudy. I don't car‚Ä¶,"@justPam99 @CNN I have been switching back &amp; forth from @CNN and @MSNBC bc of CNNs constant hosting of Rudy. I don't care what Rudy has to say...about anything. Hearing that disrespectful, know nothing,  paris denard, I am totally done with CNN.",Sun Aug 19 01:55:14 +0000 2018
eljasamasi,"RT @activist360: I didn't watch Ari Melber's interview of Steve Bannon, but I do have one question: 

Why the f*ck would @MSNBC give an irr‚Ä¶","I didn't watch Ari Melber's interview of Steve Bannon, but I do have one question: 

Why the f*ck would @MSNBC give an irrelevant Nazi a platform to spew white supremacism? Have you learned nothing from the hours of free advertising you gave racist, serial lying sociopath Trump?",Sun Aug 19 01:55:13 +0000 2018
elev8torman,"RT @realDonaldTrump: .....Censorship is a very dangerous thing &amp; absolutely impossible to police. If you are weeding out Fake News, there i‚Ä¶",".....Censorship is a very dangerous thing &amp; absolutely impossible to police. If you are weeding out Fake News, there is nothing so Fake as CNN &amp; MSNBC, &amp; yet I do not ask that their sick behavior be removed. I get used to it and watch with a grain of salt, or don‚Äôt watch at all..",Sun Aug 19 01:55:13 +0000 2018
karisokecamp,RT @TheDemCoalition: VIDEO: @Maddow shows the prevalence of classified intelligence in the #TrumpRussia investigation and notes that the pe‚Ä¶,"VIDEO: @Maddow shows the prevalence of classified intelligence in the #TrumpRussia investigation and notes that the people @realDonaldTrump is threatening with having their security clearance revoked, are those who would need that clearance to testify https://t.co/L0Q3kHHGqE",Sun Aug 19 01:55:12 +0000 2018
ryvresong,RT @amjoyshow: .@NUNBERGSAM: You don't have to be a genius to know Putin wanted #Trump in this election https://t.co/OzDahackun via @amjoys‚Ä¶,.@NUNBERGSAM: You don't have to be a genius to know Putin wanted #Trump in this election https://t.co/OzDahackun via @amjoyshow,Sun Aug 19 01:55:12 +0000 2018
DanielGoodfell6,"RT @SandraTXAS: John O.  Brennan did not have a problem revoking Kris Paronto securty clearance for telling truth about Benghazi

Now we ar‚Ä¶","John O.  Brennan did not have a problem revoking Kris Paronto securty clearance for telling truth about Benghazi

Now we are supposed to care that Brennan can no longer use security clearance status as political cachet on CNN and MSNBC and NYTimes?

Nope...dont care.

#MAGA",Sun Aug 19 01:55:12 +0000 2018
Eaglesbud64,@PWM62 @gmanskigee @WonderDogabides @chrislhayes @MSNBC @SenSanders @HillaryClinton Party of Lincoln? What happened to the party of IKE?,,Sun Aug 19 01:55:08 +0000 2018
growingaway,"RT @thebradfordfile: Trump is a stable genius. üòé
ü§™ MSNBC is quack television.
Trump is a stable genius. üòé
ü§™ MSNBC is quack television.
Trum‚Ä¶","Trump is a stable genius. üòé
ü§™ MSNBC is quack television.
Trump is a stable genius. üòé
ü§™ MSNBC is quack television.
Trump is a stable genius. üòé
ü§™ MSNBC is quack television.
Trump is a stable genius. üòé
ü§™ MSNBC is quack television.",Sun Aug 19 01:55:08 +0000 2018
RigatoniW,RT @LeahR77: Where‚Äôs all the unified media outrage regarding Alexandria-Cortez BANNING them from campaign events ?NEWS FLASH  #NBC #CNN #MS‚Ä¶,"Where‚Äôs all the unified media outrage regarding Alexandria-Cortez BANNING them from campaign events ?NEWS FLASH  #NBC #CNN #MSNBC #ABC THIS is what Communism actually looks like . For all the bashing you do to Trump he doesn‚Äôt BAN you, he calls u out to your faces!",Sun Aug 19 01:55:07 +0000 2018
MammaT4,"RT @SandraTXAS: John O.  Brennan did not have a problem revoking Kris Paronto securty clearance for telling truth about Benghazi

Now we ar‚Ä¶","John O.  Brennan did not have a problem revoking Kris Paronto securty clearance for telling truth about Benghazi

Now we are supposed to care that Brennan can no longer use security clearance status as political cachet on CNN and MSNBC and NYTimes?

Nope...dont care.

#MAGA",Sun Aug 19 01:55:07 +0000 2018
Paulphi04137670,@gaharrah @MSNBC Womp womp.,,Sun Aug 19 01:55:06 +0000 2018
PersianKittenz,RT @WakingLifeDream: Brennan: ‚ÄúAre the Republicans on the Hill... going to wait for a disaster to happen before they actually find their ba‚Ä¶,"Brennan: ‚ÄúAre the Republicans on the Hill... going to wait for a disaster to happen before they actually find their backbones to speak up against somebody who clearly is not carrying out his responsibilities with any sense of purpose and common sense?‚Äù

https://t.co/PgxgX7WB68",Sun Aug 19 01:55:06 +0000 2018
BorenDianna,RT @Emolclause: #BREAKING:FINALLY #MSM GETS IT!! #Trump's.@GOP abetters are the BIGGER problem. Hopefully #MSM will soon start putting .@Sp‚Ä¶,"#BREAKING:FINALLY #MSM GETS IT!! #Trump's.@GOP abetters are the BIGGER problem. Hopefully #MSM will soon start putting .@SpeakerRyan.@SenatorCollins.@lisamurkowski and others who should know better ON FULL BLAST!! 

#TheResistance #CNN #MSNBC #FoxNews

https://t.co/cDgbXB51xh",Sun Aug 19 01:55:05 +0000 2018
Sullyanne1,"RT @allanbrauer: Your periodic reminder: @MSNBC wants your #resistance eyeballs, but there's zero transparency on their editorial choices.‚Ä¶","Your periodic reminder: @MSNBC wants your #resistance eyeballs, but there's zero transparency on their editorial choices. Why are their hosts trashing Pelosi? @RichardLui just asked a Dem candidate for Governor about her. Why would anyone think that's a smart question?",Sun Aug 19 01:55:05 +0000 2018
andmaxwasall,RT @SenFeinstein: Brett Kavanaugh praised the dissents that would have overturned Roe v. Wade and barred marriage equality. His views on th‚Ä¶,Brett Kavanaugh praised the dissents that would have overturned Roe v. Wade and barred marriage equality. His views on these fundamental freedoms are no mystery. https://t.co/twU1qvumyR,Sun Aug 19 01:55:01 +0000 2018
morningfog1,RT @amjoyshow: .@NUNBERGSAM: You don't have to be a genius to know Putin wanted #Trump in this election https://t.co/OzDahackun via @amjoys‚Ä¶,.@NUNBERGSAM: You don't have to be a genius to know Putin wanted #Trump in this election https://t.co/OzDahackun via @amjoyshow,Sun Aug 19 01:55:01 +0000 2018
RosslynStudios,Everyone @ArlingtonVA County Fair thinks  #amazonHQ2 coming to NoVa can‚Äôt think of anywhere else @JeffBezos would want to relocate to #VirginiaIsForTechies @amazon @apple @gannett @MSNBC @RosslynVA @BallstonBID @ArlChamberVA @ArlCoVAPatch https://t.co/ZL03ajz5od,,Sun Aug 19 01:55:00 +0000 2018
Samarino1776,"RT @realDustinGold: MUST WATCH! Lots of #Breadcrumbs!

Most important part of #SteveBannon #MSNBC interview.

#FakeNews #CIA #OperationMock‚Ä¶","MUST WATCH! Lots of #Breadcrumbs!

Most important part of #SteveBannon #MSNBC interview.

#FakeNews #CIA #OperationMockingbird Media is nervous. Took them awhile to catch on, BUT they think @POTUS #Trump may control #Mueller.

To be continued.

#Qanon #TrumpTweet #WalkAway #MAGA https://t.co/KgHgVxWafu",Sun Aug 19 01:54:59 +0000 2018
OZtheBallerina,RT @amjoyshow: .@NUNBERGSAM: You don't have to be a genius to know Putin wanted #Trump in this election https://t.co/OzDahackun via @amjoys‚Ä¶,.@NUNBERGSAM: You don't have to be a genius to know Putin wanted #Trump in this election https://t.co/OzDahackun via @amjoyshow,Sun Aug 19 01:54:59 +0000 2018
JPritchard596,@MSNBC So black people hating the President isn‚Äôt racist? Better check yourself now the mirror.,,Sun Aug 19 01:54:58 +0000 2018
timothylharness,"@gaye_gallops @LeahR77 I never watch his show, if I see him at all I change it. He belongs on MSNBC",,Sun Aug 19 01:54:57 +0000 2018
KeyhrcCatherine,RT @MSNBC: .@maddow shows the prevalence of classified intelligence in the Russia probe and notes that the people Pres. Trump is threatenin‚Ä¶,".@maddow shows the prevalence of classified intelligence in the Russia probe and notes that the people Pres. Trump is threatening with having their security clearance revoked, are those who would need that clearance to testify for the investigation. 

https://t.co/bBFinhnG7i",Sun Aug 19 01:54:57 +0000 2018
ElnesJeannine,"@activist360 @KeWeiss1 @MSNBC No apparently they have not. And the same numbnuts who disparaged Hillary are going after Maxine Waters, Nancy Pelosi and Elisabeth Warren",,Sun Aug 19 01:54:56 +0000 2018
BarbKuebler,@DaddyDaddymac @cathywishart I turned it off last night on MSNBC! Bannon should have never been allowed the air time! Big mistake!! Very disappointing!,,Sun Aug 19 01:54:56 +0000 2018
Zacharey4,@MSNBC @SenBlumenthal Jeff seasons could order a arreast warrent to trump,,Sun Aug 19 01:54:56 +0000 2018
TRAred2011,"RT @thebradfordfile: Trump is a stable genius. üòé
ü§™ MSNBC is quack television.
Trump is a stable genius. üòé
ü§™ MSNBC is quack television.
Trum‚Ä¶","Trump is a stable genius. üòé
ü§™ MSNBC is quack television.
Trump is a stable genius. üòé
ü§™ MSNBC is quack television.
Trump is a stable genius. üòé
ü§™ MSNBC is quack television.
Trump is a stable genius. üòé
ü§™ MSNBC is quack television.",Sun Aug 19 01:54:54 +0000 2018
SLReaves,RT @TheDemCoalition: VIDEO: @Maddow shows the prevalence of classified intelligence in the #TrumpRussia investigation and notes that the pe‚Ä¶,"VIDEO: @Maddow shows the prevalence of classified intelligence in the #TrumpRussia investigation and notes that the people @realDonaldTrump is threatening with having their security clearance revoked, are those who would need that clearance to testify https://t.co/L0Q3kHHGqE",Sun Aug 19 01:54:52 +0000 2018
teknoman125,RT @WakingLifeDream: Brennan: ‚ÄúAre the Republicans on the Hill... going to wait for a disaster to happen before they actually find their ba‚Ä¶,"Brennan: ‚ÄúAre the Republicans on the Hill... going to wait for a disaster to happen before they actually find their backbones to speak up against somebody who clearly is not carrying out his responsibilities with any sense of purpose and common sense?‚Äù

https://t.co/PgxgX7WB68",Sun Aug 19 01:54:48 +0000 2018
MillyMidwest,"RT @rogpeck2002: @MarkWarner Really?  My TS clearance was terminated after my service because I no longer worked for the Federal Govt.,  sa‚Ä¶","@MarkWarner Really?  My TS clearance was terminated after my service because I no longer worked for the Federal Govt.,  same should apply to ALL career swamp creatures and if you find work needing it, than re-apply but working for @MSNBC isn't a reason to have one",Sun Aug 19 01:54:48 +0000 2018
PigskinAnnie,RT @kylegriffin1: Fmr. acting CIA Director John McLaughlin says that he looked at Trump's 26-page executive directive to revoke a security‚Ä¶,Fmr. acting CIA Director John McLaughlin says that he looked at Trump's 26-page executive directive to revoke a security clearance and none of 13 reasons provided match up to what the White House said about John Brennan. https://t.co/ESy6aeKHaA,Sun Aug 19 01:54:48 +0000 2018
Kent8360,RT @RealSaavedra: MSNBC panelist suggests Trump wants to round people up and murder them. https://t.co/RiPqZwe6Bd,MSNBC panelist suggests Trump wants to round people up and murder them. https://t.co/RiPqZwe6Bd,Sun Aug 19 01:54:47 +0000 2018
ccanchondo,"RT @realDonaldTrump: .....Censorship is a very dangerous thing &amp; absolutely impossible to police. If you are weeding out Fake News, there i‚Ä¶",".....Censorship is a very dangerous thing &amp; absolutely impossible to police. If you are weeding out Fake News, there is nothing so Fake as CNN &amp; MSNBC, &amp; yet I do not ask that their sick behavior be removed. I get used to it and watch with a grain of salt, or don‚Äôt watch at all..",Sun Aug 19 01:54:47 +0000 2018
tanyachambers81,"RT @MSNBC: ""We don't need to hear him say the N-word to know he's racist,"" Tour√© says of the president. https://t.co/J8eiIpjpva","""We don't need to hear him say the N-word to know he's racist,"" Tour√© says of the president. https://t.co/J8eiIpjpva",Sun Aug 19 01:54:46 +0000 2018
wcjes102,"RT @MSNBC: Joe: ""Everything is a sham that Donald Trump has been saying about immigration."" https://t.co/cqoBeUFzNh","Joe: ""Everything is a sham that Donald Trump has been saying about immigration."" https://t.co/cqoBeUFzNh",Sun Aug 19 01:54:46 +0000 2018
BridgetSmall007,"RT @keithboykin: In MSNBC interview with Rev. Al Sharpton, Virginia Republican Senate nominee and Confederate flag supporter Corey Stewart‚Ä¶","In MSNBC interview with Rev. Al Sharpton, Virginia Republican Senate nominee and Confederate flag supporter Corey Stewart can't name a single black leader in Virginia who supports him. Not one. #AMJOY https://t.co/ipQiT36awL",Sun Aug 19 01:54:46 +0000 2018
ShanniMae7933,RT @PattyArquette: Why aren't you covering the fact that NOT ONE REPUBLICAN has signed on to reauthorize the Violence Against Women Act. #V‚Ä¶,Why aren't you covering the fact that NOT ONE REPUBLICAN has signed on to reauthorize the Violence Against Women Act. #VAWA There are only a couple of legislative weeks left to deal with this. @Lawrence @donlemon @maddow @MSNBC @CBSNews @abcnews @TheTodayShow,Sun Aug 19 01:54:44 +0000 2018
AmoneyResists,"RT @activist360: I didn't watch Ari Melber's interview of Steve Bannon, but I do have one question: 

Why the f*ck would @MSNBC give an irr‚Ä¶","I didn't watch Ari Melber's interview of Steve Bannon, but I do have one question: 

Why the f*ck would @MSNBC give an irrelevant Nazi a platform to spew white supremacism? Have you learned nothing from the hours of free advertising you gave racist, serial lying sociopath Trump?",Sun Aug 19 01:54:40 +0000 2018
parlace,RT @boyndog: Dear @MSNBC - Don't you get it? When you invite a RACIST on to argue their point - and you give them 50% of the TV Screen - yo‚Ä¶,"Dear @MSNBC - Don't you get it? When you invite a RACIST on to argue their point - and you give them 50% of the TV Screen - you are saying, without meaning to, that the RACIST ARGUMENT has equal weight to the NON-RACIST ARGUMENT.

It's how your medium works. FIGURE IT OUT.",Sun Aug 19 01:54:39 +0000 2018
ShantaAyub,RT @HolleyA: @olgaNYC1211 Not watching. After @maddow I turned @MSNBC OFF. For shame @AriMelber @TheBeatWithAri #StopBannon #TrumpCrimeFami‚Ä¶,@olgaNYC1211 Not watching. After @maddow I turned @MSNBC OFF. For shame @AriMelber @TheBeatWithAri #StopBannon #TrumpCrimeFamily #PutinsPuppet #TrumpLies #TrumpTaxes #TrumpPutin #PenceKnew #TrumpRussia #TrumpTreason #ImpeachTrump #ImpeachPence,Sun Aug 19 01:54:38 +0000 2018
Angie_B2011,@HungryTrucker @maddow @JohnBrennan @MSNBC https://t.co/63MPRSffFy,,Sun Aug 19 01:54:38 +0000 2018
MarkDeWayne4,"RT @realDustinGold: MUST WATCH! Lots of #Breadcrumbs!

Most important part of #SteveBannon #MSNBC interview.

#FakeNews #CIA #OperationMock‚Ä¶","MUST WATCH! Lots of #Breadcrumbs!

Most important part of #SteveBannon #MSNBC interview.

#FakeNews #CIA #OperationMockingbird Media is nervous. Took them awhile to catch on, BUT they think @POTUS #Trump may control #Mueller.

To be continued.

#Qanon #TrumpTweet #WalkAway #MAGA https://t.co/KgHgVxWafu",Sun Aug 19 01:54:36 +0000 2018
SafarikLarry,"RT @realDonaldTrump: .....Censorship is a very dangerous thing &amp; absolutely impossible to police. If you are weeding out Fake News, there i‚Ä¶",".....Censorship is a very dangerous thing &amp; absolutely impossible to police. If you are weeding out Fake News, there is nothing so Fake as CNN &amp; MSNBC, &amp; yet I do not ask that their sick behavior be removed. I get used to it and watch with a grain of salt, or don‚Äôt watch at all..",Sun Aug 19 01:54:36 +0000 2018
MelindaLydick,"RT @activist360: I didn't watch Ari Melber's interview of Steve Bannon, but I do have one question: 

Why the f*ck would @MSNBC give an irr‚Ä¶","I didn't watch Ari Melber's interview of Steve Bannon, but I do have one question: 

Why the f*ck would @MSNBC give an irrelevant Nazi a platform to spew white supremacism? Have you learned nothing from the hours of free advertising you gave racist, serial lying sociopath Trump?",Sun Aug 19 01:54:36 +0000 2018
toms9965,RT @kylegriffin1: Fmr. acting CIA Director John McLaughlin says that he looked at Trump's 26-page executive directive to revoke a security‚Ä¶,Fmr. acting CIA Director John McLaughlin says that he looked at Trump's 26-page executive directive to revoke a security clearance and none of 13 reasons provided match up to what the White House said about John Brennan. https://t.co/ESy6aeKHaA,Sun Aug 19 01:54:36 +0000 2018
nicshaf,RT @DuttonBooks: From 4 billion in debt to the White House‚Ä¶ Watch @craigunger explain @realDonaldTrump's decades-long relationship with the‚Ä¶,From 4 billion in debt to the White House‚Ä¶ Watch @craigunger explain @realDonaldTrump's decades-long relationship with the Russians on @TheLastWord with @Lawrence O‚ÄôDonnell: https://t.co/pvxJidMQRD #TrumpRussia,Sun Aug 19 01:54:34 +0000 2018
Len21878832,"RT @thebradfordfile: Michelle Goldberg ü§° of the NY Times was challenged on MSNBC that Trump is ""not rounding people up and murdering them w‚Ä¶","Michelle Goldberg ü§° of the NY Times was challenged on MSNBC that Trump is ""not rounding people up and murdering them without any due process.""

Her reply:

""He'd certainly like to."" 

Trump Derangement Syndrome is real. Pray for these clowns.",Sun Aug 19 01:54:34 +0000 2018
NinetynineShake,"RT @DearAuntCrabby: So, lemmy get this straight. We have to go from Brennan to Bannon, @MSNBC? That's like going from fine dining to dumpst‚Ä¶","So, lemmy get this straight. We have to go from Brennan to Bannon, @MSNBC? That's like going from fine dining to dumpster diving, right?",Sun Aug 19 01:54:32 +0000 2018
tamaraj59082888,RT @RealSaavedra: MSNBC panelist suggests Trump wants to round people up and murder them. https://t.co/RiPqZwe6Bd,MSNBC panelist suggests Trump wants to round people up and murder them. https://t.co/RiPqZwe6Bd,Sun Aug 19 01:54:30 +0000 2018
TruthToPower65,RT @naretevduorp: .@JohnBrennan is giving a master's class on patriotism &amp; leadership tonight on @maddow. https://t.co/rzaD1JaRal,.@JohnBrennan is giving a master's class on patriotism &amp; leadership tonight on @maddow. https://t.co/rzaD1JaRal,Sun Aug 19 01:54:30 +0000 2018
sandray8s,"RT @activist360: I didn't watch Ari Melber's interview of Steve Bannon, but I do have one question: 

Why the f*ck would @MSNBC give an irr‚Ä¶","I didn't watch Ari Melber's interview of Steve Bannon, but I do have one question: 

Why the f*ck would @MSNBC give an irrelevant Nazi a platform to spew white supremacism? Have you learned nothing from the hours of free advertising you gave racist, serial lying sociopath Trump?",Sun Aug 19 01:54:30 +0000 2018
Dlars01,@Fitzyleelee @thehill That's not fair. The National Enquire has far more credibility than @CNN or @MSNBC,,Sun Aug 19 01:54:27 +0000 2018
The_Lady_Red,"RT @OMGno2trump: I have to agree.  You don't give free air time or any implied legitimacy to racists, Nazis, anarchists, blatant liars, or‚Ä¶","I have to agree.  You don't give free air time or any implied legitimacy to racists, Nazis, anarchists, blatant liars, or the like.   I usually have MSNBC on in the background, but I'm going to turn the channel tonight when Ari comes on.  It's my silent protest. https://t.co/Vs5fNyIiFu",Sun Aug 19 01:54:25 +0000 2018
DarthJesus,RT @WakingLifeDream: Brennan: ‚ÄúAre the Republicans on the Hill... going to wait for a disaster to happen before they actually find their ba‚Ä¶,"Brennan: ‚ÄúAre the Republicans on the Hill... going to wait for a disaster to happen before they actually find their backbones to speak up against somebody who clearly is not carrying out his responsibilities with any sense of purpose and common sense?‚Äù

https://t.co/PgxgX7WB68",Sun Aug 19 01:54:25 +0000 2018
DanPoyourow,@VincentWright @nicolenavega @SteveSchmidtSES @AriMelber @MSNBC Ive wanted to say that WWll line about Nazis. I'm glad someone finally said it...  and on national television. Steve Schmidt is a true patriot.,,Sun Aug 19 01:54:24 +0000 2018
JustMePammy,"RT @realDonaldTrump: .....Censorship is a very dangerous thing &amp; absolutely impossible to police. If you are weeding out Fake News, there i‚Ä¶",".....Censorship is a very dangerous thing &amp; absolutely impossible to police. If you are weeding out Fake News, there is nothing so Fake as CNN &amp; MSNBC, &amp; yet I do not ask that their sick behavior be removed. I get used to it and watch with a grain of salt, or don‚Äôt watch at all..",Sun Aug 19 01:54:24 +0000 2018
cjgaudet,"RT @thebradfordfile: Trump is a stable genius. üòé
ü§™ MSNBC is quack television.
Trump is a stable genius. üòé
ü§™ MSNBC is quack television.
Trum‚Ä¶","Trump is a stable genius. üòé
ü§™ MSNBC is quack television.
Trump is a stable genius. üòé
ü§™ MSNBC is quack television.
Trump is a stable genius. üòé
ü§™ MSNBC is quack television.
Trump is a stable genius. üòé
ü§™ MSNBC is quack television.",Sun Aug 19 01:54:24 +0000 2018
asmithfilms,RT @WakingLifeDream: Brennan: ‚ÄúAre the Republicans on the Hill... going to wait for a disaster to happen before they actually find their ba‚Ä¶,"Brennan: ‚ÄúAre the Republicans on the Hill... going to wait for a disaster to happen before they actually find their backbones to speak up against somebody who clearly is not carrying out his responsibilities with any sense of purpose and common sense?‚Äù

https://t.co/PgxgX7WB68",Sun Aug 19 01:54:24 +0000 2018
absinthe,RT @SenFeinstein: Brett Kavanaugh praised the dissents that would have overturned Roe v. Wade and barred marriage equality. His views on th‚Ä¶,Brett Kavanaugh praised the dissents that would have overturned Roe v. Wade and barred marriage equality. His views on these fundamental freedoms are no mystery. https://t.co/twU1qvumyR,Sun Aug 19 01:54:23 +0000 2018
TMillane2,RT @JoyceWhiteVance: This sounds suspiciously like Trump is sending Manafort a message to stay strong and not cut a plea deal with the gove‚Ä¶,"This sounds suspiciously like Trump is sending Manafort a message to stay strong and not cut a plea deal with the government while the jury is out. Because he has, you know, that pardon power. https://t.co/xm5IgC7zTD",Sun Aug 19 01:54:22 +0000 2018
Nanakarolwilcox,RT @RealSaavedra: MSNBC panelist suggests Trump wants to round people up and murder them. https://t.co/RiPqZwe6Bd,MSNBC panelist suggests Trump wants to round people up and murder them. https://t.co/RiPqZwe6Bd,Sun Aug 19 01:54:22 +0000 2018
asterleaves,RT @TheDemCoalition: VIDEO: @Maddow shows the prevalence of classified intelligence in the #TrumpRussia investigation and notes that the pe‚Ä¶,"VIDEO: @Maddow shows the prevalence of classified intelligence in the #TrumpRussia investigation and notes that the people @realDonaldTrump is threatening with having their security clearance revoked, are those who would need that clearance to testify https://t.co/L0Q3kHHGqE",Sun Aug 19 01:54:22 +0000 2018
LaraC1254,RT @RealSaavedra: MSNBC panelist suggests Trump wants to round people up and murder them. https://t.co/RiPqZwe6Bd,MSNBC panelist suggests Trump wants to round people up and murder them. https://t.co/RiPqZwe6Bd,Sun Aug 19 01:54:21 +0000 2018
LindaLawrey,"RT @MSNBC: Trump claimed he has no ties to Russia, but reporting in a new book by Craig Unger describes Russian mafia-linked money launderi‚Ä¶","Trump claimed he has no ties to Russia, but reporting in a new book by Craig Unger describes Russian mafia-linked money laundering involving Trump properties that goes back to the 1980s.  https://t.co/RDMh0B7Xxr",Sun Aug 19 01:54:20 +0000 2018
spldrtn77,"RT @thebradfordfile: Michelle Goldberg ü§° of the NY Times was challenged on MSNBC that Trump is ""not rounding people up and murdering them w‚Ä¶","Michelle Goldberg ü§° of the NY Times was challenged on MSNBC that Trump is ""not rounding people up and murdering them without any due process.""

Her reply:

""He'd certainly like to."" 

Trump Derangement Syndrome is real. Pray for these clowns.",Sun Aug 19 01:54:20 +0000 2018
Gauthier1964,"RT @thebradfordfile: Michelle Goldberg ü§° of the NY Times was challenged on MSNBC that Trump is ""not rounding people up and murdering them w‚Ä¶","Michelle Goldberg ü§° of the NY Times was challenged on MSNBC that Trump is ""not rounding people up and murdering them without any due process.""

Her reply:

""He'd certainly like to."" 

Trump Derangement Syndrome is real. Pray for these clowns.",Sun Aug 19 01:54:20 +0000 2018
TheRealBran987,"RT @AndreaChalupa: .@RepCohen on @MSNBC: ""If we don't take back the House our country's gone."" 

Check out @crush18midterms, your personal‚Ä¶",".@RepCohen on @MSNBC: ""If we don't take back the House our country's gone."" 

Check out @crush18midterms, your personal assistant for protecting our democracy, today! Get involved! The clock is ticking...",Sun Aug 19 01:54:20 +0000 2018
GSI_PhD,RT @WakingLifeDream: Brennan: ‚ÄúAre the Republicans on the Hill... going to wait for a disaster to happen before they actually find their ba‚Ä¶,"Brennan: ‚ÄúAre the Republicans on the Hill... going to wait for a disaster to happen before they actually find their backbones to speak up against somebody who clearly is not carrying out his responsibilities with any sense of purpose and common sense?‚Äù

https://t.co/PgxgX7WB68",Sun Aug 19 01:54:20 +0000 2018
IMJUSTTHEMAN1,"@kasie @MSNBC @SenateDems @HouseDemocrats @AriMelber @CNN @BarackObama @FBI @maddow @nytimes @chucktodd @ericswalwell @CNBC @allinwithchris @thejointstaff @USArmy @USNavy @USMC @POTUS44 @realDonaldTrump @KasieDC @KatyTurNBC @hardball @nbc @NYGovCuomo @JohnBrennan @chuckschumer @cnni @neal_katyal @MalcolmNance @BillKristol @mitchellreports @TheRevAl @NBCNews The movie coming out has me thinking a lot.... Why aren't planning the assassination of Stalin, Mao, or Kim grandfather? 

Though we are hunting ""wash-up"" N@zis in Argentina. The Fuhrer is dead and Germany under complete control and joining NATO. We got better guys to eradicate.",,Sun Aug 19 01:54:19 +0000 2018
innriched,RT @MSNBC: President Trump snubs McCain during bill signing intended to honor him  https://t.co/N7GjgdMGsk,President Trump snubs McCain during bill signing intended to honor him  https://t.co/N7GjgdMGsk,Sun Aug 19 01:54:19 +0000 2018
KraepelinsBeard,@Rena_OConnor @DineshDSouza @ethnarch_ You clearly haven't listened to a word ethnarch has said; I'd rather have his commentary fed directly into my temporal lobe for a week straight than turn on CNN or MSNBC for 5 minutes.,,Sun Aug 19 01:54:18 +0000 2018
barbls23,@funder briefings. The news networks should be reporting the actions he is taking that is putting the American people and the world in great danger. @MSNBC @CNN @NBC @ABC @CBS  3/,,Sun Aug 19 01:54:18 +0000 2018
KathySchark,@MSNBC These two old farts crack me up! They think they run the world. They‚Äôre in for a rude awakening!,,Sun Aug 19 01:54:18 +0000 2018
lindhays,RT @rabidbadger: This man is doing more than @CNN @msnbc @abcnews @cbsnews and @NBCNews combined to bravely bring coverage from the crimina‚Ä¶,This man is doing more than @CNN @msnbc @abcnews @cbsnews and @NBCNews combined to bravely bring coverage from the criminally under-covered dangerous mayhem brought by Nazis in #Portland and all on his own dime. Toss @itsmikebivins a few bucks. https://t.co/Lo9mZGE2pd,Sun Aug 19 01:54:17 +0000 2018
RBariekman,"RT @cjdtwit: üíØ
THANK YOU, MR. PRESIDENT, for SPEAKING TRUTH!

‚ÄúIf you are weeding out Fake News, there is nothing so Fake as CNN &amp; MSNBC, &amp;‚Ä¶","üíØ
THANK YOU, MR. PRESIDENT, for SPEAKING TRUTH!

‚ÄúIf you are weeding out Fake News, there is nothing so Fake as CNN &amp; MSNBC, &amp; yet I do not ask that their sick behavior be removed,‚Äù the president tweeted. ‚ÄúI get used to it and watch with a grain of salt, or don‚Äôt watch at all.‚Äù https://t.co/CdzGQQDDt9",Sun Aug 19 01:54:16 +0000 2018
SCZSA,@MSNBC What a jerk.,,Sun Aug 19 01:54:15 +0000 2018
LiuCdp2006nyc,"RT @realDonaldTrump: .....Censorship is a very dangerous thing &amp; absolutely impossible to police. If you are weeding out Fake News, there i‚Ä¶",".....Censorship is a very dangerous thing &amp; absolutely impossible to police. If you are weeding out Fake News, there is nothing so Fake as CNN &amp; MSNBC, &amp; yet I do not ask that their sick behavior be removed. I get used to it and watch with a grain of salt, or don‚Äôt watch at all..",Sun Aug 19 01:54:15 +0000 2018
MAGAMammagramma,@MSNBC @maddow Just stop whining!!!,,Sun Aug 19 01:54:14 +0000 2018
stargazer1951,@TinaPB17 @B52Malmet I was so disappointed that @MSNBC gave Nazi Bannon a platform it really is about money &amp; ratings.  I'm with MOM SHUT HIM DOWN !!,,Sun Aug 19 01:54:14 +0000 2018
awarness2020,RT @kylegriffin1: Fmr. acting CIA Director John McLaughlin says that he looked at Trump's 26-page executive directive to revoke a security‚Ä¶,Fmr. acting CIA Director John McLaughlin says that he looked at Trump's 26-page executive directive to revoke a security clearance and none of 13 reasons provided match up to what the White House said about John Brennan. https://t.co/ESy6aeKHaA,Sun Aug 19 01:54:12 +0000 2018
whutwazit,@MSNBC Let the unloading commence. I am here for it. FOOL. https://t.co/rySilSspxQ,,Sun Aug 19 01:54:12 +0000 2018
TruthBomb1965,"RT @emrazz: Conservatives keep saying they‚Äôre censored but I‚Äôm confused because I see Steve Bannon on MSNBC, Trump in the White House and n‚Ä¶","Conservatives keep saying they‚Äôre censored but I‚Äôm confused because I see Steve Bannon on MSNBC, Trump in the White House and nonpartisan intelligence officials stripped of their clearance and careers for speaking up.",Sun Aug 19 01:54:11 +0000 2018
GarvHinduAR,"RT @realDonaldTrump: .....Censorship is a very dangerous thing &amp; absolutely impossible to police. If you are weeding out Fake News, there i‚Ä¶",".....Censorship is a very dangerous thing &amp; absolutely impossible to police. If you are weeding out Fake News, there is nothing so Fake as CNN &amp; MSNBC, &amp; yet I do not ask that their sick behavior be removed. I get used to it and watch with a grain of salt, or don‚Äôt watch at all..",Sun Aug 19 01:54:09 +0000 2018
Susie95283184,"RT @MSNBC: Trump claimed he has no ties to Russia, but reporting in a new book by Craig Unger describes Russian mafia-linked money launderi‚Ä¶","Trump claimed he has no ties to Russia, but reporting in a new book by Craig Unger describes Russian mafia-linked money laundering involving Trump properties that goes back to the 1980s.  https://t.co/RDMh0B7Xxr",Sun Aug 19 01:54:08 +0000 2018
jjhancock24,"RT @thebradfordfile: Michelle Goldberg ü§° of the NY Times was challenged on MSNBC that Trump is ""not rounding people up and murdering them w‚Ä¶","Michelle Goldberg ü§° of the NY Times was challenged on MSNBC that Trump is ""not rounding people up and murdering them without any due process.""

Her reply:

""He'd certainly like to."" 

Trump Derangement Syndrome is real. Pray for these clowns.",Sun Aug 19 01:54:07 +0000 2018
EWADJD_D,@JasonOverstreet @DennisCardiff @AriMelber I am with you. I really liked @AriMelber &amp; taped his show every day in case I work later than 6:00 pm. But he actually normalized Bannon &amp; on #11thHour he said Bannon was seeking to have more &amp; different media coverage &amp; seemed so proud that it was his 1st on @MSNBC WTH?,,Sun Aug 19 01:54:01 +0000 2018
PersianKittenz,RT @TheDemCoalition: VIDEO: @Maddow shows the prevalence of classified intelligence in the #TrumpRussia investigation and notes that the pe‚Ä¶,"VIDEO: @Maddow shows the prevalence of classified intelligence in the #TrumpRussia investigation and notes that the people @realDonaldTrump is threatening with having their security clearance revoked, are those who would need that clearance to testify https://t.co/L0Q3kHHGqE",Sun Aug 19 01:54:01 +0000 2018
BigLeague45th,RT @RealSaavedra: MSNBC panelist suggests Trump wants to round people up and murder them. https://t.co/RiPqZwe6Bd,MSNBC panelist suggests Trump wants to round people up and murder them. https://t.co/RiPqZwe6Bd,Sun Aug 19 01:54:00 +0000 2018
Abacus32_,RT @WakingLifeDream: Brennan: ‚ÄúAre the Republicans on the Hill... going to wait for a disaster to happen before they actually find their ba‚Ä¶,"Brennan: ‚ÄúAre the Republicans on the Hill... going to wait for a disaster to happen before they actually find their backbones to speak up against somebody who clearly is not carrying out his responsibilities with any sense of purpose and common sense?‚Äù

https://t.co/PgxgX7WB68",Sun Aug 19 01:54:00 +0000 2018
LuAnnunderwoo14,RT @MSNBC: Brennan to @Maddow: Are the Republicans on the Hill ... going to wait for a disaster to happen before they actually find their b‚Ä¶,Brennan to @Maddow: Are the Republicans on the Hill ... going to wait for a disaster to happen before they actually find their backbones to speak up against somebody who clearly is not carrying out his responsibilities with any sense of purpose and common sense? https://t.co/zzp8N1dA5s,Sun Aug 19 01:53:59 +0000 2018
TopqualityUSA,"RT @SandraTXAS: John O.  Brennan did not have a problem revoking Kris Paronto securty clearance for telling truth about Benghazi

Now we ar‚Ä¶","John O.  Brennan did not have a problem revoking Kris Paronto securty clearance for telling truth about Benghazi

Now we are supposed to care that Brennan can no longer use security clearance status as political cachet on CNN and MSNBC and NYTimes?

Nope...dont care.

#MAGA",Sun Aug 19 01:53:59 +0000 2018
ErikM727,"RT @realDonaldTrump: .....Censorship is a very dangerous thing &amp; absolutely impossible to police. If you are weeding out Fake News, there i‚Ä¶",".....Censorship is a very dangerous thing &amp; absolutely impossible to police. If you are weeding out Fake News, there is nothing so Fake as CNN &amp; MSNBC, &amp; yet I do not ask that their sick behavior be removed. I get used to it and watch with a grain of salt, or don‚Äôt watch at all..",Sun Aug 19 01:53:59 +0000 2018
LongAsUCan2,"@BrunoAmato_1 @TheLastWord @Lawrence I so agree! MSNBC &amp; CNN have shown far more support for Trump's illegitimate presidency than serving public interest by doing their job:
1) Expose Facts
2) Correct Lies
Putin even has FOX news to spread his talking points daily (Murdoch=Traitor).",,Sun Aug 19 01:53:56 +0000 2018
amjoyshow,.@NUNBERGSAM: You don't have to be a genius to know Putin wanted #Trump in this election https://t.co/OzDahackun via @amjoyshow,,Sun Aug 19 01:53:56 +0000 2018
WizardofHaase,@Maryc1850Sadler @MSNBC Ghouliani apparently no longer has a brain. It‚Äôs a good thing #Mueller didn‚Äôt have a stroke laughing.,,Sun Aug 19 01:53:56 +0000 2018
Melissa97563437,"RT @thebradfordfile: Remember when the media went on a coordinated campaign questioning the 'mental fitness' of President Trump?

Now, try‚Ä¶","Remember when the media went on a coordinated campaign questioning the 'mental fitness' of President Trump?

Now, try to watch CNN or MSNBC for one continuous hour.

I rest my case.",Sun Aug 19 01:53:55 +0000 2018
fukusukegogo,"RT @shiokata1964: Ê≠£Ë´ñ„ÄÇ

„Éà„É©„É≥„ÉóÂ§ßÁµ±È†ò„ÅØ18Êó•„ÅÆ„ÉÑ„Ç§„ÉÉ„Çø„ÉºÊäïÁ®ø„Åß„ÄÅ„ÇΩ„Éº„Ç∑„É£„É´„É°„Éá„Ç£„Ç¢ÂêÑÁ§æ„ÅØÂè≥Ê¥æ„ÅÆË¶ãËß£„ÇíÊåÅ„Å§Âà©Áî®ËÄÖ„Çí„ÄåÂÆåÂÖ®„Å´Â∑ÆÂà•„Åó„Å¶„ÅÑ„Çã„Äç„Å®ÈùûÈõ£„Åó„ÄÅÊ§úÈñ≤„ÅØ„Äå„Å®„Å¶„ÇÇÂç±Èô∫„Å™„ÇÇ„ÅÆ„Äç„Å†„Å®„ÅÆË¶ãËß£„ÇíÁ§∫„Åó„Åü„ÄÇ„Åæ„ÅüÂêåÂ§ßÁµ±È†ò„ÅØ„ÄÅ‰∏ªÊµÅÊ¥æ„Éã„É•„Éº„ÇπÂ±Ä„Åß„ÅÇ„ÇãCNN„Å®MSNBC„Çí„ÄåÁóÖ„Çì‚Ä¶","Ê≠£Ë´ñ„ÄÇ

„Éà„É©„É≥„ÉóÂ§ßÁµ±È†ò„ÅØ18Êó•„ÅÆ„ÉÑ„Ç§„ÉÉ„Çø„ÉºÊäïÁ®ø„Åß„ÄÅ„ÇΩ„Éº„Ç∑„É£„É´„É°„Éá„Ç£„Ç¢ÂêÑÁ§æ„ÅØÂè≥Ê¥æ„ÅÆË¶ãËß£„ÇíÊåÅ„Å§Âà©Áî®ËÄÖ„Çí„ÄåÂÆåÂÖ®„Å´Â∑ÆÂà•„Åó„Å¶„ÅÑ„Çã„Äç„Å®ÈùûÈõ£„Åó„ÄÅÊ§úÈñ≤„ÅØ„Äå„Å®„Å¶„ÇÇÂç±Èô∫„Å™„ÇÇ„ÅÆ„Äç„Å†„Å®„ÅÆË¶ãËß£„ÇíÁ§∫„Åó„Åü„ÄÇ„Åæ„ÅüÂêåÂ§ßÁµ±È†ò„ÅØ„ÄÅ‰∏ªÊµÅÊ¥æ„Éã„É•„Éº„ÇπÂ±Ä„Åß„ÅÇ„ÇãCNN„Å®MSNBC„Çí„ÄåÁóÖ„Çì„Åß„ÅÑ„Çã„Äç„Å®„Åô„Çã https://t.co/Nf0NgXBovh",Sun Aug 19 01:53:55 +0000 2018
MSNBC_NUSA,it sucks being 12 https://t.co/aTiVAsBzT2,,Sun Aug 19 01:53:55 +0000 2018
glennkirschner2,@60andmoonwalkin @MSNBC Thank you for the kind words. I‚Äôll be beating the same drum tomorrow at 9 a.m. on MSNBC. We need to saturate the public with thruthful and accurate information. I derive hope and comfort knowing that Mueller has the ability to indict ALL individuals who deserve to be indicted.,,Sun Aug 19 01:53:55 +0000 2018
BatchelorLaw,RT @kylegriffin1: Fmr. acting CIA Director John McLaughlin says that he looked at Trump's 26-page executive directive to revoke a security‚Ä¶,Fmr. acting CIA Director John McLaughlin says that he looked at Trump's 26-page executive directive to revoke a security clearance and none of 13 reasons provided match up to what the White House said about John Brennan. https://t.co/ESy6aeKHaA,Sun Aug 19 01:53:53 +0000 2018
PeteRiehm,"RT @thebradfordfile: Michelle Goldberg ü§° of the NY Times was challenged on MSNBC that Trump is ""not rounding people up and murdering them w‚Ä¶","Michelle Goldberg ü§° of the NY Times was challenged on MSNBC that Trump is ""not rounding people up and murdering them without any due process.""

Her reply:

""He'd certainly like to."" 

Trump Derangement Syndrome is real. Pray for these clowns.",Sun Aug 19 01:53:53 +0000 2018
LoriFit85297197,RT @kylegriffin1: Fmr. acting CIA Director John McLaughlin says that he looked at Trump's 26-page executive directive to revoke a security‚Ä¶,Fmr. acting CIA Director John McLaughlin says that he looked at Trump's 26-page executive directive to revoke a security clearance and none of 13 reasons provided match up to what the White House said about John Brennan. https://t.co/ESy6aeKHaA,Sun Aug 19 01:53:53 +0000 2018
hamlinman,Mueller is helping DT cover up.  Be ready for a lot of stuff but not criminal.  Mueller is helping DT that‚Äôs why no leaks.  It‚Äôs just that way. https://t.co/SyIhIH7urS,,Sun Aug 19 01:53:52 +0000 2018
sheba517,I am so sorry that msnbc even air thAt shit. Bad bad https://t.co/Pv1oRnrZeI,,Sun Aug 19 01:53:52 +0000 2018
DavidAguirreB,"RT @realDonaldTrump: .....Censorship is a very dangerous thing &amp; absolutely impossible to police. If you are weeding out Fake News, there i‚Ä¶",".....Censorship is a very dangerous thing &amp; absolutely impossible to police. If you are weeding out Fake News, there is nothing so Fake as CNN &amp; MSNBC, &amp; yet I do not ask that their sick behavior be removed. I get used to it and watch with a grain of salt, or don‚Äôt watch at all..",Sun Aug 19 01:53:52 +0000 2018
KamaIaHarris,"@KaivanShroff MSNBC is already too right with garbage Chuck Todd, Andrea Mitchell, and Morning Joe.",,Sun Aug 19 01:53:52 +0000 2018
Barbarita101950,"Trump takes credit for canceling military parade https://t.co/8Txq2q6l9B via @MSNBC Actually the mayor of Washington who fought Trump
On the exorbitant expense of parade was the one that convinced him to cancel parade!",,Sun Aug 19 01:53:52 +0000 2018
TTheriaque,"RT @MSNBC: Kellyanne Conway: ""Why is everybody so obsessed with the President of the United States that they can't even begin or finish a s‚Ä¶","Kellyanne Conway: ""Why is everybody so obsessed with the President of the United States that they can't even begin or finish a sentence without mentioning his name five times? It's kind of weird."" https://t.co/XJXt0i5LEP",Sun Aug 19 01:53:51 +0000 2018
realfredgarvin,RT @realDailyWire: WATCH: Panelist On MSNBC Suggests Trump Wants To Round People Up And 'Murder' Them https://t.co/Ra7gZmJCCt,WATCH: Panelist On MSNBC Suggests Trump Wants To Round People Up And 'Murder' Them https://t.co/Ra7gZmJCCt,Sun Aug 19 01:53:51 +0000 2018
SanQuintinMan,RT @WakingLifeDream: Brennan: ‚ÄúAre the Republicans on the Hill... going to wait for a disaster to happen before they actually find their ba‚Ä¶,"Brennan: ‚ÄúAre the Republicans on the Hill... going to wait for a disaster to happen before they actually find their backbones to speak up against somebody who clearly is not carrying out his responsibilities with any sense of purpose and common sense?‚Äù

https://t.co/PgxgX7WB68",Sun Aug 19 01:53:50 +0000 2018
wendylovesmj,"RT @realDonaldTrump: .....Censorship is a very dangerous thing &amp; absolutely impossible to police. If you are weeding out Fake News, there i‚Ä¶",".....Censorship is a very dangerous thing &amp; absolutely impossible to police. If you are weeding out Fake News, there is nothing so Fake as CNN &amp; MSNBC, &amp; yet I do not ask that their sick behavior be removed. I get used to it and watch with a grain of salt, or don‚Äôt watch at all..",Sun Aug 19 01:53:49 +0000 2018
aseeger3,"RT @thebradfordfile: Michelle Goldberg ü§° of the NY Times was challenged on MSNBC that Trump is ""not rounding people up and murdering them w‚Ä¶","Michelle Goldberg ü§° of the NY Times was challenged on MSNBC that Trump is ""not rounding people up and murdering them without any due process.""

Her reply:

""He'd certainly like to."" 

Trump Derangement Syndrome is real. Pray for these clowns.",Sun Aug 19 01:53:49 +0000 2018
BrownTownClownT,"@MSNBC Because threatening federal investigators is always a smart move

Put Guiliani in a home already",,Sun Aug 19 01:53:46 +0000 2018
middleclassnumb,"RT @SandraTXAS: John O.  Brennan did not have a problem revoking Kris Paronto securty clearance for telling truth about Benghazi

Now we ar‚Ä¶","John O.  Brennan did not have a problem revoking Kris Paronto securty clearance for telling truth about Benghazi

Now we are supposed to care that Brennan can no longer use security clearance status as political cachet on CNN and MSNBC and NYTimes?

Nope...dont care.

#MAGA",Sun Aug 19 01:53:45 +0000 2018
mccomb_karen,"RT @keithboykin: In MSNBC interview with Rev. Al Sharpton, Virginia Republican Senate nominee and Confederate flag supporter Corey Stewart‚Ä¶","In MSNBC interview with Rev. Al Sharpton, Virginia Republican Senate nominee and Confederate flag supporter Corey Stewart can't name a single black leader in Virginia who supports him. Not one. #AMJOY https://t.co/ipQiT36awL",Sun Aug 19 01:53:45 +0000 2018
JudgeBobOrr,"RT @MSNBC: Trump claimed he has no ties to Russia, but reporting in a new book by Craig Unger describes Russian mafia-linked money launderi‚Ä¶","Trump claimed he has no ties to Russia, but reporting in a new book by Craig Unger describes Russian mafia-linked money laundering involving Trump properties that goes back to the 1980s.  https://t.co/RDMh0B7Xxr",Sun Aug 19 01:53:44 +0000 2018
cooleyrj,"Brennan: Trump drunk on power, abusing the powers of the office https://t.co/1q3VycvvxL via @msnbc",,Sun Aug 19 01:53:43 +0000 2018
tonyresists,"RT @activist360: I didn't watch Ari Melber's interview of Steve Bannon, but I do have one question: 

Why the f*ck would @MSNBC give an irr‚Ä¶","I didn't watch Ari Melber's interview of Steve Bannon, but I do have one question: 

Why the f*ck would @MSNBC give an irrelevant Nazi a platform to spew white supremacism? Have you learned nothing from the hours of free advertising you gave racist, serial lying sociopath Trump?",Sun Aug 19 01:53:42 +0000 2018
JeriB0925,"RT @realDonaldTrump: .....Censorship is a very dangerous thing &amp; absolutely impossible to police. If you are weeding out Fake News, there i‚Ä¶",".....Censorship is a very dangerous thing &amp; absolutely impossible to police. If you are weeding out Fake News, there is nothing so Fake as CNN &amp; MSNBC, &amp; yet I do not ask that their sick behavior be removed. I get used to it and watch with a grain of salt, or don‚Äôt watch at all..",Sun Aug 19 01:53:42 +0000 2018
Christo09278206,RT @KrisParonto: It‚Äôs almost comical if it wasn‚Äôt so sad ... @CNN @MSNBC @voxdotcom @nytimes @washingtonpost @TIME @CBSNews @abcnews @ABC #‚Ä¶,It‚Äôs almost comical if it wasn‚Äôt so sad ... @CNN @MSNBC @voxdotcom @nytimes @washingtonpost @TIME @CBSNews @abcnews @ABC #FakeNews #whiteguilt #CnnIsFakeNews #LiberalismIsAMentalDisorder https://t.co/xWRy1wYU1u,Sun Aug 19 01:53:42 +0000 2018
BettyAnnRoyal1,@MSNBC She is to old and deranged to carry on. She can't  even talk right.,,Sun Aug 19 01:53:41 +0000 2018
ShelbyJak2017,RT @TheDemCoalition: VIDEO: @Maddow shows the prevalence of classified intelligence in the #TrumpRussia investigation and notes that the pe‚Ä¶,"VIDEO: @Maddow shows the prevalence of classified intelligence in the #TrumpRussia investigation and notes that the people @realDonaldTrump is threatening with having their security clearance revoked, are those who would need that clearance to testify https://t.co/L0Q3kHHGqE",Sun Aug 19 01:53:41 +0000 2018
newswatcher2,@MSNBC .@AriBerman ‚¨áÔ∏è‚¨áÔ∏è‚¨áÔ∏è‚¨áÔ∏è‚¨áÔ∏è‚¨áÔ∏è‚¨áÔ∏è‚¨áÔ∏è https://t.co/v3VL1ZnHCF,,Sun Aug 19 01:53:39 +0000 2018
mommomrita,"RT @SandraTXAS: John O.  Brennan did not have a problem revoking Kris Paronto securty clearance for telling truth about Benghazi

Now we ar‚Ä¶","John O.  Brennan did not have a problem revoking Kris Paronto securty clearance for telling truth about Benghazi

Now we are supposed to care that Brennan can no longer use security clearance status as political cachet on CNN and MSNBC and NYTimes?

Nope...dont care.

#MAGA",Sun Aug 19 01:53:38 +0000 2018
ghiggyluv,"RT @activist360: I didn't watch Ari Melber's interview of Steve Bannon, but I do have one question: 

Why the f*ck would @MSNBC give an irr‚Ä¶","I didn't watch Ari Melber's interview of Steve Bannon, but I do have one question: 

Why the f*ck would @MSNBC give an irrelevant Nazi a platform to spew white supremacism? Have you learned nothing from the hours of free advertising you gave racist, serial lying sociopath Trump?",Sun Aug 19 01:53:36 +0000 2018
hsmcnp,RT @BrunoAmato_1: To clear things up. I am a huge fan of MSNBC. A huge fan of @TheLastWord and   @lawrence. I am not a fan of promoting and‚Ä¶,To clear things up. I am a huge fan of MSNBC. A huge fan of @TheLastWord and   @lawrence. I am not a fan of promoting and giving airtime to white nationalists or ANY Trump propogandist. They've already been exposed for who they are. I prefer hearing from patriots of the USA.,Sun Aug 19 01:53:35 +0000 2018
derek_cthulhu,"RT @realDonaldTrump: .....Censorship is a very dangerous thing &amp; absolutely impossible to police. If you are weeding out Fake News, there i‚Ä¶",".....Censorship is a very dangerous thing &amp; absolutely impossible to police. If you are weeding out Fake News, there is nothing so Fake as CNN &amp; MSNBC, &amp; yet I do not ask that their sick behavior be removed. I get used to it and watch with a grain of salt, or don‚Äôt watch at all..",Sun Aug 19 01:53:35 +0000 2018
HnaXie,RT @politicususa: MSNBC‚Äôs Rachel Maddow did a deep and detailed interview with John Brennan and the picture that his answers painted showed‚Ä¶,MSNBC‚Äôs Rachel Maddow did a deep and detailed interview with John Brennan and the picture that his answers painted showed why Trump is running scared from the Mueller investigation. https://t.co/TFkl9KmW9J https://t.co/eV77yFdd60,Sun Aug 19 01:53:35 +0000 2018
CrazyCatLadyFL,"RT @MSNBC: ""We would give away generations of experience if people did not have the ability to look at the facts in a classified setting an‚Ä¶","""We would give away generations of experience if people did not have the ability to look at the facts in a classified setting and provide advice to their successors. ""

‚Äì Admiral James Stavridis
https://t.co/MfvMfMYztQ",Sun Aug 19 01:53:34 +0000 2018
Rpmonroe66,"RT @realDonaldTrump: .....Censorship is a very dangerous thing &amp; absolutely impossible to police. If you are weeding out Fake News, there i‚Ä¶",".....Censorship is a very dangerous thing &amp; absolutely impossible to police. If you are weeding out Fake News, there is nothing so Fake as CNN &amp; MSNBC, &amp; yet I do not ask that their sick behavior be removed. I get used to it and watch with a grain of salt, or don‚Äôt watch at all..",Sun Aug 19 01:53:32 +0000 2018
Halimblack5,We already know! https://t.co/IY74fxGEQo,,Sun Aug 19 01:53:32 +0000 2018
Flyin_In_DC,RT @RealSaavedra: MSNBC panelist suggests Trump wants to round people up and murder them. https://t.co/RiPqZwe6Bd,MSNBC panelist suggests Trump wants to round people up and murder them. https://t.co/RiPqZwe6Bd,Sun Aug 19 01:53:31 +0000 2018
MissyG520,RT @Emolclause: #BREAKING:BOOYAH!! Rhode Island's Senate has UNANIMOUSLY VOTED for a measure that would require presidential candidates to‚Ä¶,"#BREAKING:BOOYAH!! Rhode Island's Senate has UNANIMOUSLY VOTED for a measure that would require presidential candidates to release 5 year #TaxReturns to be placed on the state's ballot 
#TheResistance #Trump #ConflictOfInterest #Emoluments #CNN #MSNBC
https://t.co/azYZS8rJXM",Sun Aug 19 01:53:29 +0000 2018
TakebackUSA2,RT @LeahR77: Where‚Äôs all the unified media outrage regarding Alexandria-Cortez BANNING them from campaign events ?NEWS FLASH  #NBC #CNN #MS‚Ä¶,"Where‚Äôs all the unified media outrage regarding Alexandria-Cortez BANNING them from campaign events ?NEWS FLASH  #NBC #CNN #MSNBC #ABC THIS is what Communism actually looks like . For all the bashing you do to Trump he doesn‚Äôt BAN you, he calls u out to your faces!",Sun Aug 19 01:53:28 +0000 2018
GoodnessMrcy,"RT @realDonaldTrump: .....Censorship is a very dangerous thing &amp; absolutely impossible to police. If you are weeding out Fake News, there i‚Ä¶",".....Censorship is a very dangerous thing &amp; absolutely impossible to police. If you are weeding out Fake News, there is nothing so Fake as CNN &amp; MSNBC, &amp; yet I do not ask that their sick behavior be removed. I get used to it and watch with a grain of salt, or don‚Äôt watch at all..",Sun Aug 19 01:53:28 +0000 2018
MzDIS,"RT @activist360: I didn't watch Ari Melber's interview of Steve Bannon, but I do have one question: 

Why the f*ck would @MSNBC give an irr‚Ä¶","I didn't watch Ari Melber's interview of Steve Bannon, but I do have one question: 

Why the f*ck would @MSNBC give an irrelevant Nazi a platform to spew white supremacism? Have you learned nothing from the hours of free advertising you gave racist, serial lying sociopath Trump?",Sun Aug 19 01:53:27 +0000 2018
0620Letsgetreal,@CNNPolitics Brennan does not need a security clearance to work for MSNBC as a political hack.,,Sun Aug 19 01:53:27 +0000 2018
DeplorableSabi,RT @RealSaavedra: MSNBC panelist suggests Trump wants to round people up and murder them. https://t.co/RiPqZwe6Bd,MSNBC panelist suggests Trump wants to round people up and murder them. https://t.co/RiPqZwe6Bd,Sun Aug 19 01:53:26 +0000 2018
Sweet_Pea_007,@SassySouthern10 @PatriotsWide @RepCohen @MSNBC @NancyPelosi And remember that video clip where this nut job Pelosi talk about doing deals with North Korea? Dirty rotten witch. Thank God President Trump took care of that.,,Sun Aug 19 01:53:26 +0000 2018
MollyNicoletta,"RT @activist360: I didn't watch Ari Melber's interview of Steve Bannon, but I do have one question: 

Why the f*ck would @MSNBC give an irr‚Ä¶","I didn't watch Ari Melber's interview of Steve Bannon, but I do have one question: 

Why the f*ck would @MSNBC give an irrelevant Nazi a platform to spew white supremacism? Have you learned nothing from the hours of free advertising you gave racist, serial lying sociopath Trump?",Sun Aug 19 01:53:26 +0000 2018
sexyjohnstofko,@MSNBC @maddow @MSNBC Amen @maddow,,Sun Aug 19 01:53:24 +0000 2018
MaxineSykes,"RT @DearAuntCrabby: Once again, @MSNBC cuts away to live coverage of the moron-in-chief. I'm pretty sick of this shit. 

Knock it off @MSNBC","Once again, @MSNBC cuts away to live coverage of the moron-in-chief. I'm pretty sick of this shit. 

Knock it off @MSNBC",Sun Aug 19 01:53:24 +0000 2018
StevenBouchar15,@CoreyStewartVA @BShakakalaka @MSNBC @amjoyshow Thank obama for that. he brought race relations back to the 50's and hatred for police and military. The worst president ever.,,Sun Aug 19 01:53:23 +0000 2018
SteveS919,"@Nysteveo2AOLcom @Loohis Aside from the offensive idiocy about enemies, it's great to see MSNBC do something other than political advocacy. Americans need actual journalism, not an echo chamber.",,Sun Aug 19 01:53:23 +0000 2018
NikicNiki,"RT @realDonaldTrump: .....Censorship is a very dangerous thing &amp; absolutely impossible to police. If you are weeding out Fake News, there i‚Ä¶",".....Censorship is a very dangerous thing &amp; absolutely impossible to police. If you are weeding out Fake News, there is nothing so Fake as CNN &amp; MSNBC, &amp; yet I do not ask that their sick behavior be removed. I get used to it and watch with a grain of salt, or don‚Äôt watch at all..",Sun Aug 19 01:53:22 +0000 2018
FLConserve941,"RT @realDonaldTrump: .....Censorship is a very dangerous thing &amp; absolutely impossible to police. If you are weeding out Fake News, there i‚Ä¶",".....Censorship is a very dangerous thing &amp; absolutely impossible to police. If you are weeding out Fake News, there is nothing so Fake as CNN &amp; MSNBC, &amp; yet I do not ask that their sick behavior be removed. I get used to it and watch with a grain of salt, or don‚Äôt watch at all..",Sun Aug 19 01:53:22 +0000 2018
dora_maxey,RT @kylegriffin1: Fmr. acting CIA Director John McLaughlin says that he looked at Trump's 26-page executive directive to revoke a security‚Ä¶,Fmr. acting CIA Director John McLaughlin says that he looked at Trump's 26-page executive directive to revoke a security clearance and none of 13 reasons provided match up to what the White House said about John Brennan. https://t.co/ESy6aeKHaA,Sun Aug 19 01:53:22 +0000 2018
Bexofeasttex,@stakessweeper @CNN @MSNBC There are no non-partisan fact checkers.,,Sun Aug 19 01:53:21 +0000 2018
irishsoxfan34,"RT @realDonaldTrump: .....Censorship is a very dangerous thing &amp; absolutely impossible to police. If you are weeding out Fake News, there i‚Ä¶",".....Censorship is a very dangerous thing &amp; absolutely impossible to police. If you are weeding out Fake News, there is nothing so Fake as CNN &amp; MSNBC, &amp; yet I do not ask that their sick behavior be removed. I get used to it and watch with a grain of salt, or don‚Äôt watch at all..",Sun Aug 19 01:53:20 +0000 2018
reesetheone1,Msnbc cleaned his ass up for that interview. https://t.co/gkNfVGAPo1,,Sun Aug 19 01:53:19 +0000 2018
JessesLaw,RT @kylegriffin1: Fmr. acting CIA Director John McLaughlin says that he looked at Trump's 26-page executive directive to revoke a security‚Ä¶,Fmr. acting CIA Director John McLaughlin says that he looked at Trump's 26-page executive directive to revoke a security clearance and none of 13 reasons provided match up to what the White House said about John Brennan. https://t.co/ESy6aeKHaA,Sun Aug 19 01:53:18 +0000 2018
BobbyJadedlamb,RT @melissa5215: A Colorado professor assigns Anti-Trump material as required reading. WTH is wrong with these schools? Send your kids to T‚Ä¶,A Colorado professor assigns Anti-Trump material as required reading. WTH is wrong with these schools? Send your kids to Trade school instead. @realDonaldTrump @FoxNews #WalkAway #MAGA @seanhannity @IngrahamAngle @MSNBC @CNN #Brainwashing,Sun Aug 19 01:53:17 +0000 2018
4thGear1,"RT @thebradfordfile: Michelle Goldberg ü§° of the NY Times was challenged on MSNBC that Trump is ""not rounding people up and murdering them w‚Ä¶","Michelle Goldberg ü§° of the NY Times was challenged on MSNBC that Trump is ""not rounding people up and murdering them without any due process.""

Her reply:

""He'd certainly like to."" 

Trump Derangement Syndrome is real. Pray for these clowns.",Sun Aug 19 01:53:17 +0000 2018
BDaddyFame,"RT @realDonaldTrump: .....Censorship is a very dangerous thing &amp; absolutely impossible to police. If you are weeding out Fake News, there i‚Ä¶",".....Censorship is a very dangerous thing &amp; absolutely impossible to police. If you are weeding out Fake News, there is nothing so Fake as CNN &amp; MSNBC, &amp; yet I do not ask that their sick behavior be removed. I get used to it and watch with a grain of salt, or don‚Äôt watch at all..",Sun Aug 19 01:53:17 +0000 2018
FeMaiden64,"RT @thebradfordfile: Dear @MSNBC: 

Your network is nuts. Get help.

Love,
Sane People https://t.co/ekx4wn0i9e","Dear @MSNBC: 

Your network is nuts. Get help.

Love,
Sane People https://t.co/ekx4wn0i9e",Sun Aug 19 01:53:16 +0000 2018
jmulkern,RT @MSNBC: Brennan to @Maddow: Are the Republicans on the Hill ... going to wait for a disaster to happen before they actually find their b‚Ä¶,Brennan to @Maddow: Are the Republicans on the Hill ... going to wait for a disaster to happen before they actually find their backbones to speak up against somebody who clearly is not carrying out his responsibilities with any sense of purpose and common sense? https://t.co/zzp8N1dA5s,Sun Aug 19 01:53:15 +0000 2018
jasonbluaz,@MSNBC @11thHour He should pardon him.,,Sun Aug 19 01:53:15 +0000 2018
David4Irwin,"RT @realDonaldTrump: .....Censorship is a very dangerous thing &amp; absolutely impossible to police. If you are weeding out Fake News, there i‚Ä¶",".....Censorship is a very dangerous thing &amp; absolutely impossible to police. If you are weeding out Fake News, there is nothing so Fake as CNN &amp; MSNBC, &amp; yet I do not ask that their sick behavior be removed. I get used to it and watch with a grain of salt, or don‚Äôt watch at all..",Sun Aug 19 01:53:14 +0000 2018
TrumpFix,RT @RealSaavedra: MSNBC panelist suggests Trump wants to round people up and murder them. https://t.co/RiPqZwe6Bd,MSNBC panelist suggests Trump wants to round people up and murder them. https://t.co/RiPqZwe6Bd,Sun Aug 19 01:53:14 +0000 2018
Advancedape2E,"RT @RepRoKhanna: As head of Blackwater, Erik Prince‚Äôs mercenaries committed multiple war crimes in Iraq and were convicted for their involv‚Ä¶","As head of Blackwater, Erik Prince‚Äôs mercenaries committed multiple war crimes in Iraq and were convicted for their involvement in the Nissour Square massacre that killed 17 civilians. He deserves an investigation, not contracts to wage a private war in Afghanistan. https://t.co/fiWy1HYTIW",Sun Aug 19 01:53:14 +0000 2018
CateyeMinty,"RT @keithboykin: In MSNBC interview with Rev. Al Sharpton, Virginia Republican Senate nominee and Confederate flag supporter Corey Stewart‚Ä¶","In MSNBC interview with Rev. Al Sharpton, Virginia Republican Senate nominee and Confederate flag supporter Corey Stewart can't name a single black leader in Virginia who supports him. Not one. #AMJOY https://t.co/ipQiT36awL",Sun Aug 19 01:53:13 +0000 2018
sherrystolp,RT @TheDemCoalition: VIDEO: @Maddow shows the prevalence of classified intelligence in the #TrumpRussia investigation and notes that the pe‚Ä¶,"VIDEO: @Maddow shows the prevalence of classified intelligence in the #TrumpRussia investigation and notes that the people @realDonaldTrump is threatening with having their security clearance revoked, are those who would need that clearance to testify https://t.co/L0Q3kHHGqE",Sun Aug 19 01:53:12 +0000 2018
FalconYourHero,"@darrenhayes @MSNBC @AriMelber @TheDemocrats If he can buy his way onto a ""liberal"" show on a quasi-liberal network that shows not only his power but his unmitigated gall! I was offended by that #AriMelber",,Sun Aug 19 01:53:11 +0000 2018
burgh21,RT @WakingLifeDream: Brennan: ‚ÄúAre the Republicans on the Hill... going to wait for a disaster to happen before they actually find their ba‚Ä¶,"Brennan: ‚ÄúAre the Republicans on the Hill... going to wait for a disaster to happen before they actually find their backbones to speak up against somebody who clearly is not carrying out his responsibilities with any sense of purpose and common sense?‚Äù

https://t.co/PgxgX7WB68",Sun Aug 19 01:53:10 +0000 2018
GRITS1954,"RT @realDonaldTrump: .....Censorship is a very dangerous thing &amp; absolutely impossible to police. If you are weeding out Fake News, there i‚Ä¶",".....Censorship is a very dangerous thing &amp; absolutely impossible to police. If you are weeding out Fake News, there is nothing so Fake as CNN &amp; MSNBC, &amp; yet I do not ask that their sick behavior be removed. I get used to it and watch with a grain of salt, or don‚Äôt watch at all..",Sun Aug 19 01:53:10 +0000 2018
tuscany281,RT @SenSchumer: New video shows Judge Kavanaugh praising former Justice Scalia‚Äôs view that key cases on women‚Äôs reproductive freedom and ma‚Ä¶,"New video shows Judge Kavanaugh praising former Justice Scalia‚Äôs view that key cases on women‚Äôs reproductive freedom and marriage equality were wrongly decided:

https://t.co/XmZnffOLOq https://t.co/p4uVxH55pU",Sun Aug 19 01:53:09 +0000 2018
Bielawskee,"RT @activist360: I didn't watch Ari Melber's interview of Steve Bannon, but I do have one question: 

Why the f*ck would @MSNBC give an irr‚Ä¶","I didn't watch Ari Melber's interview of Steve Bannon, but I do have one question: 

Why the f*ck would @MSNBC give an irrelevant Nazi a platform to spew white supremacism? Have you learned nothing from the hours of free advertising you gave racist, serial lying sociopath Trump?",Sun Aug 19 01:53:09 +0000 2018
rosita3x3,"RT @activist360: I didn't watch Ari Melber's interview of Steve Bannon, but I do have one question: 

Why the f*ck would @MSNBC give an irr‚Ä¶","I didn't watch Ari Melber's interview of Steve Bannon, but I do have one question: 

Why the f*ck would @MSNBC give an irrelevant Nazi a platform to spew white supremacism? Have you learned nothing from the hours of free advertising you gave racist, serial lying sociopath Trump?",Sun Aug 19 01:53:08 +0000 2018
KurtWhiteside1,"RT @thebradfordfile: Michelle Goldberg ü§° of the NY Times was challenged on MSNBC that Trump is ""not rounding people up and murdering them w‚Ä¶","Michelle Goldberg ü§° of the NY Times was challenged on MSNBC that Trump is ""not rounding people up and murdering them without any due process.""

Her reply:

""He'd certainly like to."" 

Trump Derangement Syndrome is real. Pray for these clowns.",Sun Aug 19 01:53:08 +0000 2018
ShShShShShSh555,RT @RealSaavedra: MSNBC panelist suggests Trump wants to round people up and murder them. https://t.co/RiPqZwe6Bd,MSNBC panelist suggests Trump wants to round people up and murder them. https://t.co/RiPqZwe6Bd,Sun Aug 19 01:53:06 +0000 2018
Hannah11636033,"RT @realDonaldTrump: .....Censorship is a very dangerous thing &amp; absolutely impossible to police. If you are weeding out Fake News, there i‚Ä¶",".....Censorship is a very dangerous thing &amp; absolutely impossible to police. If you are weeding out Fake News, there is nothing so Fake as CNN &amp; MSNBC, &amp; yet I do not ask that their sick behavior be removed. I get used to it and watch with a grain of salt, or don‚Äôt watch at all..",Sun Aug 19 01:53:05 +0000 2018
cook_robert_l,"RT @wikileaks: @kylegriffin1 Does MSNBC now get its talking points from the Trump administration? If so, the phrase was ""NON STATE hostile‚Ä¶","@kylegriffin1 Does MSNBC now get its talking points from the Trump administration? If so, the phrase was ""NON STATE hostile intelligence service""--showing the absurdity. https://t.co/MdbVJfkfIi",Sun Aug 19 01:53:04 +0000 2018
rok_chick,@kngofstrngs @CivilGunOwner @OregonSmitty @electricsoul123 @GarrettHaake @MSNBC Only if one was an idiot who thought in binary terms.,,Sun Aug 19 01:53:03 +0000 2018
CalFreedomMom,"@NYGovCuomo @realDonaldTrump Because media bias, @POTUS Trump tweets. He circumvents azzwipes like CNN MSNBC who‚Äôve proven 2b propaganda arm of Dems  &amp; don‚Äôt give all sides on reporting

Americans are sick of slick talkers who do nothing. Prez Trump is not polished, but he‚Äôs done 10x more than most Prez",,Sun Aug 19 01:53:02 +0000 2018
holmes_62,"RT @keithboykin: In MSNBC interview with Rev. Al Sharpton, Virginia Republican Senate nominee and Confederate flag supporter Corey Stewart‚Ä¶","In MSNBC interview with Rev. Al Sharpton, Virginia Republican Senate nominee and Confederate flag supporter Corey Stewart can't name a single black leader in Virginia who supports him. Not one. #AMJOY https://t.co/ipQiT36awL",Sun Aug 19 01:53:02 +0000 2018
eab8810,"RT @activist360: I didn't watch Ari Melber's interview of Steve Bannon, but I do have one question: 

Why the f*ck would @MSNBC give an irr‚Ä¶","I didn't watch Ari Melber's interview of Steve Bannon, but I do have one question: 

Why the f*ck would @MSNBC give an irrelevant Nazi a platform to spew white supremacism? Have you learned nothing from the hours of free advertising you gave racist, serial lying sociopath Trump?",Sun Aug 19 01:53:02 +0000 2018
Le_Lamentable,RT @KrisParonto: It‚Äôs almost comical if it wasn‚Äôt so sad ... @CNN @MSNBC @voxdotcom @nytimes @washingtonpost @TIME @CBSNews @abcnews @ABC #‚Ä¶,It‚Äôs almost comical if it wasn‚Äôt so sad ... @CNN @MSNBC @voxdotcom @nytimes @washingtonpost @TIME @CBSNews @abcnews @ABC #FakeNews #whiteguilt #CnnIsFakeNews #LiberalismIsAMentalDisorder https://t.co/xWRy1wYU1u,Sun Aug 19 01:53:01 +0000 2018
nooneishere51,"RT @SandraTXAS: John O.  Brennan did not have a problem revoking Kris Paronto securty clearance for telling truth about Benghazi

Now we ar‚Ä¶","John O.  Brennan did not have a problem revoking Kris Paronto securty clearance for telling truth about Benghazi

Now we are supposed to care that Brennan can no longer use security clearance status as political cachet on CNN and MSNBC and NYTimes?

Nope...dont care.

#MAGA",Sun Aug 19 01:53:00 +0000 2018
Norm_berry,RT @Emolclause: #BREAKING:FINALLY #MSM GETS IT!! #Trump's.@GOP abetters are the BIGGER problem. Hopefully #MSM will soon start putting .@Sp‚Ä¶,"#BREAKING:FINALLY #MSM GETS IT!! #Trump's.@GOP abetters are the BIGGER problem. Hopefully #MSM will soon start putting .@SpeakerRyan.@SenatorCollins.@lisamurkowski and others who should know better ON FULL BLAST!! 

#TheResistance #CNN #MSNBC #FoxNews

https://t.co/cDgbXB51xh",Sun Aug 19 01:53:00 +0000 2018
Stacy75017416,"RT @keithboykin: In MSNBC interview with Rev. Al Sharpton, Virginia Republican Senate nominee and Confederate flag supporter Corey Stewart‚Ä¶","In MSNBC interview with Rev. Al Sharpton, Virginia Republican Senate nominee and Confederate flag supporter Corey Stewart can't name a single black leader in Virginia who supports him. Not one. #AMJOY https://t.co/ipQiT36awL",Sun Aug 19 01:52:58 +0000 2018
Bandislife2004,"RT @activist360: I didn't watch Ari Melber's interview of Steve Bannon, but I do have one question: 

Why the f*ck would @MSNBC give an irr‚Ä¶","I didn't watch Ari Melber's interview of Steve Bannon, but I do have one question: 

Why the f*ck would @MSNBC give an irrelevant Nazi a platform to spew white supremacism? Have you learned nothing from the hours of free advertising you gave racist, serial lying sociopath Trump?",Sun Aug 19 01:52:58 +0000 2018
Ajbyrd49,"RT @SandraTXAS: John O.  Brennan did not have a problem revoking Kris Paronto securty clearance for telling truth about Benghazi

Now we ar‚Ä¶","John O.  Brennan did not have a problem revoking Kris Paronto securty clearance for telling truth about Benghazi

Now we are supposed to care that Brennan can no longer use security clearance status as political cachet on CNN and MSNBC and NYTimes?

Nope...dont care.

#MAGA",Sun Aug 19 01:52:57 +0000 2018
Bob_Glaser,@MSNBC https://t.co/6odHAzjIxI,,Sun Aug 19 01:52:57 +0000 2018
FeMaiden64,@thebradfordfile @CCbucko @MSNBC This is what happens when we throw ‚Äòsurvival of the fittest‚Äô out the window.,,Sun Aug 19 01:52:57 +0000 2018
cooleyrj,Brennan: I gave Trump a year to live up to the office. He didn't. https://t.co/tO8PX1hqAQ via @msnbc,,Sun Aug 19 01:52:56 +0000 2018
Pug_life_4_Blue,"@CamilleGtine @LisaMei62 @maddow @MSNBC @JohnBrennan I‚Äôm with ya, Camille!",,Sun Aug 19 01:52:56 +0000 2018
mmcgl2,"RT @SandraTXAS: John O.  Brennan did not have a problem revoking Kris Paronto securty clearance for telling truth about Benghazi

Now we ar‚Ä¶","John O.  Brennan did not have a problem revoking Kris Paronto securty clearance for telling truth about Benghazi

Now we are supposed to care that Brennan can no longer use security clearance status as political cachet on CNN and MSNBC and NYTimes?

Nope...dont care.

#MAGA",Sun Aug 19 01:52:54 +0000 2018
Edna82193606,"RT @SandraTXAS: John O.  Brennan did not have a problem revoking Kris Paronto securty clearance for telling truth about Benghazi

Now we ar‚Ä¶","John O.  Brennan did not have a problem revoking Kris Paronto securty clearance for telling truth about Benghazi

Now we are supposed to care that Brennan can no longer use security clearance status as political cachet on CNN and MSNBC and NYTimes?

Nope...dont care.

#MAGA",Sun Aug 19 01:52:54 +0000 2018
