mojave_airlines,RT @Aviation_Intel: I will deliberately shoot in the most horrific conditions. Secret: that's when the magic actually happens! I don't buy…,I will deliberately shoot in the most horrific conditions. Secret: that's when the magic actually happens! I don't buy gear to stare at it in a case while it's wet out. Insure it and be willing to risk it—Korean Air plowing out of PDX during a heavy squall: https://t.co/JgohLS87wU,Sat Aug 18 16:53:24 +0000 2018
andyturner219,RT @Aviation_Intel: I will deliberately shoot in the most horrific conditions. Secret: that's when the magic actually happens! I don't buy…,I will deliberately shoot in the most horrific conditions. Secret: that's when the magic actually happens! I don't buy gear to stare at it in a case while it's wet out. Insure it and be willing to risk it—Korean Air plowing out of PDX during a heavy squall: https://t.co/JgohLS87wU,Sat Aug 18 16:41:44 +0000 2018
msuganth,RT @Aviation_Intel: I will deliberately shoot in the most horrific conditions. Secret: that's when the magic actually happens! I don't buy…,I will deliberately shoot in the most horrific conditions. Secret: that's when the magic actually happens! I don't buy gear to stare at it in a case while it's wet out. Insure it and be willing to risk it—Korean Air plowing out of PDX during a heavy squall: https://t.co/JgohLS87wU,Sat Aug 18 16:36:03 +0000 2018
SeanFionn,RT @Aviation_Intel: I will deliberately shoot in the most horrific conditions. Secret: that's when the magic actually happens! I don't buy…,I will deliberately shoot in the most horrific conditions. Secret: that's when the magic actually happens! I don't buy gear to stare at it in a case while it's wet out. Insure it and be willing to risk it—Korean Air plowing out of PDX during a heavy squall: https://t.co/JgohLS87wU,Sat Aug 18 15:54:37 +0000 2018
sgraIRL,RT @Aviation_Intel: I will deliberately shoot in the most horrific conditions. Secret: that's when the magic actually happens! I don't buy…,I will deliberately shoot in the most horrific conditions. Secret: that's when the magic actually happens! I don't buy gear to stare at it in a case while it's wet out. Insure it and be willing to risk it—Korean Air plowing out of PDX during a heavy squall: https://t.co/JgohLS87wU,Sat Aug 18 15:39:56 +0000 2018
derekroy100,RT @Aviation_Intel: I will deliberately shoot in the most horrific conditions. Secret: that's when the magic actually happens! I don't buy…,I will deliberately shoot in the most horrific conditions. Secret: that's when the magic actually happens! I don't buy gear to stare at it in a case while it's wet out. Insure it and be willing to risk it—Korean Air plowing out of PDX during a heavy squall: https://t.co/JgohLS87wU,Sat Aug 18 15:35:38 +0000 2018
TikokiT,RT @Aviation_Intel: I will deliberately shoot in the most horrific conditions. Secret: that's when the magic actually happens! I don't buy…,I will deliberately shoot in the most horrific conditions. Secret: that's when the magic actually happens! I don't buy gear to stare at it in a case while it's wet out. Insure it and be willing to risk it—Korean Air plowing out of PDX during a heavy squall: https://t.co/JgohLS87wU,Sat Aug 18 15:30:48 +0000 2018
OC_Jaguars,RT @Aviation_Intel: I will deliberately shoot in the most horrific conditions. Secret: that's when the magic actually happens! I don't buy…,I will deliberately shoot in the most horrific conditions. Secret: that's when the magic actually happens! I don't buy gear to stare at it in a case while it's wet out. Insure it and be willing to risk it—Korean Air plowing out of PDX during a heavy squall: https://t.co/JgohLS87wU,Sat Aug 18 15:24:52 +0000 2018
ZiaDigitaldivah,RT @Aviation_Intel: I will deliberately shoot in the most horrific conditions. Secret: that's when the magic actually happens! I don't buy…,I will deliberately shoot in the most horrific conditions. Secret: that's when the magic actually happens! I don't buy gear to stare at it in a case while it's wet out. Insure it and be willing to risk it—Korean Air plowing out of PDX during a heavy squall: https://t.co/JgohLS87wU,Sat Aug 18 15:20:58 +0000 2018
Bongile23965980,RT @Aviation_Intel: I will deliberately shoot in the most horrific conditions. Secret: that's when the magic actually happens! I don't buy…,I will deliberately shoot in the most horrific conditions. Secret: that's when the magic actually happens! I don't buy gear to stare at it in a case while it's wet out. Insure it and be willing to risk it—Korean Air plowing out of PDX during a heavy squall: https://t.co/JgohLS87wU,Sat Aug 18 15:11:59 +0000 2018
thauma_turgist,RT @Aviation_Intel: I will deliberately shoot in the most horrific conditions. Secret: that's when the magic actually happens! I don't buy…,I will deliberately shoot in the most horrific conditions. Secret: that's when the magic actually happens! I don't buy gear to stare at it in a case while it's wet out. Insure it and be willing to risk it—Korean Air plowing out of PDX during a heavy squall: https://t.co/JgohLS87wU,Sat Aug 18 15:02:42 +0000 2018
GOkshewsky,RT @Aviation_Intel: I will deliberately shoot in the most horrific conditions. Secret: that's when the magic actually happens! I don't buy…,I will deliberately shoot in the most horrific conditions. Secret: that's when the magic actually happens! I don't buy gear to stare at it in a case while it's wet out. Insure it and be willing to risk it—Korean Air plowing out of PDX during a heavy squall: https://t.co/JgohLS87wU,Sat Aug 18 15:01:27 +0000 2018
zulu417,RT @Aviation_Intel: I will deliberately shoot in the most horrific conditions. Secret: that's when the magic actually happens! I don't buy…,I will deliberately shoot in the most horrific conditions. Secret: that's when the magic actually happens! I don't buy gear to stare at it in a case while it's wet out. Insure it and be willing to risk it—Korean Air plowing out of PDX during a heavy squall: https://t.co/JgohLS87wU,Sat Aug 18 14:36:33 +0000 2018
brush5791,RT @Aviation_Intel: I will deliberately shoot in the most horrific conditions. Secret: that's when the magic actually happens! I don't buy…,I will deliberately shoot in the most horrific conditions. Secret: that's when the magic actually happens! I don't buy gear to stare at it in a case while it's wet out. Insure it and be willing to risk it—Korean Air plowing out of PDX during a heavy squall: https://t.co/JgohLS87wU,Sat Aug 18 14:32:44 +0000 2018
F1isP1,RT @Aviation_Intel: I will deliberately shoot in the most horrific conditions. Secret: that's when the magic actually happens! I don't buy…,I will deliberately shoot in the most horrific conditions. Secret: that's when the magic actually happens! I don't buy gear to stare at it in a case while it's wet out. Insure it and be willing to risk it—Korean Air plowing out of PDX during a heavy squall: https://t.co/JgohLS87wU,Sat Aug 18 14:23:49 +0000 2018
armysfcvet,RT @Aviation_Intel: I will deliberately shoot in the most horrific conditions. Secret: that's when the magic actually happens! I don't buy…,I will deliberately shoot in the most horrific conditions. Secret: that's when the magic actually happens! I don't buy gear to stare at it in a case while it's wet out. Insure it and be willing to risk it—Korean Air plowing out of PDX during a heavy squall: https://t.co/JgohLS87wU,Sat Aug 18 14:23:03 +0000 2018
2BarkingWesties,RT @Aviation_Intel: I will deliberately shoot in the most horrific conditions. Secret: that's when the magic actually happens! I don't buy…,I will deliberately shoot in the most horrific conditions. Secret: that's when the magic actually happens! I don't buy gear to stare at it in a case while it's wet out. Insure it and be willing to risk it—Korean Air plowing out of PDX during a heavy squall: https://t.co/JgohLS87wU,Sat Aug 18 14:22:39 +0000 2018
EconomyBeyond,RT @Aviation_Intel: I will deliberately shoot in the most horrific conditions. Secret: that's when the magic actually happens! I don't buy…,I will deliberately shoot in the most horrific conditions. Secret: that's when the magic actually happens! I don't buy gear to stare at it in a case while it's wet out. Insure it and be willing to risk it—Korean Air plowing out of PDX during a heavy squall: https://t.co/JgohLS87wU,Sat Aug 18 14:13:24 +0000 2018
Calster43,RT @Aviation_Intel: I will deliberately shoot in the most horrific conditions. Secret: that's when the magic actually happens! I don't buy…,I will deliberately shoot in the most horrific conditions. Secret: that's when the magic actually happens! I don't buy gear to stare at it in a case while it's wet out. Insure it and be willing to risk it—Korean Air plowing out of PDX during a heavy squall: https://t.co/JgohLS87wU,Sat Aug 18 14:01:57 +0000 2018
TheGhostRider31,RT @Aviation_Intel: I will deliberately shoot in the most horrific conditions. Secret: that's when the magic actually happens! I don't buy…,I will deliberately shoot in the most horrific conditions. Secret: that's when the magic actually happens! I don't buy gear to stare at it in a case while it's wet out. Insure it and be willing to risk it—Korean Air plowing out of PDX during a heavy squall: https://t.co/JgohLS87wU,Sat Aug 18 14:01:23 +0000 2018
rumblingvoice,RT @Aviation_Intel: I will deliberately shoot in the most horrific conditions. Secret: that's when the magic actually happens! I don't buy…,I will deliberately shoot in the most horrific conditions. Secret: that's when the magic actually happens! I don't buy gear to stare at it in a case while it's wet out. Insure it and be willing to risk it—Korean Air plowing out of PDX during a heavy squall: https://t.co/JgohLS87wU,Sat Aug 18 14:00:13 +0000 2018
kishan_sirius,RT @Aviation_Intel: I will deliberately shoot in the most horrific conditions. Secret: that's when the magic actually happens! I don't buy…,I will deliberately shoot in the most horrific conditions. Secret: that's when the magic actually happens! I don't buy gear to stare at it in a case while it's wet out. Insure it and be willing to risk it—Korean Air plowing out of PDX during a heavy squall: https://t.co/JgohLS87wU,Sat Aug 18 13:59:38 +0000 2018
litenheat69,RT @Aviation_Intel: I will deliberately shoot in the most horrific conditions. Secret: that's when the magic actually happens! I don't buy…,I will deliberately shoot in the most horrific conditions. Secret: that's when the magic actually happens! I don't buy gear to stare at it in a case while it's wet out. Insure it and be willing to risk it—Korean Air plowing out of PDX during a heavy squall: https://t.co/JgohLS87wU,Sat Aug 18 13:52:03 +0000 2018
17_canderson,RT @Aviation_Intel: I will deliberately shoot in the most horrific conditions. Secret: that's when the magic actually happens! I don't buy…,I will deliberately shoot in the most horrific conditions. Secret: that's when the magic actually happens! I don't buy gear to stare at it in a case while it's wet out. Insure it and be willing to risk it—Korean Air plowing out of PDX during a heavy squall: https://t.co/JgohLS87wU,Sat Aug 18 13:51:48 +0000 2018
Firetrench,RT @Aviation_Intel: I will deliberately shoot in the most horrific conditions. Secret: that's when the magic actually happens! I don't buy…,I will deliberately shoot in the most horrific conditions. Secret: that's when the magic actually happens! I don't buy gear to stare at it in a case while it's wet out. Insure it and be willing to risk it—Korean Air plowing out of PDX during a heavy squall: https://t.co/JgohLS87wU,Sat Aug 18 13:51:06 +0000 2018
ivanconinx,RT @Aviation_Intel: I will deliberately shoot in the most horrific conditions. Secret: that's when the magic actually happens! I don't buy…,I will deliberately shoot in the most horrific conditions. Secret: that's when the magic actually happens! I don't buy gear to stare at it in a case while it's wet out. Insure it and be willing to risk it—Korean Air plowing out of PDX during a heavy squall: https://t.co/JgohLS87wU,Sat Aug 18 13:47:27 +0000 2018
harikiranroyal,RT @Aviation_Intel: I will deliberately shoot in the most horrific conditions. Secret: that's when the magic actually happens! I don't buy…,I will deliberately shoot in the most horrific conditions. Secret: that's when the magic actually happens! I don't buy gear to stare at it in a case while it's wet out. Insure it and be willing to risk it—Korean Air plowing out of PDX during a heavy squall: https://t.co/JgohLS87wU,Sat Aug 18 13:43:38 +0000 2018
niteesh28,RT @Aviation_Intel: I will deliberately shoot in the most horrific conditions. Secret: that's when the magic actually happens! I don't buy…,I will deliberately shoot in the most horrific conditions. Secret: that's when the magic actually happens! I don't buy gear to stare at it in a case while it's wet out. Insure it and be willing to risk it—Korean Air plowing out of PDX during a heavy squall: https://t.co/JgohLS87wU,Sat Aug 18 13:42:50 +0000 2018
zachvat,RT @Aviation_Intel: I will deliberately shoot in the most horrific conditions. Secret: that's when the magic actually happens! I don't buy…,I will deliberately shoot in the most horrific conditions. Secret: that's when the magic actually happens! I don't buy gear to stare at it in a case while it's wet out. Insure it and be willing to risk it—Korean Air plowing out of PDX during a heavy squall: https://t.co/JgohLS87wU,Sat Aug 18 13:40:19 +0000 2018
JayadeepVarma,RT @Aviation_Intel: I will deliberately shoot in the most horrific conditions. Secret: that's when the magic actually happens! I don't buy…,I will deliberately shoot in the most horrific conditions. Secret: that's when the magic actually happens! I don't buy gear to stare at it in a case while it's wet out. Insure it and be willing to risk it—Korean Air plowing out of PDX during a heavy squall: https://t.co/JgohLS87wU,Sat Aug 18 13:40:18 +0000 2018
Naufl_Fza,RT @Aviation_Intel: I will deliberately shoot in the most horrific conditions. Secret: that's when the magic actually happens! I don't buy…,I will deliberately shoot in the most horrific conditions. Secret: that's when the magic actually happens! I don't buy gear to stare at it in a case while it's wet out. Insure it and be willing to risk it—Korean Air plowing out of PDX during a heavy squall: https://t.co/JgohLS87wU,Sat Aug 18 13:39:07 +0000 2018
crhemanth,RT @Aviation_Intel: I will deliberately shoot in the most horrific conditions. Secret: that's when the magic actually happens! I don't buy…,I will deliberately shoot in the most horrific conditions. Secret: that's when the magic actually happens! I don't buy gear to stare at it in a case while it's wet out. Insure it and be willing to risk it—Korean Air plowing out of PDX during a heavy squall: https://t.co/JgohLS87wU,Sat Aug 18 13:38:49 +0000 2018
PilotLiberator,RT @Aviation_Intel: I will deliberately shoot in the most horrific conditions. Secret: that's when the magic actually happens! I don't buy…,I will deliberately shoot in the most horrific conditions. Secret: that's when the magic actually happens! I don't buy gear to stare at it in a case while it's wet out. Insure it and be willing to risk it—Korean Air plowing out of PDX during a heavy squall: https://t.co/JgohLS87wU,Sat Aug 18 13:36:41 +0000 2018
9jIfMtewkSMwF0B,RT @Aviation_Intel: I will deliberately shoot in the most horrific conditions. Secret: that's when the magic actually happens! I don't buy…,I will deliberately shoot in the most horrific conditions. Secret: that's when the magic actually happens! I don't buy gear to stare at it in a case while it's wet out. Insure it and be willing to risk it—Korean Air plowing out of PDX during a heavy squall: https://t.co/JgohLS87wU,Sat Aug 18 13:36:10 +0000 2018
VKS82,RT @Aviation_Intel: I will deliberately shoot in the most horrific conditions. Secret: that's when the magic actually happens! I don't buy…,I will deliberately shoot in the most horrific conditions. Secret: that's when the magic actually happens! I don't buy gear to stare at it in a case while it's wet out. Insure it and be willing to risk it—Korean Air plowing out of PDX during a heavy squall: https://t.co/JgohLS87wU,Sat Aug 18 13:34:09 +0000 2018
AlexBoulton7,RT @Aviation_Intel: I will deliberately shoot in the most horrific conditions. Secret: that's when the magic actually happens! I don't buy…,I will deliberately shoot in the most horrific conditions. Secret: that's when the magic actually happens! I don't buy gear to stare at it in a case while it's wet out. Insure it and be willing to risk it—Korean Air plowing out of PDX during a heavy squall: https://t.co/JgohLS87wU,Sat Aug 18 13:32:59 +0000 2018
derekdavidfost1,RT @Aviation_Intel: I will deliberately shoot in the most horrific conditions. Secret: that's when the magic actually happens! I don't buy…,I will deliberately shoot in the most horrific conditions. Secret: that's when the magic actually happens! I don't buy gear to stare at it in a case while it's wet out. Insure it and be willing to risk it—Korean Air plowing out of PDX during a heavy squall: https://t.co/JgohLS87wU,Sat Aug 18 13:28:44 +0000 2018
LeeroyGB,RT @Aviation_Intel: I will deliberately shoot in the most horrific conditions. Secret: that's when the magic actually happens! I don't buy…,I will deliberately shoot in the most horrific conditions. Secret: that's when the magic actually happens! I don't buy gear to stare at it in a case while it's wet out. Insure it and be willing to risk it—Korean Air plowing out of PDX during a heavy squall: https://t.co/JgohLS87wU,Sat Aug 18 13:11:42 +0000 2018
Kitestyle_twit,RT @Aviation_Intel: I will deliberately shoot in the most horrific conditions. Secret: that's when the magic actually happens! I don't buy…,I will deliberately shoot in the most horrific conditions. Secret: that's when the magic actually happens! I don't buy gear to stare at it in a case while it's wet out. Insure it and be willing to risk it—Korean Air plowing out of PDX during a heavy squall: https://t.co/JgohLS87wU,Sat Aug 18 13:09:44 +0000 2018
robverger,RT @Aviation_Intel: I will deliberately shoot in the most horrific conditions. Secret: that's when the magic actually happens! I don't buy…,I will deliberately shoot in the most horrific conditions. Secret: that's when the magic actually happens! I don't buy gear to stare at it in a case while it's wet out. Insure it and be willing to risk it—Korean Air plowing out of PDX during a heavy squall: https://t.co/JgohLS87wU,Sat Aug 18 13:09:13 +0000 2018
_shockwave0,RT @Aviation_Intel: I will deliberately shoot in the most horrific conditions. Secret: that's when the magic actually happens! I don't buy…,I will deliberately shoot in the most horrific conditions. Secret: that's when the magic actually happens! I don't buy gear to stare at it in a case while it's wet out. Insure it and be willing to risk it—Korean Air plowing out of PDX during a heavy squall: https://t.co/JgohLS87wU,Sat Aug 18 13:06:41 +0000 2018
CcibChris,RT @Aviation_Intel: I will deliberately shoot in the most horrific conditions. Secret: that's when the magic actually happens! I don't buy…,I will deliberately shoot in the most horrific conditions. Secret: that's when the magic actually happens! I don't buy gear to stare at it in a case while it's wet out. Insure it and be willing to risk it—Korean Air plowing out of PDX during a heavy squall: https://t.co/JgohLS87wU,Sat Aug 18 13:04:41 +0000 2018
Albertoriva,RT @Aviation_Intel: I will deliberately shoot in the most horrific conditions. Secret: that's when the magic actually happens! I don't buy…,I will deliberately shoot in the most horrific conditions. Secret: that's when the magic actually happens! I don't buy gear to stare at it in a case while it's wet out. Insure it and be willing to risk it—Korean Air plowing out of PDX during a heavy squall: https://t.co/JgohLS87wU,Sat Aug 18 13:00:19 +0000 2018
b0neyT,RT @Aviation_Intel: I will deliberately shoot in the most horrific conditions. Secret: that's when the magic actually happens! I don't buy…,I will deliberately shoot in the most horrific conditions. Secret: that's when the magic actually happens! I don't buy gear to stare at it in a case while it's wet out. Insure it and be willing to risk it—Korean Air plowing out of PDX during a heavy squall: https://t.co/JgohLS87wU,Sat Aug 18 12:17:01 +0000 2018
Kevrx,RT @Aviation_Intel: I will deliberately shoot in the most horrific conditions. Secret: that's when the magic actually happens! I don't buy…,I will deliberately shoot in the most horrific conditions. Secret: that's when the magic actually happens! I don't buy gear to stare at it in a case while it's wet out. Insure it and be willing to risk it—Korean Air plowing out of PDX during a heavy squall: https://t.co/JgohLS87wU,Sat Aug 18 12:13:41 +0000 2018
Artur98111,RT @Aviation_Intel: I will deliberately shoot in the most horrific conditions. Secret: that's when the magic actually happens! I don't buy…,I will deliberately shoot in the most horrific conditions. Secret: that's when the magic actually happens! I don't buy gear to stare at it in a case while it's wet out. Insure it and be willing to risk it—Korean Air plowing out of PDX during a heavy squall: https://t.co/JgohLS87wU,Sat Aug 18 12:09:43 +0000 2018
baldbear87,RT @Aviation_Intel: I will deliberately shoot in the most horrific conditions. Secret: that's when the magic actually happens! I don't buy…,I will deliberately shoot in the most horrific conditions. Secret: that's when the magic actually happens! I don't buy gear to stare at it in a case while it's wet out. Insure it and be willing to risk it—Korean Air plowing out of PDX during a heavy squall: https://t.co/JgohLS87wU,Sat Aug 18 12:05:49 +0000 2018
wachteldean54LV,RT @Aviation_Intel: I will deliberately shoot in the most horrific conditions. Secret: that's when the magic actually happens! I don't buy…,I will deliberately shoot in the most horrific conditions. Secret: that's when the magic actually happens! I don't buy gear to stare at it in a case while it's wet out. Insure it and be willing to risk it—Korean Air plowing out of PDX during a heavy squall: https://t.co/JgohLS87wU,Sat Aug 18 12:04:47 +0000 2018
F1Knox,RT @Aviation_Intel: I will deliberately shoot in the most horrific conditions. Secret: that's when the magic actually happens! I don't buy…,I will deliberately shoot in the most horrific conditions. Secret: that's when the magic actually happens! I don't buy gear to stare at it in a case while it's wet out. Insure it and be willing to risk it—Korean Air plowing out of PDX during a heavy squall: https://t.co/JgohLS87wU,Sat Aug 18 11:38:02 +0000 2018
Wall3gurl,RT @Aviation_Intel: I will deliberately shoot in the most horrific conditions. Secret: that's when the magic actually happens! I don't buy…,I will deliberately shoot in the most horrific conditions. Secret: that's when the magic actually happens! I don't buy gear to stare at it in a case while it's wet out. Insure it and be willing to risk it—Korean Air plowing out of PDX during a heavy squall: https://t.co/JgohLS87wU,Sat Aug 18 11:21:19 +0000 2018
greyden_fluffy,RT @Aviation_Intel: I will deliberately shoot in the most horrific conditions. Secret: that's when the magic actually happens! I don't buy…,I will deliberately shoot in the most horrific conditions. Secret: that's when the magic actually happens! I don't buy gear to stare at it in a case while it's wet out. Insure it and be willing to risk it—Korean Air plowing out of PDX during a heavy squall: https://t.co/JgohLS87wU,Sat Aug 18 11:18:36 +0000 2018
hmfic04,RT @Aviation_Intel: I will deliberately shoot in the most horrific conditions. Secret: that's when the magic actually happens! I don't buy…,I will deliberately shoot in the most horrific conditions. Secret: that's when the magic actually happens! I don't buy gear to stare at it in a case while it's wet out. Insure it and be willing to risk it—Korean Air plowing out of PDX during a heavy squall: https://t.co/JgohLS87wU,Sat Aug 18 11:08:18 +0000 2018
dwcass,RT @Aviation_Intel: I will deliberately shoot in the most horrific conditions. Secret: that's when the magic actually happens! I don't buy…,I will deliberately shoot in the most horrific conditions. Secret: that's when the magic actually happens! I don't buy gear to stare at it in a case while it's wet out. Insure it and be willing to risk it—Korean Air plowing out of PDX during a heavy squall: https://t.co/JgohLS87wU,Sat Aug 18 11:04:42 +0000 2018
deasach,RT @Aviation_Intel: I will deliberately shoot in the most horrific conditions. Secret: that's when the magic actually happens! I don't buy…,I will deliberately shoot in the most horrific conditions. Secret: that's when the magic actually happens! I don't buy gear to stare at it in a case while it's wet out. Insure it and be willing to risk it—Korean Air plowing out of PDX during a heavy squall: https://t.co/JgohLS87wU,Sat Aug 18 10:43:21 +0000 2018
spoonmoonjune,RT @Aviation_Intel: I will deliberately shoot in the most horrific conditions. Secret: that's when the magic actually happens! I don't buy…,I will deliberately shoot in the most horrific conditions. Secret: that's when the magic actually happens! I don't buy gear to stare at it in a case while it's wet out. Insure it and be willing to risk it—Korean Air plowing out of PDX during a heavy squall: https://t.co/JgohLS87wU,Sat Aug 18 10:14:19 +0000 2018
Frioacero,RT @Aviation_Intel: I will deliberately shoot in the most horrific conditions. Secret: that's when the magic actually happens! I don't buy…,I will deliberately shoot in the most horrific conditions. Secret: that's when the magic actually happens! I don't buy gear to stare at it in a case while it's wet out. Insure it and be willing to risk it—Korean Air plowing out of PDX during a heavy squall: https://t.co/JgohLS87wU,Sat Aug 18 09:52:39 +0000 2018
Mercutiowolf,RT @Aviation_Intel: I will deliberately shoot in the most horrific conditions. Secret: that's when the magic actually happens! I don't buy…,I will deliberately shoot in the most horrific conditions. Secret: that's when the magic actually happens! I don't buy gear to stare at it in a case while it's wet out. Insure it and be willing to risk it—Korean Air plowing out of PDX during a heavy squall: https://t.co/JgohLS87wU,Sat Aug 18 09:50:34 +0000 2018
issyhc,RT @Aviation_Intel: I will deliberately shoot in the most horrific conditions. Secret: that's when the magic actually happens! I don't buy…,I will deliberately shoot in the most horrific conditions. Secret: that's when the magic actually happens! I don't buy gear to stare at it in a case while it's wet out. Insure it and be willing to risk it—Korean Air plowing out of PDX during a heavy squall: https://t.co/JgohLS87wU,Sat Aug 18 09:42:51 +0000 2018
Heneyman,RT @Aviation_Intel: I will deliberately shoot in the most horrific conditions. Secret: that's when the magic actually happens! I don't buy…,I will deliberately shoot in the most horrific conditions. Secret: that's when the magic actually happens! I don't buy gear to stare at it in a case while it's wet out. Insure it and be willing to risk it—Korean Air plowing out of PDX during a heavy squall: https://t.co/JgohLS87wU,Sat Aug 18 09:38:14 +0000 2018
Deltic15,RT @Aviation_Intel: I will deliberately shoot in the most horrific conditions. Secret: that's when the magic actually happens! I don't buy…,I will deliberately shoot in the most horrific conditions. Secret: that's when the magic actually happens! I don't buy gear to stare at it in a case while it's wet out. Insure it and be willing to risk it—Korean Air plowing out of PDX during a heavy squall: https://t.co/JgohLS87wU,Sat Aug 18 09:35:32 +0000 2018
chasingtheskies,RT @Aviation_Intel: I will deliberately shoot in the most horrific conditions. Secret: that's when the magic actually happens! I don't buy…,I will deliberately shoot in the most horrific conditions. Secret: that's when the magic actually happens! I don't buy gear to stare at it in a case while it's wet out. Insure it and be willing to risk it—Korean Air plowing out of PDX during a heavy squall: https://t.co/JgohLS87wU,Sat Aug 18 09:32:38 +0000 2018
LeadfootBeav,RT @Aviation_Intel: I will deliberately shoot in the most horrific conditions. Secret: that's when the magic actually happens! I don't buy…,I will deliberately shoot in the most horrific conditions. Secret: that's when the magic actually happens! I don't buy gear to stare at it in a case while it's wet out. Insure it and be willing to risk it—Korean Air plowing out of PDX during a heavy squall: https://t.co/JgohLS87wU,Sat Aug 18 09:26:37 +0000 2018
Furfeggit,RT @Aviation_Intel: I will deliberately shoot in the most horrific conditions. Secret: that's when the magic actually happens! I don't buy…,I will deliberately shoot in the most horrific conditions. Secret: that's when the magic actually happens! I don't buy gear to stare at it in a case while it's wet out. Insure it and be willing to risk it—Korean Air plowing out of PDX during a heavy squall: https://t.co/JgohLS87wU,Sat Aug 18 09:19:45 +0000 2018
Phor_ding0,RT @Aviation_Intel: I will deliberately shoot in the most horrific conditions. Secret: that's when the magic actually happens! I don't buy…,I will deliberately shoot in the most horrific conditions. Secret: that's when the magic actually happens! I don't buy gear to stare at it in a case while it's wet out. Insure it and be willing to risk it—Korean Air plowing out of PDX during a heavy squall: https://t.co/JgohLS87wU,Sat Aug 18 09:17:17 +0000 2018
TheWarOfNow,RT @Aviation_Intel: I will deliberately shoot in the most horrific conditions. Secret: that's when the magic actually happens! I don't buy…,I will deliberately shoot in the most horrific conditions. Secret: that's when the magic actually happens! I don't buy gear to stare at it in a case while it's wet out. Insure it and be willing to risk it—Korean Air plowing out of PDX during a heavy squall: https://t.co/JgohLS87wU,Sat Aug 18 09:14:26 +0000 2018
pimamanggala,RT @Aviation_Intel: I will deliberately shoot in the most horrific conditions. Secret: that's when the magic actually happens! I don't buy…,I will deliberately shoot in the most horrific conditions. Secret: that's when the magic actually happens! I don't buy gear to stare at it in a case while it's wet out. Insure it and be willing to risk it—Korean Air plowing out of PDX during a heavy squall: https://t.co/JgohLS87wU,Sat Aug 18 09:10:14 +0000 2018
1958IanM,RT @Aviation_Intel: I will deliberately shoot in the most horrific conditions. Secret: that's when the magic actually happens! I don't buy…,I will deliberately shoot in the most horrific conditions. Secret: that's when the magic actually happens! I don't buy gear to stare at it in a case while it's wet out. Insure it and be willing to risk it—Korean Air plowing out of PDX during a heavy squall: https://t.co/JgohLS87wU,Sat Aug 18 09:08:54 +0000 2018
DaLeftHook,RT @Aviation_Intel: I will deliberately shoot in the most horrific conditions. Secret: that's when the magic actually happens! I don't buy…,I will deliberately shoot in the most horrific conditions. Secret: that's when the magic actually happens! I don't buy gear to stare at it in a case while it's wet out. Insure it and be willing to risk it—Korean Air plowing out of PDX during a heavy squall: https://t.co/JgohLS87wU,Sat Aug 18 09:06:49 +0000 2018
CivMilAir,RT @Aviation_Intel: I will deliberately shoot in the most horrific conditions. Secret: that's when the magic actually happens! I don't buy…,I will deliberately shoot in the most horrific conditions. Secret: that's when the magic actually happens! I don't buy gear to stare at it in a case while it's wet out. Insure it and be willing to risk it—Korean Air plowing out of PDX during a heavy squall: https://t.co/JgohLS87wU,Sat Aug 18 09:05:09 +0000 2018
TorsenBrems,RT @Aviation_Intel: I will deliberately shoot in the most horrific conditions. Secret: that's when the magic actually happens! I don't buy…,I will deliberately shoot in the most horrific conditions. Secret: that's when the magic actually happens! I don't buy gear to stare at it in a case while it's wet out. Insure it and be willing to risk it—Korean Air plowing out of PDX during a heavy squall: https://t.co/JgohLS87wU,Sat Aug 18 08:51:45 +0000 2018
IrishIceSP,RT @Aviation_Intel: I will deliberately shoot in the most horrific conditions. Secret: that's when the magic actually happens! I don't buy…,I will deliberately shoot in the most horrific conditions. Secret: that's when the magic actually happens! I don't buy gear to stare at it in a case while it's wet out. Insure it and be willing to risk it—Korean Air plowing out of PDX during a heavy squall: https://t.co/JgohLS87wU,Sat Aug 18 08:40:38 +0000 2018
chelsea100fc,RT @Aviation_Intel: I will deliberately shoot in the most horrific conditions. Secret: that's when the magic actually happens! I don't buy…,I will deliberately shoot in the most horrific conditions. Secret: that's when the magic actually happens! I don't buy gear to stare at it in a case while it's wet out. Insure it and be willing to risk it—Korean Air plowing out of PDX during a heavy squall: https://t.co/JgohLS87wU,Sat Aug 18 08:11:42 +0000 2018
brandonsblog,RT @Aviation_Intel: I will deliberately shoot in the most horrific conditions. Secret: that's when the magic actually happens! I don't buy…,I will deliberately shoot in the most horrific conditions. Secret: that's when the magic actually happens! I don't buy gear to stare at it in a case while it's wet out. Insure it and be willing to risk it—Korean Air plowing out of PDX during a heavy squall: https://t.co/JgohLS87wU,Sat Aug 18 07:35:12 +0000 2018
CloporteChevelu,RT @Aviation_Intel: I will deliberately shoot in the most horrific conditions. Secret: that's when the magic actually happens! I don't buy…,I will deliberately shoot in the most horrific conditions. Secret: that's when the magic actually happens! I don't buy gear to stare at it in a case while it's wet out. Insure it and be willing to risk it—Korean Air plowing out of PDX during a heavy squall: https://t.co/JgohLS87wU,Sat Aug 18 07:17:49 +0000 2018
runcalamity,RT @Aviation_Intel: I will deliberately shoot in the most horrific conditions. Secret: that's when the magic actually happens! I don't buy…,I will deliberately shoot in the most horrific conditions. Secret: that's when the magic actually happens! I don't buy gear to stare at it in a case while it's wet out. Insure it and be willing to risk it—Korean Air plowing out of PDX during a heavy squall: https://t.co/JgohLS87wU,Sat Aug 18 07:08:54 +0000 2018
TrainsHb,RT @Aviation_Intel: I will deliberately shoot in the most horrific conditions. Secret: that's when the magic actually happens! I don't buy…,I will deliberately shoot in the most horrific conditions. Secret: that's when the magic actually happens! I don't buy gear to stare at it in a case while it's wet out. Insure it and be willing to risk it—Korean Air plowing out of PDX during a heavy squall: https://t.co/JgohLS87wU,Sat Aug 18 06:41:39 +0000 2018
Air_Kerala,RT @Aviation_Intel: I will deliberately shoot in the most horrific conditions. Secret: that's when the magic actually happens! I don't buy…,I will deliberately shoot in the most horrific conditions. Secret: that's when the magic actually happens! I don't buy gear to stare at it in a case while it's wet out. Insure it and be willing to risk it—Korean Air plowing out of PDX during a heavy squall: https://t.co/JgohLS87wU,Sat Aug 18 06:35:30 +0000 2018
Gemorace,RT @Aviation_Intel: I will deliberately shoot in the most horrific conditions. Secret: that's when the magic actually happens! I don't buy…,I will deliberately shoot in the most horrific conditions. Secret: that's when the magic actually happens! I don't buy gear to stare at it in a case while it's wet out. Insure it and be willing to risk it—Korean Air plowing out of PDX during a heavy squall: https://t.co/JgohLS87wU,Sat Aug 18 06:29:40 +0000 2018
guitartivo,RT @Aviation_Intel: I will deliberately shoot in the most horrific conditions. Secret: that's when the magic actually happens! I don't buy…,I will deliberately shoot in the most horrific conditions. Secret: that's when the magic actually happens! I don't buy gear to stare at it in a case while it's wet out. Insure it and be willing to risk it—Korean Air plowing out of PDX during a heavy squall: https://t.co/JgohLS87wU,Sat Aug 18 06:28:58 +0000 2018
rawlimark,RT @Aviation_Intel: I will deliberately shoot in the most horrific conditions. Secret: that's when the magic actually happens! I don't buy…,I will deliberately shoot in the most horrific conditions. Secret: that's when the magic actually happens! I don't buy gear to stare at it in a case while it's wet out. Insure it and be willing to risk it—Korean Air plowing out of PDX during a heavy squall: https://t.co/JgohLS87wU,Sat Aug 18 06:10:41 +0000 2018
QuakesFan84,RT @Aviation_Intel: I will deliberately shoot in the most horrific conditions. Secret: that's when the magic actually happens! I don't buy…,I will deliberately shoot in the most horrific conditions. Secret: that's when the magic actually happens! I don't buy gear to stare at it in a case while it's wet out. Insure it and be willing to risk it—Korean Air plowing out of PDX during a heavy squall: https://t.co/JgohLS87wU,Sat Aug 18 05:51:15 +0000 2018
cannon524,RT @Aviation_Intel: I will deliberately shoot in the most horrific conditions. Secret: that's when the magic actually happens! I don't buy…,I will deliberately shoot in the most horrific conditions. Secret: that's when the magic actually happens! I don't buy gear to stare at it in a case while it's wet out. Insure it and be willing to risk it—Korean Air plowing out of PDX during a heavy squall: https://t.co/JgohLS87wU,Sat Aug 18 05:26:02 +0000 2018
hydra_66,RT @Aviation_Intel: I will deliberately shoot in the most horrific conditions. Secret: that's when the magic actually happens! I don't buy…,I will deliberately shoot in the most horrific conditions. Secret: that's when the magic actually happens! I don't buy gear to stare at it in a case while it's wet out. Insure it and be willing to risk it—Korean Air plowing out of PDX during a heavy squall: https://t.co/JgohLS87wU,Sat Aug 18 05:22:13 +0000 2018
pmcg,RT @Aviation_Intel: I will deliberately shoot in the most horrific conditions. Secret: that's when the magic actually happens! I don't buy…,I will deliberately shoot in the most horrific conditions. Secret: that's when the magic actually happens! I don't buy gear to stare at it in a case while it's wet out. Insure it and be willing to risk it—Korean Air plowing out of PDX during a heavy squall: https://t.co/JgohLS87wU,Sat Aug 18 04:24:46 +0000 2018
Tony_Bessinger,RT @Aviation_Intel: I will deliberately shoot in the most horrific conditions. Secret: that's when the magic actually happens! I don't buy…,I will deliberately shoot in the most horrific conditions. Secret: that's when the magic actually happens! I don't buy gear to stare at it in a case while it's wet out. Insure it and be willing to risk it—Korean Air plowing out of PDX during a heavy squall: https://t.co/JgohLS87wU,Sat Aug 18 04:12:12 +0000 2018
msmith01954,RT @Aviation_Intel: I will deliberately shoot in the most horrific conditions. Secret: that's when the magic actually happens! I don't buy…,I will deliberately shoot in the most horrific conditions. Secret: that's when the magic actually happens! I don't buy gear to stare at it in a case while it's wet out. Insure it and be willing to risk it—Korean Air plowing out of PDX during a heavy squall: https://t.co/JgohLS87wU,Sat Aug 18 04:11:21 +0000 2018
scottdharvey,RT @Aviation_Intel: I will deliberately shoot in the most horrific conditions. Secret: that's when the magic actually happens! I don't buy…,I will deliberately shoot in the most horrific conditions. Secret: that's when the magic actually happens! I don't buy gear to stare at it in a case while it's wet out. Insure it and be willing to risk it—Korean Air plowing out of PDX during a heavy squall: https://t.co/JgohLS87wU,Sat Aug 18 04:08:17 +0000 2018
tc_green,RT @Aviation_Intel: I will deliberately shoot in the most horrific conditions. Secret: that's when the magic actually happens! I don't buy…,I will deliberately shoot in the most horrific conditions. Secret: that's when the magic actually happens! I don't buy gear to stare at it in a case while it's wet out. Insure it and be willing to risk it—Korean Air plowing out of PDX during a heavy squall: https://t.co/JgohLS87wU,Sat Aug 18 04:04:29 +0000 2018
CEJAYEL,RT @Aviation_Intel: I will deliberately shoot in the most horrific conditions. Secret: that's when the magic actually happens! I don't buy…,I will deliberately shoot in the most horrific conditions. Secret: that's when the magic actually happens! I don't buy gear to stare at it in a case while it's wet out. Insure it and be willing to risk it—Korean Air plowing out of PDX during a heavy squall: https://t.co/JgohLS87wU,Sat Aug 18 04:00:36 +0000 2018
tonypascarella,RT @Aviation_Intel: I will deliberately shoot in the most horrific conditions. Secret: that's when the magic actually happens! I don't buy…,I will deliberately shoot in the most horrific conditions. Secret: that's when the magic actually happens! I don't buy gear to stare at it in a case while it's wet out. Insure it and be willing to risk it—Korean Air plowing out of PDX during a heavy squall: https://t.co/JgohLS87wU,Sat Aug 18 03:58:25 +0000 2018
Doris16402750,RT @Aviation_Intel: I will deliberately shoot in the most horrific conditions. Secret: that's when the magic actually happens! I don't buy…,I will deliberately shoot in the most horrific conditions. Secret: that's when the magic actually happens! I don't buy gear to stare at it in a case while it's wet out. Insure it and be willing to risk it—Korean Air plowing out of PDX during a heavy squall: https://t.co/JgohLS87wU,Sat Aug 18 03:58:15 +0000 2018
MasonIreton1,RT @Aviation_Intel: I will deliberately shoot in the most horrific conditions. Secret: that's when the magic actually happens! I don't buy…,I will deliberately shoot in the most horrific conditions. Secret: that's when the magic actually happens! I don't buy gear to stare at it in a case while it's wet out. Insure it and be willing to risk it—Korean Air plowing out of PDX during a heavy squall: https://t.co/JgohLS87wU,Sat Aug 18 03:41:20 +0000 2018
UnusualWeather,Forecast: Squall from the north brings heavy winds and rain with risk of additional rain. Residents are advised the dam may break.,,Sat Aug 18 03:39:05 +0000 2018
techievetter,RT @Aviation_Intel: I will deliberately shoot in the most horrific conditions. Secret: that's when the magic actually happens! I don't buy…,I will deliberately shoot in the most horrific conditions. Secret: that's when the magic actually happens! I don't buy gear to stare at it in a case while it's wet out. Insure it and be willing to risk it—Korean Air plowing out of PDX during a heavy squall: https://t.co/JgohLS87wU,Sat Aug 18 03:35:52 +0000 2018
jdcushman,RT @Aviation_Intel: I will deliberately shoot in the most horrific conditions. Secret: that's when the magic actually happens! I don't buy…,I will deliberately shoot in the most horrific conditions. Secret: that's when the magic actually happens! I don't buy gear to stare at it in a case while it's wet out. Insure it and be willing to risk it—Korean Air plowing out of PDX during a heavy squall: https://t.co/JgohLS87wU,Sat Aug 18 03:33:13 +0000 2018
GeoffONeil,RT @Aviation_Intel: I will deliberately shoot in the most horrific conditions. Secret: that's when the magic actually happens! I don't buy…,I will deliberately shoot in the most horrific conditions. Secret: that's when the magic actually happens! I don't buy gear to stare at it in a case while it's wet out. Insure it and be willing to risk it—Korean Air plowing out of PDX during a heavy squall: https://t.co/JgohLS87wU,Sat Aug 18 03:32:27 +0000 2018
Aviation_Intel,I will deliberately shoot in the most horrific conditions. Secret: that's when the magic actually happens! I don't buy gear to stare at it in a case while it's wet out. Insure it and be willing to risk it—Korean Air plowing out of PDX during a heavy squall: https://t.co/JgohLS87wU,,Sat Aug 18 03:31:33 +0000 2018
ammawhatt,"I wonder if the industry will ever let heavy-voiced Black singers back into the mainstream... As a (kinda) light-voiced singer myself, I love the new sound, but I also miss a good squall on a pop record. #riparetha",,Thu Aug 16 17:32:32 +0000 2018
NWSAlbuquerque,"9:53 PM MDT Squall line moving southeast across eastern NM with strong winds, frequent lightning strikes, and heavy rain thru midnight #nmwx https://t.co/kxWFdt2y3I",,Thu Aug 16 03:59:04 +0000 2018
allofmcr,RT @ChadWeather: You'll hear some heavy rainfall during the night as these squall lines move from NW to SE introducing fresher air. A much…,You'll hear some heavy rainfall during the night as these squall lines move from NW to SE introducing fresher air. A much better day tomorrow with sunny skies and less muggy air. https://t.co/vUM9KGpAsJ,Wed Aug 15 23:50:22 +0000 2018
AboutMcr,RT @ChadWeather: You'll hear some heavy rainfall during the night as these squall lines move from NW to SE introducing fresher air. A much…,You'll hear some heavy rainfall during the night as these squall lines move from NW to SE introducing fresher air. A much better day tomorrow with sunny skies and less muggy air. https://t.co/vUM9KGpAsJ,Wed Aug 15 22:56:42 +0000 2018
LLLTutor,RT @ChadWeather: You'll hear some heavy rainfall during the night as these squall lines move from NW to SE introducing fresher air. A much…,You'll hear some heavy rainfall during the night as these squall lines move from NW to SE introducing fresher air. A much better day tomorrow with sunny skies and less muggy air. https://t.co/vUM9KGpAsJ,Wed Aug 15 22:06:30 +0000 2018
AndreaTaylor337,RT @ChadWeather: You'll hear some heavy rainfall during the night as these squall lines move from NW to SE introducing fresher air. A much…,You'll hear some heavy rainfall during the night as these squall lines move from NW to SE introducing fresher air. A much better day tomorrow with sunny skies and less muggy air. https://t.co/vUM9KGpAsJ,Wed Aug 15 20:54:56 +0000 2018
ChadWeather,You'll hear some heavy rainfall during the night as these squall lines move from NW to SE introducing fresher air. A much better day tomorrow with sunny skies and less muggy air. https://t.co/vUM9KGpAsJ,,Wed Aug 15 20:40:55 +0000 2018
WesternMEwx,"3:46 PM - Squall line in northern #Maine has added another #severe warning for Presque Isle region. Winds 60+mph, hail, heavy downpours. #MEwx https://t.co/AE7MgHvN8q",,Wed Aug 15 19:47:47 +0000 2018
tyrbiter,"@mmsBA @NATS @British_Airways @HeathrowAirport Rapidly moving squall line came past Cambridge earlier, very sudden heavy shower, lasted less than 5 minutes. Rainfall radar showed London getting a pasting about the same time.",,Fri Aug 10 19:27:01 +0000 2018
LoopilouI,"RT @SouthEastWeath1: Looks like an intense squall line has developed across the south east! This means some lightning and thunder, some gus…","Looks like an intense squall line has developed across the south east! This means some lightning and thunder, some gusty winds and heavy rain, send your reports in! #ukstorm https://t.co/VLsIALhstD",Fri Aug 10 14:34:32 +0000 2018
PeterChailey,"RT @SouthEastWeath1: Looks like an intense squall line has developed across the south east! This means some lightning and thunder, some gus…","Looks like an intense squall line has developed across the south east! This means some lightning and thunder, some gusty winds and heavy rain, send your reports in! #ukstorm https://t.co/VLsIALhstD",Fri Aug 10 14:20:25 +0000 2018
SouthEastWeath1,"Looks like an intense squall line has developed across the south east! This means some lightning and thunder, some gusty winds and heavy rain, send your reports in! #ukstorm https://t.co/VLsIALhstD",,Fri Aug 10 14:19:46 +0000 2018
