seunwills,RT @AMADICHIMA: What PDP looted in 16 years has been eclipsed by APC‚Äôs only 3 years of looting. They‚Äôve already looted my unborn grandchild‚Ä¶,"What PDP looted in 16 years has been eclipsed by APC‚Äôs only 3 years of looting. They‚Äôve already looted my unborn grandchildren‚Äôs cash through their 13trillion debt in 3 years with nada to show, give them another 13 years &amp; we may have to auction Nigeria.",Sat Aug 04 09:36:44 +0000 2018
real__indian,"RT @Sujan_Speak: KDSingh of @Alchemist, #MP of @AITCofficial following #NiravModi or #MehulChokshi in looting  &amp; hence flying abroad. One c‚Ä¶","KDSingh of @Alchemist, #MP of @AITCofficial following #NiravModi or #MehulChokshi in looting  &amp; hence flying abroad. One confidant of @MamataOfficial &amp; the other of @narendramodi. Competitive to each other even in patronising corruption to the highest degree. #CronyCapitalism. https://t.co/zcYLexjKMk",Sat Aug 04 09:36:37 +0000 2018
Fraesel,@DayZ were looting BalotaAF in stress test offline but almost all loot were flying and nothing in the buildings? Fix plz xD,,Sat Aug 04 09:36:09 +0000 2018
Count_Melvin,"RT @HoodSocialist: She proudly took money from then president of Haiti, Jean Duvalier, even though he was known for oppressing his own peop‚Ä¶","She proudly took money from then president of Haiti, Jean Duvalier, even though he was known for oppressing his own people &amp; looting Haiti‚Äôs treasury of millions of dollars &amp; largely lived off ill-gotten gains.",Sat Aug 04 09:36:06 +0000 2018
ChangeHasComee,RT @bolu_tokede: @ChangeHasComee Why are all those being invited by EFCC having one ailment or the other? They are strong and agile while l‚Ä¶,@ChangeHasComee Why are all those being invited by EFCC having one ailment or the other? They are strong and agile while looting and strength to go abroad to purchase houses here and there! They shouldn‚Äôt be allowed to visit any doctor because their looting have caused d death of many people.,Sat Aug 04 09:36:04 +0000 2018
DuruchibuzorE,"Perfect narrative, how can you allocate billion to an untouched project, if that's not an excuse for looting, I will wait till he gives me a better looting idea https://t.co/nrl2r7cxnW",,Sat Aug 04 09:35:57 +0000 2018
purrples,"‚ÄúWe are all free to use our vote to select what makes us happy. I don't abuse anyone over the other cos it's all looting continua. 

Until Nigeria is restructured and free money from oil well is managed...please vote... https://t.co/pZI0GCa92O",,Sat Aug 04 09:35:43 +0000 2018
PeterRayAllison,"@GavThorpeCreate Ada's ""What I did on our holidays"" once  involved killing goblins, ransacking orc lairs and looting bodies...

I included the caveat that we were LARPing...",,Sat Aug 04 09:35:12 +0000 2018
RaghavBadoni,@arif00sheikh @B01Nabarun @GuptaarunArun @rishibagree I know only Narander Modi and i m proud of that man. and mind u m not looting any 1 earning on my own with my hard work,,Sat Aug 04 09:34:50 +0000 2018
ODegads,RT @Asamoh_: Hon. Alfred keter raised a red flag on why he was being removed from labour committee chairmanship. The looting front is via N‚Ä¶,Hon. Alfred keter raised a red flag on why he was being removed from labour committee chairmanship. The looting front is via NSSF and NHIF. Remember Ruto de-whipped even Agriculture committee chair ? Now you understand why #MaizeScandal,Sat Aug 04 09:34:47 +0000 2018
tiyoodi,"PUBG MOBILE EMULATOR TENCENT , Kumpulan Video ngakak dari setiap Gameplay, Lokasi Map baru looting: https://t.co/FAmBa6mWpJ melalui",,Sat Aug 04 09:34:39 +0000 2018
OneAmerica12,@washingtonpost What did you think? They are looting everything ..now watch as they pretend doing some democratic shit  while they robb you dry and call it a success for the American people. Assholes,,Sat Aug 04 09:34:16 +0000 2018
GASPurves,RT @RobertJSomynne: Very impressed with the @NMIreland approach to Irish involvement in British expansion &amp; imperialism. Explicit reference‚Ä¶,Very impressed with the @NMIreland approach to Irish involvement in British expansion &amp; imperialism. Explicit references to looting (not mealy mouthed) &amp; good refocusing on non Europeans in age of industrial empire. Very different to London/Glasgow/Edinburgh museums https://t.co/9eWIbh7hPg,Sat Aug 04 09:32:58 +0000 2018
NamitGoel29,RT @SHADABA14754773: @AtulNegiUK @nitchandra82 @NoidaAuthority @dmnoidacircle @UPGovt @myogiadityanath @dr_maheshsharma @PMOIndia @narendra‚Ä¶,@AtulNegiUK @nitchandra82 @NoidaAuthority @dmnoidacircle @UPGovt @myogiadityanath @dr_maheshsharma @PMOIndia @narendramodi @aajtak @ZeeNews @abpnewstv @noidapolice @SLBWAssociation @ZeeNewsHindi Stop stop looting our hard earned money,Sat Aug 04 09:32:54 +0000 2018
NamitGoel29,RT @AtulNegiUK: @nitchandra82 @NoidaAuthority @dmnoidacircle @UPGovt @myogiadityanath @dr_maheshsharma @PMOIndia @narendramodi @aajtak @Zee‚Ä¶,"@nitchandra82 @NoidaAuthority @dmnoidacircle @UPGovt @myogiadityanath @dr_maheshsharma @PMOIndia @narendramodi @aajtak @ZeeNews @abpnewstv @noidapolice @SLBWAssociation Stop looting our hard earned money.. give us our home or return our money.. plz take hard action against shubhkamna advert and Kindle developers.. noida sector 79.. Lords project..
@PMOIndia @myogiadityanath @NoidaAuthority @ZeeNewsHindi @aajtak",Sat Aug 04 09:32:52 +0000 2018
RavishK99351712,"RT @VishalGaur1111: ‡§™‡•Ä‡§è‡§Æ‡§ì ‡§ï‡•ã ‡§™‡§§‡§æ ‡§•‡§æ ‡§Æ‡•á‡§π‡•Å‡§≤ ‡§ö‡•ã‡§ï‡§∏‡•Ä ‡§ï‡§æ‡§∞‡•ã‡§¨‡§æ‡§∞‡§ø‡§Ø‡•ã‡§Ç ‡§µ ‡§¨‡•à‡§Ç‡§ï‡•ã‡§Ç ‡§ï‡•ã ‡§ö‡•Ç‡§®‡§æ ‡§≤‡§ó‡§æ ‡§∞‡§π‡§æ ‡§π‡•à, ‡§´‡§ø‡§∞ ‡§≠‡•Ä ‡§µ‡§ø‡§¶‡•á‡§∂ ‡§≠‡§æ‡§ó‡§®‡•á ‡§ï‡•á ‡§≤‡§ø‡§è ‡§¶‡•á ‡§¶‡•Ä ‡§ï‡•ç‡§≤‡•Ä‡§® ‡§ö‡§ø‡§üüëá
‡§Æ‡•á‡§π‡•Å‡§≤‚Ä¶","‡§™‡•Ä‡§è‡§Æ‡§ì ‡§ï‡•ã ‡§™‡§§‡§æ ‡§•‡§æ ‡§Æ‡•á‡§π‡•Å‡§≤ ‡§ö‡•ã‡§ï‡§∏‡•Ä ‡§ï‡§æ‡§∞‡•ã‡§¨‡§æ‡§∞‡§ø‡§Ø‡•ã‡§Ç ‡§µ ‡§¨‡•à‡§Ç‡§ï‡•ã‡§Ç ‡§ï‡•ã ‡§ö‡•Ç‡§®‡§æ ‡§≤‡§ó‡§æ ‡§∞‡§π‡§æ ‡§π‡•à, ‡§´‡§ø‡§∞ ‡§≠‡•Ä ‡§µ‡§ø‡§¶‡•á‡§∂ ‡§≠‡§æ‡§ó‡§®‡•á ‡§ï‡•á ‡§≤‡§ø‡§è ‡§¶‡•á ‡§¶‡•Ä ‡§ï‡•ç‡§≤‡•Ä‡§® ‡§ö‡§ø‡§üüëá
‡§Æ‡•á‡§π‡•Å‡§≤ ‡§ï‡•ã ‡§¨‡•à‡§Ç‡§ï‡•ã ‡§ï‡§æ ‡§ï‡§∞‡•ã‡§°‡§º‡•ã ‡§â‡§ß‡§æ‡§∞ ‡§π‡•ã‡§®‡•á ‡§ï‡•á ‡§¨‡§æ‡§¶ ‡§≠‡•Ä ‡§ï‡•ç‡§≤‡•Ä‡§® ‡§ö‡§ø‡§ü ‡§¶‡•Ä ‡§î‡§∞ ‡§Æ‡•ã‡§¶‡•Ä‡§ú‡•Ä ‡§ú‡§®‡§§‡§æ ‡§∏‡•á ‡§ï‡§π‡§§‡•á ‡§∞‡§π‡•á ‡§® ‡§ñ‡§æ‡§â‡§Ç‡§ó‡§æ ‡§® ‡§ñ‡§æ‡§®‡•á ‡§¶‡•Ç‡§Å‡§ó‡§æ‡•§‡§µ‡§æ‡§π ‡§Æ‡•ã‡§¶‡•Ä‡§ú‡•Ä ‡§µ‡§æ‡§π ‡§∏‡§æ‡§• ‡§ñ‡§°‡§º‡•á ‡§π‡•ã‡§®‡•á ‡§ï‡•á ‡§≤‡§ø‡§è
 https://t.co/Okdg4FkJjp",Sat Aug 04 09:32:02 +0000 2018
FrankSeyen,"RT @RealmRoyale: Our PTS is open for the weekend - we encourage players to log in and give us your feedback!

We aim to make adjustments th‚Ä¶","Our PTS is open for the weekend - we encourage players to log in and give us your feedback!

We aim to make adjustments that lead to more excitement when looting and eliminating players.

How to access the PTS: https://t.co/haJOwUOWqg

Patch Notes: https://t.co/yjryZifbr2 https://t.co/NQ2B0gLVUF",Sat Aug 04 09:31:02 +0000 2018
babs_deejay,"RT @segalink: ‚ÄúOnly in Nigeria will those whose generation are looting, violating human rights, subjugating the constitution and oppressing‚Ä¶","‚ÄúOnly in Nigeria will those whose generation are looting, violating human rights, subjugating the constitution and oppressing the populace violently, will be blaming it all on the deliberately impoverished youth, who have no idea of what good governance looks like.‚Äù -SEGA https://t.co/wRiLtYOuIe",Sat Aug 04 09:30:58 +0000 2018
karachikbhai,"RT @BhittaniKhannnn: ANP in KPK: ""Punjab's elite are looting KPK &amp; not giving us our due rights""

ANP with Punjab's elite* https://t.co/ym5‚Ä¶","ANP in KPK: ""Punjab's elite are looting KPK &amp; not giving us our due rights""

ANP with Punjab's elite* https://t.co/ym5ADV0jsY",Sat Aug 04 09:30:44 +0000 2018
datGuyKOFO,"RT @tosinadeda: The problem with Nigerian politicians is not just corruption, it's lack of the fear of God and disregard for humanity. 
Pol‚Ä¶","The problem with Nigerian politicians is not just corruption, it's lack of the fear of God and disregard for humanity. 
Politicians are corrupt world over, but you don't see them looting funds for schools, roads, healthcare, basic amenities etc.

Nigerian politician loot it all..",Sat Aug 04 09:30:31 +0000 2018
RobertJSomynne,Very impressed with the @NMIreland approach to Irish involvement in British expansion &amp; imperialism. Explicit references to looting (not mealy mouthed) &amp; good refocusing on non Europeans in age of industrial empire. Very different to London/Glasgow/Edinburgh museums https://t.co/9eWIbh7hPg,,Sat Aug 04 09:30:27 +0000 2018
doitagain200322,RT @purrples: My prediction...PDP will hold a credible primaries. Atiku will get the ticket but none will decamp. They will just share the‚Ä¶,My prediction...PDP will hold a credible primaries. Atiku will get the ticket but none will decamp. They will just share the ‚Äújuicy appointments‚Äù before the elections like the colonials shared Africa! üòÇüòÇ Collective Looting is what they do!,Sat Aug 04 09:30:18 +0000 2018
AUNAUNNNnnnnnnn,RT @Kinematographic: @ganblade ‡πÉ‡∏ô‡∏Ñ‡∏•‡∏¥‡∏õ‡πÑ‡∏°‡πà‡πÉ‡∏ä‡πà‡∏ó‡∏µ‡πà‡∏õ‡∏≤‡∏£‡∏µ‡∏™‡∏ô‡∏∞‡∏Ñ‡∏£‡∏±‡∏ö ‡πÄ‡∏´‡∏ï‡∏∏‡πÄ‡∏Å‡∏¥‡∏î‡∏ó‡∏µ‡πà‡πÄ‡∏Å‡∏£‡∏≠‡∏ô‡∏≠‡∏ö‡∏•‡πå (Grenoble) ‡∏≠‡∏¢‡∏π‡πà‡∏ó‡∏≤‡∏á‡∏ï‡∏∞‡∏ß‡∏±‡∏ô‡∏≠‡∏≠‡∏Å‡πÄ‡∏â‡∏µ‡∏¢‡∏á‡πÉ‡∏ï‡πâ‡∏Ç‡∏≠‡∏á‡∏ù‡∏£‡∏±‡πà‡∏á‡πÄ‡∏®‡∏™ ‡∏ã‡∏∂‡πà‡∏á‡∏≠‡∏≤‡∏à‡∏à‡∏∞‡πÄ‡∏õ‡πá‡∏ô‚Ä¶,"@ganblade ‡πÉ‡∏ô‡∏Ñ‡∏•‡∏¥‡∏õ‡πÑ‡∏°‡πà‡πÉ‡∏ä‡πà‡∏ó‡∏µ‡πà‡∏õ‡∏≤‡∏£‡∏µ‡∏™‡∏ô‡∏∞‡∏Ñ‡∏£‡∏±‡∏ö ‡πÄ‡∏´‡∏ï‡∏∏‡πÄ‡∏Å‡∏¥‡∏î‡∏ó‡∏µ‡πà‡πÄ‡∏Å‡∏£‡∏≠‡∏ô‡∏≠‡∏ö‡∏•‡πå (Grenoble) ‡∏≠‡∏¢‡∏π‡πà‡∏ó‡∏≤‡∏á‡∏ï‡∏∞‡∏ß‡∏±‡∏ô‡∏≠‡∏≠‡∏Å‡πÄ‡∏â‡∏µ‡∏¢‡∏á‡πÉ‡∏ï‡πâ‡∏Ç‡∏≠‡∏á‡∏ù‡∏£‡∏±‡πà‡∏á‡πÄ‡∏®‡∏™ ‡∏ã‡∏∂‡πà‡∏á‡∏≠‡∏≤‡∏à‡∏à‡∏∞‡πÄ‡∏õ‡πá‡∏ô‡∏Ç‡πà‡∏≤‡∏ß‡∏£‡πâ‡∏≤‡∏¢‡∏´‡∏ô‡∏±‡∏Å‡∏Å‡∏ß‡πà‡∏≤‡πÄ‡∏î‡∏¥‡∏° ‡πÄ‡∏û‡∏£‡∏≤‡∏∞‡πÄ‡∏Å‡∏£‡∏≠‡∏ô‡∏≠‡∏ö‡∏•‡πå‡∏°‡∏µ‡∏ä‡∏∑‡πà‡∏≠‡πÄ‡∏™‡∏µ‡∏¢‡∏á‡∏ß‡πà‡∏≤‡πÄ‡∏õ‡πá‡∏ô‡πÄ‡∏°‡∏∑‡∏≠‡∏á‡∏ó‡∏µ‡πà‡∏ô‡πà‡∏≤‡∏≠‡∏¢‡∏π‡πà  
https://t.co/FogpxJSLCQ",Sat Aug 04 09:29:37 +0000 2018
rbr6000,"RT @AshiQuotes: EVMs are being used in Indian elections since 1998. Introduced &amp; used maximum during Cong rule. 
What is the reason that op‚Ä¶","EVMs are being used in Indian elections since 1998. Introduced &amp; used maximum during Cong rule. 
What is the reason that opposition now demanding ballot papers to be used in 2019?
Does it mean Congress won all previous election by rigging EVMs or is looting ballot paper easier?",Sat Aug 04 09:29:32 +0000 2018
Azharkiyaa,"Update: 

Abdi Iley‚Äôs youth vigilante group Heego and some refugees in Jigjiga displaced by the recent border clashes between Oromia-Somali region are on looting spree, targeting mainly Highlander owned businesses.... https://t.co/QH98D8oZbW",,Sat Aug 04 09:29:00 +0000 2018
edozie01,"@julietkego Waoooh! This is the time of news we need. Acts of generosity not the mind bugling looting by our ""leaders"".",,Sat Aug 04 09:27:36 +0000 2018
right_winger_,"RT @AgentSaffron: That's why secular liberal elite are against it . Their looting is being shut down by chowkidar Modi.

https://t.co/Fh2gn‚Ä¶","That's why secular liberal elite are against it . Their looting is being shut down by chowkidar Modi.

https://t.co/Fh2gnrXILb",Sat Aug 04 09:27:17 +0000 2018
cowsarevalid,My mood is looting the brother hood of steelship just a few quests before i blast it to pieces,,Sat Aug 04 09:27:13 +0000 2018
hammadDReal,"@mubasherlucman @mariamsmadness Boss they r doing this because they know this is the last time they can do. No more looting no more wastage of our money.
Let the @ImranKhanPTI come and see them going to adyalla InshaAllah",,Sat Aug 04 09:27:04 +0000 2018
bolu_tokede,@ChangeHasComee Why are all those being invited by EFCC having one ailment or the other? They are strong and agile while looting and strength to go abroad to purchase houses here and there! They shouldn‚Äôt be allowed to visit any doctor because their looting have caused d death of many people.,,Sat Aug 04 09:26:16 +0000 2018
passagreek,"RT @athyrostomos: The ‚Äúeuro-canadian‚Äù wanna-be mayor of #Toronto alongside the neonazi thug of GoldenDawn.

FYI, apart from other crimes, G‚Ä¶","The ‚Äúeuro-canadian‚Äù wanna-be mayor of #Toronto alongside the neonazi thug of GoldenDawn.

FYI, apart from other crimes, Golden dawn‚Äôs nazis were caught looting the burned houses during the #attica fires.

#PrayforToronto for such hateful political candidates https://t.co/RyiS4NnWIc",Sat Aug 04 09:26:12 +0000 2018
ANJUMSOHAIL16,RT @huma_maqsood: So now it is certified that #PPP and #PMLN are one and the same thing. They have always been hand in glove in looting and‚Ä¶,"So now it is certified that #PPP and #PMLN are one and the same thing. They have always been hand in glove in looting and plundering  #Pakistan 
#ElectionPakistan2018 #OppositionParty",Sat Aug 04 09:26:06 +0000 2018
rajeshvee,"RT @ProudBhagavathi: When your father has made hundreds of crores by looting the Nation, you can afford  to have unlimited supply of Ganja/‚Ä¶","When your father has made hundreds of crores by looting the Nation, you can afford  to have unlimited supply of Ganja/charas/Afeem, you end up believing you are Lord Shiva. 

#LaluYadavsSuputrTejPratapYadav https://t.co/7oBznpJlcw",Sat Aug 04 09:25:47 +0000 2018
isskein,RT @katia0: The true character of the Greek far-right was visible elsewhere. Three #GoldenDawn members were arrested for looting the homes‚Ä¶,"The true character of the Greek far-right was visible elsewhere. Three #GoldenDawn members were arrested for looting the homes of the fire‚Äôs victims, while another 15¬†fascists attacked a group of migrants in #Thessaloniki.
https://t.co/XYeE4E63Py
#Greecefires
#GREECEWILDFIRES",Sat Aug 04 09:24:59 +0000 2018
SomPundit,"Liyuu police (abdi illey dogs ) are in plain clothes and killing non-somalis and looting the banks in Jigjiga city , the oppressors (somalis) are celebrating in their houses !",,Sat Aug 04 09:24:30 +0000 2018
cindylbrown4,"RT @CathyCarterKY: ‚Äú. .when you invest your pension money in hedge funds, you might be paying a hundred times the cost or more, .. underper‚Ä¶","‚Äú. .when you invest your pension money in hedge funds, you might be paying a hundred times the cost or more, .. underperforming the market,.. supporting political movements against you, &amp;you often have to pay. . a bribe..for the privilege of hiring..‚Äù https://t.co/eRjSLp0zQ5",Sat Aug 04 09:23:30 +0000 2018
sanjivv5,RT @pete5308: @PiyushGoyal @dir_ed @barandbench @PMOIndia @narendramodi @FinMinIndia @sgurumurthy @MinhazMerchant Hw can  fraudster Jignesh‚Ä¶,@PiyushGoyal @dir_ed @barandbench @PMOIndia @narendramodi @FinMinIndia @sgurumurthy @MinhazMerchant Hw can  fraudster Jignesh Shah escape fm eyes of Govt aftr looting 13K invstrs.R all Babus pliant or moles of UPA era? Modiji needs to answer this Qn. 13 K stand to lose 6000 cr https://t.co/ewAGE0lZ4v,Sat Aug 04 09:23:16 +0000 2018
beebah5,@peterkalusky @bolmatic @Karovoni @officialEFCC Obasanjo instituted EFCC Ogah. He's neither Muslim or a northerner.. It's one of the smartest things he's done. Most EFCC suspects are northerners. and I'm glad there's an institution that checkmates senseless looting of the public treasury. why do you have a a problem with this?,,Sat Aug 04 09:23:06 +0000 2018
purrples,"PDP- ‚ÄúIndustrial Scale Looting‚Äù
APC- ‚ÄúMicro Scale Looting‚Äù
In other words, in Nigerian Politics, 
#LootingIsAHobby!üòÇü§£",,Sat Aug 04 09:22:46 +0000 2018
arif00sheikh,"@RaghavBadoni @B01Nabarun @GuptaarunArun @rishibagree Puchar Wala bhi mehnat se kamaa k khata hai dusro ko dhoka deke nahi,not ppl like u, got highly qualified looting our own countrys poor ppl,Banks, and flying to other countries damaging systems u better know about 3 modis &amp; many moreüòÖüòÖüòÖüòÖ",,Sat Aug 04 09:22:40 +0000 2018
tamil18_raja,"Society is Becoming bad Cunning Country's looting Innocents $ Is Osama Bad or Society ? 
#bbcone #bbcnewsten #CNN @nytimes

https://t.co/KQeczy4kUd",,Sat Aug 04 09:22:37 +0000 2018
demiolowo,"RT @Cicerorian_: Zitta's death is a very painful one. A young, talented, blooming young man. 
Forget the accident or the police looting. Th‚Ä¶","Zitta's death is a very painful one. A young, talented, blooming young man. 
Forget the accident or the police looting. There is a high level of medical negligence in Nigeria. Particularly in Abuja.",Sat Aug 04 09:21:58 +0000 2018
Jefe_says,"RT @jacksonpbn: If the argument is that Buhari has blocked loopholes for looting and sharing of free money, has he used the hitherto free m‚Ä¶","If the argument is that Buhari has blocked loopholes for looting and sharing of free money, has he used the hitherto free money to build the economy, create jobs and build infrastructures? If the answer is no, where then is the free money?",Sat Aug 04 09:20:18 +0000 2018
Dr_Proccoli,RT @HonAbdik: Safaricom Ksh 55bn ($550 million) profits in a third world country like Kenya is unethical! Surely this company charging redi‚Ä¶,Safaricom Ksh 55bn ($550 million) profits in a third world country like Kenya is unethical! Surely this company charging rediculars tariffs to make such a profit is unacceptable. It's time we think of regulating these tariffs. This amounts to looting from our poor people.,Sat Aug 04 09:20:13 +0000 2018
meliorater,RT @RoyOdhiambo12: For those politicians who are SPONSORS to bleached young women/married debutante we know the money you spend on them are‚Ä¶,"For those politicians who are SPONSORS to bleached young women/married debutante we know the money you spend on them are derived from looting!!!

You will be exposed!!!
#IfikieSponsors",Sat Aug 04 09:18:12 +0000 2018
Asamoh_,RT @Asamoh_: Another Kshs 1.7B MoH scandal. How is @UKenyatta fighting corruption? @SicilyKariuki must be relieved off her duties as a CS.‚Ä¶,Another Kshs 1.7B MoH scandal. How is @UKenyatta fighting corruption? @SicilyKariuki must be relieved off her duties as a CS. She is the same lady who presided over Kshs 10.5B NYS scandal. #UhuruAppointees are on a looting spree. @Disembe @amerix @C_NyaKundiH,Sat Aug 04 09:17:40 +0000 2018
Asamoh_,RT @Asamoh_: How can @UKenyatta fight corruption when his own sisters and cousins cat walked with 5B from MoH? The Kshs 10B NYS there is pa‚Ä¶,How can @UKenyatta fight corruption when his own sisters and cousins cat walked with 5B from MoH? The Kshs 10B NYS there is part of criminal enterprise in Jubilee administration. #UhuruAppointees are on a looting Spree @Disembe @C_NyaKundiH,Sat Aug 04 09:16:55 +0000 2018
Asamoh_,"RT @Mukami_Mungai: I repeat here, Kikuyus and Kalenjins will bring this country to its knees through looting. #NYSNewScandal #UntoldStoryOn‚Ä¶","I repeat here, Kikuyus and Kalenjins will bring this country to its knees through looting. #NYSNewScandal #UntoldStoryOnNYSScam #NYSscam",Sat Aug 04 09:16:05 +0000 2018
chibumuo,"What PDP looted in 16 years has been eclipsed by APC‚Äôs only 3 years of looting. They‚Äôve already looted my unborn grandchildren‚Äôs cash through their 13trillion debt in 3 years with nada to show, give them another 13 years &amp; we may have to auction Nigeria.",,Sat Aug 04 09:15:03 +0000 2018
Angryindianggn,@GauravGogoiAsm @ndtv @republic Many congi including your family mastered this art of looting and stashing aboard. Hence it is natural to see own shadows everywht. Understandable,,Sat Aug 04 09:14:10 +0000 2018
PeeeaaaarL,RT @athii_land: State businesses get awarded to white companies. Whites then loot those tenders with the aim of framing the ANC as a moveme‚Ä¶,State businesses get awarded to white companies. Whites then loot those tenders with the aim of framing the ANC as a movement that doesn't deliver. Blacks have minimal companies operating with SOEs yet when there's looting we almost immediately assume it's the ANC cadres alone.,Sat Aug 04 09:13:01 +0000 2018
Asamoh_,RT @Asamoh_: So @UKenyatta is pegging local oil revenue to Turkana at 5%. They would want 75% in Nairobi for looting. What if oil was disco‚Ä¶,So @UKenyatta is pegging local oil revenue to Turkana at 5%. They would want 75% in Nairobi for looting. What if oil was discovered in Muranga or Nyeri ? Would that percentage be pegged at 5% ? @GovernorNanok don‚Äôt sell your people‚Äôs resources. @jnangeyo,Sat Aug 04 09:12:56 +0000 2018
devumendra,"RT @srinivasiyc: ‡§® ‡§ñ‡§æ‡§ä‡§Ç‡§ó‡§æ ‡§® ‡§ñ‡§æ‡§®‡•á ‡§¶‡•Ç‡§Ç‡§ó‡§æ ‡§ï‡•Ä ‡§¨‡§æ‡§§ ‡§ï‡§∞‡•Ç‡§Ç‡§ó‡§æ ‡§≤‡•á‡§ï‡§ø‡§® ‡§¶‡•ã‡§∏‡•ç‡§§ ‡§Ö‡§ó‡§∞ ‡§≤‡•Ç‡§ü ‡§ï‡§∞ ‡§ï‡•á ‡§≤‡•á ‡§ú‡§æ‡§è ‡§§‡•ã ‡§â‡§∏‡•á ‡§®‡§π‡•Ä‡§Ç ‡§∞‡•ã‡§ï‡•Ç‡§Ç‡§ó‡§æ‡•§

https://t.co/1aWIst6bSA","‡§® ‡§ñ‡§æ‡§ä‡§Ç‡§ó‡§æ ‡§® ‡§ñ‡§æ‡§®‡•á ‡§¶‡•Ç‡§Ç‡§ó‡§æ ‡§ï‡•Ä ‡§¨‡§æ‡§§ ‡§ï‡§∞‡•Ç‡§Ç‡§ó‡§æ ‡§≤‡•á‡§ï‡§ø‡§® ‡§¶‡•ã‡§∏‡•ç‡§§ ‡§Ö‡§ó‡§∞ ‡§≤‡•Ç‡§ü ‡§ï‡§∞ ‡§ï‡•á ‡§≤‡•á ‡§ú‡§æ‡§è ‡§§‡•ã ‡§â‡§∏‡•á ‡§®‡§π‡•Ä‡§Ç ‡§∞‡•ã‡§ï‡•Ç‡§Ç‡§ó‡§æ‡•§

https://t.co/1aWIst6bSA",Sat Aug 04 09:12:54 +0000 2018
RATIYU,@benmurraybruce The same way you told them when and  your Political Godfathers looting the treasury to save keep in there own country,,Sat Aug 04 09:11:49 +0000 2018
saxenaa14,RT @AffrinNaaz: Gt prepared to vote on ballot papers..in Bihar it's going 2 b a nightmare..looting of booths.killings ill start all ovr aga‚Ä¶,"Gt prepared to vote on ballot papers..in Bihar it's going 2 b a nightmare..looting of booths.killings ill start all ovr again..in Urban areas majority of the ppl I'll nt turn up at the polling booth,Scared of violence..in rural India weakr section I'll nt b allowd to vote..üëç",Sat Aug 04 09:11:45 +0000 2018
Asamoh_,RT @Asamoh_: The Big 4 Agenda was a campaign gimmick by @UKenyatta . Basically his big4agenda are 1. Looting / corruption 2. Ethnicity 3. E‚Ä¶,The Big 4 Agenda was a campaign gimmick by @UKenyatta . Basically his big4agenda are 1. Looting / corruption 2. Ethnicity 3. Extra Judicial killings 4. üç∫,Sat Aug 04 09:11:42 +0000 2018
hterwwes,RT @DaEasterner: JUST IN: Nigerian Army Caught On Camera Allegedly Looting Nnamdi Kanu‚Äôs House Today [Video] https://t.co/zLJDcK6YDv,JUST IN: Nigerian Army Caught On Camera Allegedly Looting Nnamdi Kanu‚Äôs House Today [Video] https://t.co/zLJDcK6YDv,Sat Aug 04 09:10:49 +0000 2018
ataiwos,"@ShehuSani All the political parties and politicians in this country have been cheating on all ordinary citizen for decades, looting the common wealth of all within themselves and you are here talking about injustice. What measures have you take to stop corruption?",,Sat Aug 04 09:09:16 +0000 2018
iLaibaShahid,RT @Khan_PTI512: It should be declared a state where no looter or plunderer would be caught or held accountable. Living in 21st century doe‚Ä¶,"It should be declared a state where no looter or plunderer would be caught or held accountable. Living in 21st century does not mean we should penalize a person for money laundering or looting its public‚Äôs money. We must regard a hero as a hero. 
#NawazSharifParZulmKyun",Sat Aug 04 09:08:25 +0000 2018
WaqarKhan6,@ola_supports U guys r simply looting the passengers. It showed me Rs.49 estimated fees before booking the ride including the discount and the invoice is showing something else. @jagograhakjago @JagoGrahakJago_,,Sat Aug 04 09:07:54 +0000 2018
RoyOdhiambo12,"For those politicians who are SPONSORS to bleached young women/married debutante we know the money you spend on them are derived from looting!!!

You will be exposed!!!
#IfikieSponsors",,Sat Aug 04 09:07:19 +0000 2018
ABHISHEKGWAL1,"RT @AapEnvironment: So all of @AUThackeray claims of supporting #SaveAarey are fake. 

MPCB, which comes under @ShivSena Environment Minist‚Ä¶","So all of @AUThackeray claims of supporting #SaveAarey are fake. 

MPCB, which comes under @ShivSena Environment Ministry (@iramdaskadam ) gives go ahead to Metro Shed in Aarey. 
Shivsena and BJP are partners when it comes to looting #Mumbai https://t.co/3A8HcDIJcy",Sat Aug 04 09:06:32 +0000 2018
Asamoh_,RT @Asamoh_: Waking up to another Kshs 2B NCPB scandal and 2B Tree planting scandal launched by @UKenyatta . The looting in Jubilee has rea‚Ä¶,Waking up to another Kshs 2B NCPB scandal and 2B Tree planting scandal launched by @UKenyatta . The looting in Jubilee has reached unprecedented levels. This is now an organized theft and criminal enterprise. @citizentvkenya #powerbreakfast,Sat Aug 04 09:05:29 +0000 2018
zakhele9696,"@MbuyiseniNdlozi @MrSoWhat31 It was correct to call in the army because rioters were looting shops and destroying property, rule of law must be implemented, it‚Äôs not SA where people vandalize without repercussions",,Sat Aug 04 09:05:24 +0000 2018
UpendraParsad4,Ab Sare Chor Ek Jhoot hokar Bharat desh ko looting.,,Sat Aug 04 09:04:04 +0000 2018
MuhdMuslimA90,"@MBuhari,YOsinbanjo n Shehu Sani openly declared they assets, no one else in APC n PDP do so the reason isn't constitutional, but looting public treasury that one is constitutional.",,Sat Aug 04 09:03:13 +0000 2018
RabiSidiAli,@ijaola_ibrahim He was overwhelmed with his own looting eeeehh abi,,Sat Aug 04 09:02:54 +0000 2018
ThomasEBrown3,"RT @ProudResister: It‚Äôs ALL happening IN PLAIN SIGHT:

Children are being abused IN PLAIN SIGHT.

Black lives are being lost IN PLAIN SIGHT‚Ä¶","It‚Äôs ALL happening IN PLAIN SIGHT:

Children are being abused IN PLAIN SIGHT.

Black lives are being lost IN PLAIN SIGHT.

Women‚Äôs rights and LGBTQ rights are being threatened IN PLAIN SIGHT.

GOP is looting America IN PLAIN SIGHT.

Trump is conspiring with Russia IN PLAIN SIGHT.",Sat Aug 04 09:02:01 +0000 2018
Aliyu23234521,"RT @princeosman22: Ajaokuta back 
Railways back 
Airways back 
Light back 
Refineries back 
Farming back 
Smuggling blocked 
Looting blocke‚Ä¶","Ajaokuta back 
Railways back 
Airways back 
Light back 
Refineries back 
Farming back 
Smuggling blocked 
Looting blocked
All in Less than 4yrs
Sai Baba...#Buhari üí™üí™",Sat Aug 04 09:00:12 +0000 2018
imzipk,"Pakistan Post Office should be made affective to generate revenue, private courier are looting the nation with low quality of services.",,Sat Aug 04 08:59:54 +0000 2018
CentroElba,Two cases highlights how Nazi looting still haunts the art world https://t.co/6CXTdRMA8q,,Sat Aug 04 08:58:25 +0000 2018
LagosTalks913,"RT @akinbotee: @LagosTalks913 if the pdp had won in 2015,the country would have been worse than this.two things wuld have happened,oil cras‚Ä¶","@LagosTalks913 if the pdp had won in 2015,the country would have been worse than this.two things wuld have happened,oil crash nd looting....",Sat Aug 04 08:57:51 +0000 2018
hawreah,"‚ÄúResidents in #Afrin are enduring arbitrary detentions, enforced disappearances, confiscation of property and looting.""
#@amnesty report",,Sat Aug 04 08:57:22 +0000 2018
JONNYG254_,RT @VJ_GEOF: The looting at NYS is a Kikuyu and kalenjin affair. It is their time to eat. #shithole,The looting at NYS is a Kikuyu and kalenjin affair. It is their time to eat. #shithole,Sat Aug 04 08:57:21 +0000 2018
bbjono65,@SaharaReporters 700 pages of Reasons  why the court should allow Fayose and Eleka  to continue looting Ekiti's Treasury!!,,Sat Aug 04 08:57:19 +0000 2018
mayank_kanajara,"RT @KapilSibalteam: ‡§® ‡§ñ‡§æ‡§ä‡§Ç‡§ó‡§æ ‡§® ‡§ñ‡§æ‡§®‡•á ‡§¶‡•Ç‡§Ç‡§ó‡§æ ‡§ï‡•Ä ‡§¨‡§æ‡§§ ‡§ï‡§∞‡•Ç‡§Ç‡§ó‡§æ ‡§≤‡•á‡§ï‡§ø‡§® ‡§¶‡•ã‡§∏‡•ç‡§§ ‡§Ö‡§ó‡§∞ ‡§≤‡•Ç‡§ü ‡§ï‡§∞ ‡§ï‡•á ‡§≤‡•á ‡§ú‡§æ‡§è ‡§§‡•ã ‡§â‡§∏‡•á ‡§®‡§π‡•Ä‡§Ç ‡§∞‡•ã‡§ï‡•Ç‡§Ç‡§ó‡§æ‡•§
#MehulChoksi #ModiLies
https:‚Ä¶","‡§® ‡§ñ‡§æ‡§ä‡§Ç‡§ó‡§æ ‡§® ‡§ñ‡§æ‡§®‡•á ‡§¶‡•Ç‡§Ç‡§ó‡§æ ‡§ï‡•Ä ‡§¨‡§æ‡§§ ‡§ï‡§∞‡•Ç‡§Ç‡§ó‡§æ ‡§≤‡•á‡§ï‡§ø‡§® ‡§¶‡•ã‡§∏‡•ç‡§§ ‡§Ö‡§ó‡§∞ ‡§≤‡•Ç‡§ü ‡§ï‡§∞ ‡§ï‡•á ‡§≤‡•á ‡§ú‡§æ‡§è ‡§§‡•ã ‡§â‡§∏‡•á ‡§®‡§π‡•Ä‡§Ç ‡§∞‡•ã‡§ï‡•Ç‡§Ç‡§ó‡§æ‡•§
#MehulChoksi #ModiLies
https://t.co/G8ZLbmA9DC",Sat Aug 04 08:57:06 +0000 2018
rishi0555,"RT @navjivanindia: #ModiGovernment ‡§ï‡•ã ‡§™‡§§‡§æ ‡§•‡§æ ‡§ï‡§ø #MehulChoksi ‡§¶‡•á‡§∂ ‡§ï‡•á ‡§¨‡•à‡§Ç‡§ï‡•ã‡§Ç ‡§î‡§∞ ‡§ï‡§æ‡§∞‡•ã‡§¨‡§æ‡§∞‡§ø‡§Ø‡•ã‡§Ç ‡§ï‡•ã ‡§≤‡•Ç‡§ü ‡§∞‡§π‡§æ ‡§π‡•à, ‡§´‡§ø‡§∞ ‡§≠‡•Ä ‡§µ‡§ø‡§¶‡•á‡§∂ ‡§≠‡§æ‡§ó‡§®‡•á ‡§ï‡•á ‡§≤‡§ø‡§è ‡§â‡§∏‡•á ‡§ï‡•ç‡§≤‡•Ä‚Ä¶","#ModiGovernment ‡§ï‡•ã ‡§™‡§§‡§æ ‡§•‡§æ ‡§ï‡§ø #MehulChoksi ‡§¶‡•á‡§∂ ‡§ï‡•á ‡§¨‡•à‡§Ç‡§ï‡•ã‡§Ç ‡§î‡§∞ ‡§ï‡§æ‡§∞‡•ã‡§¨‡§æ‡§∞‡§ø‡§Ø‡•ã‡§Ç ‡§ï‡•ã ‡§≤‡•Ç‡§ü ‡§∞‡§π‡§æ ‡§π‡•à, ‡§´‡§ø‡§∞ ‡§≠‡•Ä ‡§µ‡§ø‡§¶‡•á‡§∂ ‡§≠‡§æ‡§ó‡§®‡•á ‡§ï‡•á ‡§≤‡§ø‡§è ‡§â‡§∏‡•á ‡§ï‡•ç‡§≤‡•Ä‡§® ‡§ö‡§ø‡§ü ‡§¶‡•á ‡§¶‡•Ä ‡§ó‡§Ø‡•Ä‡•§ #Congress ‡§®‡•á ‡§™‡•Ç‡§õ‡§æ ‡§π‡•à ‡§ï‡§ø ‡§ï‡•ç‡§Ø‡§æ ‡§Ø‡§π ""‡§≠‡§ó‡•ã‡§°‡§º‡•ã ‡§ï‡§æ ‡§∏‡§æ‡§•, ‡§≠‡§ó‡•ã‡§°‡§º‡•ã‡§Ç ‡§ï‡§æ"" ‡§ï‡§æ ‡§µ‡§ø‡§ï‡§æ‡§∏ ‡§π‡•à? https://t.co/z1dfn6yrIg",Sat Aug 04 08:56:34 +0000 2018
jayboycheddarz,"RT @JohnGra60799908: @segalink Youths are this, youths that and Soyinka and this apc administration are looting millions silently! Soyinka,‚Ä¶","@segalink Youths are this, youths that and Soyinka and this apc administration are looting millions silently! Soyinka, where's #OccupyNigeria today? He's silent because he and tinubu occupied apc evil party!",Sat Aug 04 08:55:28 +0000 2018
CentroElba,Watch the throne: why artist Thierry Oussou faked an archaeological dig https://t.co/PmfO0xZcUa,,Sat Aug 04 08:55:19 +0000 2018
akinbotee,"@LagosTalks913 if the pdp had won in 2015,the country would have been worse than this.two things wuld have happened,oil crash nd looting....",,Sat Aug 04 08:51:47 +0000 2018
deepakdm3921,RT @gauravbarot: #iwouldstandforthis  India needs a few stalwart men of characters to redeem its educational system and to stop the busines‚Ä¶,"#iwouldstandforthis  India needs a few stalwart men of characters to redeem its educational system and to stop the business of &amp; looting in the name of education. R YOU THE ONE? I AM, and the fight and pleasure both are mine!!

#SchoolFeeLoot #Gujarat #Odisha #Apeejaynoidaloot",Sat Aug 04 08:51:36 +0000 2018
83rakeshk,@KotakBankLtd @PMOIndia @RBI @RahulGandhi @Swamy39 @republic  it's day light robbery by mr Uday kotak in reducing promoters share holding in KMB by means of preferential share. Modiji these ppl will surely kick out u in yr2019 looting innocent indians,,Sat Aug 04 08:50:44 +0000 2018
neetasharma1,"@RajatSharmaLive So that they can grab the votes by muscle power, and by looting the polling booths.",,Sat Aug 04 08:49:00 +0000 2018
tenkatreats,RT @LeslieNdanga: @muzimbawacho @tenkatreats @edmnangagwa Start by declaring your assets  and the money you took with advantage of being in‚Ä¶,@muzimbawacho @tenkatreats @edmnangagwa Start by declaring your assets  and the money you took with advantage of being in the higher office then the rest will follow you and you will gain respect with citizens then apologise  for all the wrong doing like the Gukurahundi Murambatsvina and Chiyadzwa Diamond looting,Sat Aug 04 08:48:30 +0000 2018
ChaudharyAsifS1,"RT @mdaleembasha: After 2019 @INCIndia should established military tribunals 4 prosecuting
Economic ,gaurakshas, Looting offenders &amp; sendin‚Ä¶","After 2019 @INCIndia should established military tribunals 4 prosecuting
Economic ,gaurakshas, Looting offenders &amp; sending them 2 gallows https://t.co/NTjiprXjEQ",Sat Aug 04 08:46:24 +0000 2018
shaikrehman997,"@Surya46846252 @GoogleWaalaBhai @fehmeena @Gubomaster @SunilKandalkar4 @JesusvsPaul @DingolaphiDingy @nimish40832076 @MRazack26 @HindutvaMemes @DrChesterCook @Thegrtdictator @SpoonMatrix @Khan_Pune @Budrus_Dhuliman @MOBO_FA @Kaal15453445 @chriterz @Mohamed36096428 @ChilledFlame911 @DjieKarina @SufianBabri @CHYREN333 @SHADOWAEMEH @BiblicalME2 @halabi912 @issu_assenjee @japvanvugt @EsRevorTeR @leena_dajani @Guds_barn @UrielMahdi @nmys @Truthr @Perfect_Gntlman @ProWhiteMedia @ToilsomeOlive @jaikishan56 @SophiaFHL @KGstonx @naureens111 @sanatandesh1 @govindkumarch @Shineninenine @half_amazing10 @Alumany65 @LazrusPo @ShilpiTiwari5 @siyawardas A sa@nghi talking about Murdering, Rape, Pedophilia and Looting.",,Sat Aug 04 08:46:23 +0000 2018
uwantkash,@AzamJamil53 Well said. Also I think they‚Äôre scared of being held accountable for their corruption and looting.,,Sat Aug 04 08:46:16 +0000 2018
JohnGra60799908,"@segalink Youths are this, youths that and Soyinka and this apc administration are looting millions silently! Soyinka, where's #OccupyNigeria today? He's silent because he and tinubu occupied apc evil party!",,Sat Aug 04 08:44:38 +0000 2018
vicogico,"RT @Chopdasaab: Chacha Nehru's hate for Hindus is well documented. Did nothing to save mobs raping, looting and killing Hindus. Both Nehru‚Ä¶","Chacha Nehru's hate for Hindus is well documented. Did nothing to save mobs raping, looting and killing Hindus. Both Nehru and Gandhi were totally biased when it came to Hindu Human Rights. Our History books are manipulated and compromised https://t.co/2o1tGzgguy",Sat Aug 04 08:44:04 +0000 2018
AgentSaffron,"That's why secular liberal elite are against it . Their looting is being shut down by chowkidar Modi.

https://t.co/Fh2gnrXILb",,Sat Aug 04 08:43:38 +0000 2018
oyibwonkangi,"Looting is one evil spirit/vice that must be exorcised. After looting resources successfully, they now loot votes foolishly. WHO bewitched AFRICA! #ZimElectionResults",,Sat Aug 04 08:41:56 +0000 2018
LeslieNdanga,@muzimbawacho @tenkatreats @edmnangagwa Start by declaring your assets  and the money you took with advantage of being in the higher office then the rest will follow you and you will gain respect with citizens then apologise  for all the wrong doing like the Gukurahundi Murambatsvina and Chiyadzwa Diamond looting,,Sat Aug 04 08:40:47 +0000 2018
adnivog_kgr,"@dhanyarajendran @priyankathiru @meghasreeram When doctors and hospitals stop looting people by C section for baby delivery, people will stop believing these fraudulent healers.",,Sat Aug 04 08:40:01 +0000 2018
Ahoembawe,RT @mailandguardian: The family trust of former VBS Mutual Bank chairperson Tshifhiwa Matodzi was allegedly paid nearly R5-million from Vel‚Ä¶,The family trust of former VBS Mutual Bank chairperson Tshifhiwa Matodzi was allegedly paid nearly R5-million from Vele Investments‚Äô heist of money from VBS bank. https://t.co/flHzVUcWHL,Sat Aug 04 08:39:44 +0000 2018
Onyango58176370,@MboyaApollo @energy_ke @KenyaPower Somebody tell kplc that this is going to be messier and noisier until they stop looting from you n I.,,Sat Aug 04 08:38:44 +0000 2018
TheFigh03823007,"RT @Ali_answers: Mafia partnering up again , their looting business is at risk .#ppp #PMLN
€ÅŸÖ€îÿ®⁄æŸàŸÑ ÿ¨ÿßÿ¶€í €å€Å €ÅŸà ŸÜ€Å€å⁄∫ ÿ≥⁄©ÿ™ÿß€î
ÿ™ŸÖ ÿ®⁄æŸàŸÑ ÿ¨ÿßÿ§ÿå €å€Å €ÅŸÖ‚Ä¶","Mafia partnering up again , their looting business is at risk .#ppp #PMLN
€ÅŸÖ€îÿ®⁄æŸàŸÑ ÿ¨ÿßÿ¶€í €å€Å €ÅŸà ŸÜ€Å€å⁄∫ ÿ≥⁄©ÿ™ÿß€î
ÿ™ŸÖ ÿ®⁄æŸàŸÑ ÿ¨ÿßÿ§ÿå €å€Å €ÅŸÖ €ÅŸàŸÜ€í ŸÜ€Å€å⁄∫ ÿØ€å⁄∫ ⁄Ø€í€î https://t.co/WGNGy2mLuT",Sat Aug 04 08:38:01 +0000 2018
friendsschl,@MobilePunch To form party of self interest and looting and denying the poor the wealth of the national,,Sat Aug 04 08:37:51 +0000 2018
UIncorp,"RT @NafisaYammama: ONCE UPON A TIME

Once upon a time, PDP led Nigeria into an epoch of decadence,selflessness, bloodshed &amp;looting BUT the‚Ä¶","ONCE UPON A TIME

Once upon a time, PDP led Nigeria into an epoch of decadence,selflessness, bloodshed &amp;looting BUT the story changed with d emergence of PMB,PYO 2015-23

You can‚Äôt build something on nothing &amp;expect it to stand &amp; He who comes to equity must come with clean hands",Sat Aug 04 08:37:40 +0000 2018
QuintTinMilly,"Is this the lawful thwarting @ZANUPF_Official @JonesMusara?You can't kidnap &amp; hold the whole country hostage to continue looting.Who did you see celebrating your stolen victory?The whole country is mourning, so who voted u in2 power? @TrevorNcube @violetgonda @Wamagaisa @aubtery https://t.co/xcbdXhKtdY",,Sat Aug 04 08:36:44 +0000 2018
bbbehera52,RT @sarjubhai: @bbbehera52 No one is looting india. It's all nonsense to blame industrialists all the time. We voted politicians to fix thi‚Ä¶,"@bbbehera52 No one is looting india. It's all nonsense to blame industrialists all the time. We voted politicians to fix this, they slept and we kept on voting. So we are bound to suffer and this will continue.",Sat Aug 04 08:36:11 +0000 2018
McShaffy,"@chooaeb I am not sympathetic to even Akpabio because those folks steal us dry&amp;I pray he doesn't concede so he can be dragged to the EFCC to answer for all the looting. You see APC is sectional. If u are APC you'll be forgiven for your sins&amp;misdeeds, go to the opposition,u are a Satan",,Sat Aug 04 08:35:29 +0000 2018
dereksmall144,Burnt out general store demolished after Dundee youths‚Äô looting spree https://t.co/XDgU1g4t6e,,Sat Aug 04 08:35:23 +0000 2018
GreyWol75327187,"@latrademuz @arsenalcele @adeyanjudeji Don't bother, people only see what they want to see! For all the rubbish talk and negativity I still think the govt has done relatively well giving the circumstances and amount if snakes and rats in eat.. they are all gradually heading back home in Hope of resuming looting",,Sat Aug 04 08:35:03 +0000 2018
festokakonge,"RT @27GunsMovie: On the morning of 6th February 1981, a group of 42 people holding #27Guns and pistols stormed Kabamba barracks with an aim‚Ä¶","On the morning of 6th February 1981, a group of 42 people holding #27Guns and pistols stormed Kabamba barracks with an aim of looting guns that would be used for their protracted war on Apollo Milton Obote‚Äôs government. 
https://t.co/97EZ86yeyu",Sat Aug 04 08:34:57 +0000 2018
ashavinayaraj,RT @ashavinayaraj: @_SharmaSanjay @tavleen_singh I think the crooks are having a jolly good time under this govt: Looting and fleeing and o‚Ä¶,@_SharmaSanjay @tavleen_singh I think the crooks are having a jolly good time under this govt: Looting and fleeing and obtaining  foreign citizenship with govt complicity.  It's the common man who is uncomfortable and definitely not the crooks and so the criticism is growing by the day.,Sat Aug 04 08:33:09 +0000 2018
ashavinayaraj,@_SharmaSanjay @tavleen_singh I think the crooks are having a jolly good time under this govt: Looting and fleeing and obtaining  foreign citizenship with govt complicity.  It's the common man who is uncomfortable and definitely not the crooks and so the criticism is growing by the day.,,Sat Aug 04 08:33:02 +0000 2018
sarjubhai,"@bbbehera52 No one is looting india. It's all nonsense to blame industrialists all the time. We voted politicians to fix this, they slept and we kept on voting. So we are bound to suffer and this will continue.",,Sat Aug 04 08:31:34 +0000 2018
AffrinNaaz,"Gt prepared to vote on ballot papers..in Bihar it's going 2 b a nightmare..looting of booths.killings ill start all ovr again..in Urban areas majority of the ppl I'll nt turn up at the polling booth,Scared of violence..in rural India weakr section I'll nt b allowd to vote..üëç",,Sat Aug 04 08:31:24 +0000 2018
jdbroncos,"@Acosta @CNN Hundreds of pics and vids of the violence toward conservatives. Cops murdered. Riots. Looting. ü§°media is directly responsible for all of it. Your inflammatory narrative + ""fake news"" that you pump out non stop is sewage draining into the swamp. #CNNSUCKS https://t.co/favPy7tkOq",,Sat Aug 04 08:31:03 +0000 2018
TheArtGun,@RealmRoyale LOOTING IS NOT EXCITING AND SHOULDNT BE,,Sat Aug 04 08:30:53 +0000 2018
drseid,"RT @_Marcus_Tullius: @JohnJHarwood @CNBC In a future Ken Burns documentary, a man with a grave voice narrates: ‚ÄúHe lied so much that even h‚Ä¶","@JohnJHarwood @CNBC In a future Ken Burns documentary, a man with a grave voice narrates: ‚ÄúHe lied so much that even his hair and skin color were fake. He went on to preside over the most corrupt administration in the United States History, throughly looting the country he claimed to care about...‚Äù",Sat Aug 04 08:30:24 +0000 2018
SauravK23507100,RT @CaAmarKant: #AmrapliBuilderMafiaNoidaExt_BJPgovNexus_42000ChetdHomByr gov say EASE OF DOING BUSINESS but its EASE OF LOOTING PUBLIC MON‚Ä¶,#AmrapliBuilderMafiaNoidaExt_BJPgovNexus_42000ChetdHomByr gov say EASE OF DOING BUSINESS but its EASE OF LOOTING PUBLIC MONEY @narendramodi,Sat Aug 04 08:30:06 +0000 2018
SauravK23507100,RT @CaAmarKant: #AmrapaliBuilderMafiaNoidaExt_BJPgovNexus_42000CheatdHomByr all political parties corrupt &amp; looting country. Kala Angrej ru‚Ä¶,#AmrapaliBuilderMafiaNoidaExt_BJPgovNexus_42000CheatdHomByr all political parties corrupt &amp; looting country. Kala Angrej rule @narendramodi,Sat Aug 04 08:29:51 +0000 2018
M_A_Wolde,"RT @Ilma_AbbaaGadaa: Ethiopian postal service enterprise used to give 1 million birr per year sponsorship for blogger TPLF Dawit kebede, Aw‚Ä¶","Ethiopian postal service enterprise used to give 1 million birr per year sponsorship for blogger TPLF Dawit kebede, Awuramba Times editor. Now Dr Abiy admn halted such type of looting. Second to ENN, Awuramba Times is now dead.",Sat Aug 04 08:29:12 +0000 2018
entpsnisha,"@ash_kpal @TimesNow Are you sure now the present regimes are not looting. Story of UPA loot came out in public because they were amateur. 
Current BJP loot is not exposed because they ars professional and calculative. 
Sometimes smoke doesn't spread if the fire is deep and intensive",,Sat Aug 04 08:28:04 +0000 2018
Forgoteme,@ArvindKejriwal Haramzada kejari calling pm as gadDAR. tHIS BASTRDHAS DONE NOTHING EXCEPT LOOTING PUBLIC MONEY.,,Sat Aug 04 08:27:29 +0000 2018
76837e0184a84a7,"RT @jaganniwas: @ShekharGupta @DilliDurAst Oh yeah, scion of the family that's been looting the nation for decades and waging a barely conc‚Ä¶","@ShekharGupta @DilliDurAst Oh yeah, scion of the family that's been looting the nation for decades and waging a barely concealed war against Hindus is a 'victim'.",Sat Aug 04 08:25:50 +0000 2018
KPadmaRani1,RT @Kishan561: @DickDarryl @KPadmaRani1 @MahapatPravat @kukk44 @SGhodgerikar @hambhirao @AnthonySald @b_k70 @RanjitOne @Tamil1947 @priyanka‚Ä¶,"@DickDarryl @KPadmaRani1 @MahapatPravat @kukk44 @SGhodgerikar @hambhirao @AnthonySald @b_k70 @RanjitOne @Tamil1947 @priyankac19 This Bharatiya Jumla Party has not left looting the poor ppl below poverty level also on every connection they took 1500 rs from such poor ppl who don't hv money to feed there stomach it was not  free,more than 50% ppl don't hv money to buy refill n these stupid r celebrating",Sat Aug 04 08:25:00 +0000 2018
SaheedOlayiwo17,"RT @CorruptConcern: @chigoziemicha15 @HOAction @NGRPresident @MBuhari Skeleton was handed over to @MBuhari as Nigeria.
16 yrs of PDP lootin‚Ä¶","@chigoziemicha15 @HOAction @NGRPresident @MBuhari Skeleton was handed over to @MBuhari as Nigeria.
16 yrs of PDP looting in Nigeria is what PMB is fixing. We know that Buhari is going to build a prosperous Nigeria before the end of 2023!
#BuhariTill2023",Sat Aug 04 08:24:22 +0000 2018
itsR1RAJ,"‚Çπ 11,500 crore is not just fine but it is a  judicially approved robbery by banks. REMEMBER YOU BANKS ARE LOOTING PEOPLE'S HARD EARNED MONEY. https://t.co/niDgprkrAI",,Sat Aug 04 08:24:12 +0000 2018
AyoMusaobi,@benmurraybruce Your children are in USA!! Is Nigeria not good enough for your children? The same Nigeria is where you make the money of which no senator in world can collect the money guys are  paid ( plus looting) in Nigeria ...Nigeria senators highest paid in the world...common sense,,Sat Aug 04 08:24:05 +0000 2018
ogbe_john,"RT @nafeezi: Looters used 93 billion Naira to conduct the 2015 elections 

Mr integrity pretender wants to use 242.4 billion Naira to condu‚Ä¶","Looters used 93 billion Naira to conduct the 2015 elections 

Mr integrity pretender wants to use 242.4 billion Naira to conduct the 2019 elections 

Mr integrity pretender looting the country in geometric progression 

#BuhariIsAfraud",Sat Aug 04 08:23:43 +0000 2018
krishnakacker,@mantra563 @upma23 @ANI @sardesairajdeep @sunetrac Anderson seems to be another prophet of doom. RSS knows that an alternative to Modi at this time will be a return to misrule and looting to begin once again.,,Sat Aug 04 08:23:20 +0000 2018
sumit12dec,"@jetairways No surprise #jetairways share is gonna dip more and more, given cheating and looting of customers happening by them.
#nse #bse
https://t.co/Y7Wd0OE0em",,Sat Aug 04 08:22:28 +0000 2018
surajdamani,"@goibibo @lufthansa @makemytrip @jagograhakjago @iata2press @IATA
Plz check the snapshot below as see how these online travel agents are looting consumers... Authorities should take action against them https://t.co/ywdkdnoZHT",,Sat Aug 04 08:22:00 +0000 2018
_Marcus_Tullius,"@JohnJHarwood @CNBC In a future Ken Burns documentary, a man with a grave voice narrates: ‚ÄúHe lied so much that even his hair and skin color were fake. He went on to preside over the most corrupt administration in the United States History, throughly looting the country he claimed to care about...‚Äù",,Sat Aug 04 08:21:13 +0000 2018
Kishan561,"@DickDarryl @KPadmaRani1 @MahapatPravat @kukk44 @SGhodgerikar @hambhirao @AnthonySald @b_k70 @RanjitOne @Tamil1947 @priyankac19 This Bharatiya Jumla Party has not left looting the poor ppl below poverty level also on every connection they took 1500 rs from such poor ppl who don't hv money to feed there stomach it was not  free,more than 50% ppl don't hv money to buy refill n these stupid r celebrating",,Sat Aug 04 08:20:48 +0000 2018
aksy110798,@Philips Such a worst company philips become now a days. I have registered a complain about my t.v display issue and even after 3 months they haven't repair it and their service person never respond a call. They just playing with people money and looting us,,Sat Aug 04 08:20:14 +0000 2018
MachonaTawanda,"@TrevorNcube @iAmKudaMaynard Misplaced hate has brought us to this place. We have believed a lie,  the source of our hardships isn't an individual. Our hardships are because of a deliberately set up system that creates chaos, while we  fight each other, the creators of this system are busy looting.",,Sat Aug 04 08:20:00 +0000 2018
realvictorad,"RT @bolanle_cole: This is Command Road, IYANA IPAJA. 

Lagos is working
Ambode is working
Jagaban is looting.

#MakeLagosCleanAgain
#lagosn‚Ä¶","This is Command Road, IYANA IPAJA. 

Lagos is working
Ambode is working
Jagaban is looting.

#MakeLagosCleanAgain
#lagosnigeria https://t.co/1UqyTlYdHl",Sat Aug 04 08:15:52 +0000 2018
SSS_Kian,"RT @LonelyGoomba: @AndreSegers I know you hate Republicans and such but honestly, a lot of these opinions aren't really that unusual or unh‚Ä¶","@AndreSegers I know you hate Republicans and such but honestly, a lot of these opinions aren't really that unusual or unheard. Being against BLM and especially Antifa is not that unusual. I don't think I know anyone who actually supports Antifa at all. Also being against looting isn't racist",Sat Aug 04 08:13:50 +0000 2018
Rendynevondo,The looting of VBS was on steroids https://t.co/WWiTLQhGxX,,Sat Aug 04 08:13:16 +0000 2018
PrabhooDr,@RahulGandhi Totally fraud and hypocrites leaders. They have many Chowksi for looting.,,Sat Aug 04 08:13:09 +0000 2018
Abaware1,@MigunaMiguna @UKenyatta @RailaOdinga @WilliamsRuto What happened to the money we raised for you? That's also another form of looting.,,Sat Aug 04 08:12:14 +0000 2018
shahbabar,It is west who's forcing them by disturbing and looting their land https://t.co/iWrZvLelo9,,Sat Aug 04 08:11:49 +0000 2018
nuelsonGee,@Adebayoraph @DrJoeAbah The only thought some people now have for Nigeria is about LOOTING and nothing more.,,Sat Aug 04 08:11:13 +0000 2018
_Sideman44,"It is well established that you are a racist operating under the cover of being 'concerned with corruption, rampant public sector looting'

Oh, how can 1 forget your lobbying for destruction of public sector?

""Public sector is bloated and bleeding cash..."" https://t.co/cJn1F2nGMN",,Sat Aug 04 08:10:33 +0000 2018
politicalrod,RT @McKenzieAl: Hitler was a thinker. The SS &amp; SA just wanted to discuss their ideas. Looting shops &amp; burning books was just exercising cho‚Ä¶,"Hitler was a thinker. The SS &amp; SA just wanted to discuss their ideas. Looting shops &amp; burning books was just exercising choices. Street executions was reaching a national consensus. And it all started off the worthy ideal called ""free speech"" https://t.co/9Z9KrDi1zS",Sat Aug 04 08:09:49 +0000 2018
mo4five,@billmaher Best show ever! We need more. We must stop the looting &amp; destruction of America.,,Sat Aug 04 08:07:34 +0000 2018
stan_aubyn,@yuna2uk @GabbyDarko What do you wanna see happening? Manna fallen from the sky? The appropriate macro-economic fundamentals have and are being put in place. Do you prefer looting of state covers?,,Sat Aug 04 08:06:55 +0000 2018
athyrostomos,"The ‚Äúeuro-canadian‚Äù wanna-be mayor of #Toronto alongside the neonazi thug of GoldenDawn.

FYI, apart from other crimes, Golden dawn‚Äôs nazis were caught looting the burned houses during the #attica fires.

#PrayforToronto for such hateful political candidates https://t.co/RyiS4NnWIc",,Sat Aug 04 08:06:39 +0000 2018
BnUmarSaeed,@Chxta Rantings of the perfidious slaves of unrepentant thieves in looting contraption called pdp.,,Sat Aug 04 08:06:38 +0000 2018
Rajkuma71578700,"RT @Vaishaly_patil: @jeblootli ‡§® ‡§ñ‡§æ‡§ä‡§Ç‡§ó‡§æ ‡§® ‡§ñ‡§æ‡§®‡•á ‡§¶‡•Ç‡§Ç‡§ó‡§æ ‡§ï‡•Ä ‡§¨‡§æ‡§§ ‡§ï‡§∞‡•Ç‡§Ç‡§ó‡§æ ‡§≤‡•á‡§ï‡§ø‡§® ‡§¶‡•ã‡§∏‡•ç‡§§ ‡§Ö‡§ó‡§∞ ‡§≤‡•Ç‡§ü ‡§ï‡§∞ ‡§ï‡•á ‡§≤‡•á ‡§ú‡§æ‡§è ‡§§‡•ã ‡§â‡§∏‡•á ‡§®‡§π‡•Ä‡§Ç ‡§∞‡•ã‡§ï‡•Ç‡§Ç‡§ó‡§æ‡•§

https://t.co/bV3c‚Ä¶","@jeblootli ‡§® ‡§ñ‡§æ‡§ä‡§Ç‡§ó‡§æ ‡§® ‡§ñ‡§æ‡§®‡•á ‡§¶‡•Ç‡§Ç‡§ó‡§æ ‡§ï‡•Ä ‡§¨‡§æ‡§§ ‡§ï‡§∞‡•Ç‡§Ç‡§ó‡§æ ‡§≤‡•á‡§ï‡§ø‡§® ‡§¶‡•ã‡§∏‡•ç‡§§ ‡§Ö‡§ó‡§∞ ‡§≤‡•Ç‡§ü ‡§ï‡§∞ ‡§ï‡•á ‡§≤‡•á ‡§ú‡§æ‡§è ‡§§‡•ã ‡§â‡§∏‡•á ‡§®‡§π‡•Ä‡§Ç ‡§∞‡•ã‡§ï‡•Ç‡§Ç‡§ó‡§æ‡•§

https://t.co/bV3cz79fHE",Sat Aug 04 08:04:30 +0000 2018
CogDis_eBooks,"Hello? Who is this? I seem to have crashed here on a meteor...
What? This is your cave? (I'd better stop looting the place...)",,Sat Aug 04 08:02:33 +0000 2018
KapilSibalteam,"‡§® ‡§ñ‡§æ‡§ä‡§Ç‡§ó‡§æ ‡§® ‡§ñ‡§æ‡§®‡•á ‡§¶‡•Ç‡§Ç‡§ó‡§æ ‡§ï‡•Ä ‡§¨‡§æ‡§§ ‡§ï‡§∞‡•Ç‡§Ç‡§ó‡§æ ‡§≤‡•á‡§ï‡§ø‡§® ‡§¶‡•ã‡§∏‡•ç‡§§ ‡§Ö‡§ó‡§∞ ‡§≤‡•Ç‡§ü ‡§ï‡§∞ ‡§ï‡•á ‡§≤‡•á ‡§ú‡§æ‡§è ‡§§‡•ã ‡§â‡§∏‡•á ‡§®‡§π‡•Ä‡§Ç ‡§∞‡•ã‡§ï‡•Ç‡§Ç‡§ó‡§æ‡•§
#MehulChoksi #ModiLies
https://t.co/G8ZLbmA9DC",,Sat Aug 04 08:01:54 +0000 2018
DannySmok,"Project Zomboid Private Multi-Player
Looting A Warehouse!
Also Background Audio Corrupted... https://t.co/96e8HxWF87",,Sat Aug 04 08:01:54 +0000 2018
SensitiveSam,"RT @solomonapenja: Prof. Soyinka sounds as though there isn't looting going on right now.

For an intellectual such as he, his aversion to‚Ä¶","Prof. Soyinka sounds as though there isn't looting going on right now.

For an intellectual such as he, his aversion to the truth and proclivity to partisanship is very disappointing. Isn't Lagos being looted? Wasn't his friend from Rivers a loot? https://t.co/4HkwMdS9je",Sat Aug 04 08:01:41 +0000 2018
gondalpatriot,"@IrshadBhatti336 Lust for wealth, lost their memory, now MEDIA, intellectual, social media play role to DENY OPPORTUNITIES OF LOOTING NATIONAL WEALTH BY ANYONE WHOSOEVER HE MAY BE, PLAY ROLE OF GUARDIAN OF NATION IN YOUR OWN DOMAIN.",,Sat Aug 04 08:00:43 +0000 2018
TheFace34,"RT @mike_superb: Retrenchments are the result of what is happening in our country , the crime , the strikes , the looting , corruption , vi‚Ä¶","Retrenchments are the result of what is happening in our country , the crime , the strikes , the looting , corruption , violent protests , the uncertainty about land , all this affects our economy which affect jobs , for every action there is a reaction",Sat Aug 04 08:00:39 +0000 2018
newgameplusbot,"Final Fantasy Tactics starring a looting manta ray, where you change into a naga.",,Sat Aug 04 08:00:02 +0000 2018
Dilchasp_Batein,What BJP HAS LOOTED INDIA IN 4 YEARS.....IS CONGRESS MAY NOT LOOT IN 100 YEARS...MODIS LOOTING AND FLTING AWAY FROM INDIA. ANTI-NATIONALS,,Sat Aug 04 07:59:34 +0000 2018
devarajgs,@cpronammametro metro and its parking area built on govt land with tax payers money. why do we need to pay such a high parking fees? Is it a pvt land? everyone is interested in looting public.,,Sat Aug 04 07:58:48 +0000 2018
DrPrasadVA,"RT @DrGarekar: Voters ought to boycott ballot papers,,,for polls,,it is easy to rig them or looting them ,,,#EVM is present and future,,,,i‚Ä¶","Voters ought to boycott ballot papers,,,for polls,,it is easy to rig them or looting them ,,,#EVM is present and future,,,,it is consumer friendly ,,,it is voters right ,,",Sat Aug 04 07:57:27 +0000 2018
kruder69,@africasacountry @mailandguardian @van1go There r ppl marching n defending JZ his Presidency was an epitomy of corruption opened floodgates of looting. Mbeki n Mandela left gov n SOEs healthy proven! He build his castle n gave his fam n friends state purse (RET) some of his supporters today r in parly wearing red.,,Sat Aug 04 07:57:15 +0000 2018
ugandaonline,"Two nursing injuries after police used tear gas and bullets to disperse the crowd that had turned rowdy, locals resorted to looting and destroying equipment as they tried to get some Bryan White money... https://t.co/uAxASdN6GN",,Sat Aug 04 07:57:00 +0000 2018
Muhinzudiyni,"@benmurraybruce Water and garri, tell us your acheivement since you've been in political post and stop this Buhari! Buhari!!. Like we don't know you are looting the economy in general.

#assassin burray",,Sat Aug 04 07:56:46 +0000 2018
lionofpolitics,@ChukaThaBoss @braveyellk @ProfOsinbajo I tire o! These frustrated he goats that are pawns to those blocked from looting public funds be talking trash.,,Sat Aug 04 07:55:49 +0000 2018
tajudine2013,"RT @LarryFash47: @Adebayoraph @tanwaashiru If Budgeting Money for Election will disallow Looting for Election,it's quite better than unlawf‚Ä¶","@Adebayoraph @tanwaashiru If Budgeting Money for Election will disallow Looting for Election,it's quite better than unlawful process.",Sat Aug 04 07:55:48 +0000 2018
AllHellOnWheels,RT @simaxis: The looting carries on unbridled  https://t.co/LyK635efFZ,The looting carries on unbridled  https://t.co/LyK635efFZ,Sat Aug 04 07:54:46 +0000 2018
gondalpatriot,"@DrAliya7 @theab13 Confirmed without any doubt, have COMMON INTEREST OF ‚Äú looting national wealth‚Äù",,Sat Aug 04 07:53:57 +0000 2018
mphen82,@SABCNewsOnline @Julius_S_Malema At least he makes his money HONESTLY without looting or stealing anyone‚Äôs money.,,Sat Aug 04 07:53:34 +0000 2018
solomonapenja,"Prof. Soyinka sounds as though there isn't looting going on right now.

For an intellectual such as he, his aversion to the truth and proclivity to partisanship is very disappointing. Isn't Lagos being looted? Wasn't his friend from Rivers a loot? https://t.co/4HkwMdS9je",,Sat Aug 04 07:53:34 +0000 2018
karanjain2009,@TheOfficialSBI looting common people to recover their NPA‚Äôs,,Sat Aug 04 07:53:29 +0000 2018
jaami_ameen,"@renoomokri No one which to go back to era of PDP who met cement at N20 but left it at N2000! Michelin, Bata,and all companies on ground in 1999 left Nigeria during the looting era of PDP.",,Sat Aug 04 07:52:28 +0000 2018
ChingasDominguz,That's the only reason they left them in your country so they could get the vote I don't care how many women and children they rape people they run down stabbing looting stealing it doesn't matter to them just a vote to keep them in power that's all just like here in America ! https://t.co/xl9ivQf7oE,,Sat Aug 04 07:52:26 +0000 2018
ValshDan,@_wunderwood_ @McFaul @CarnegieEndow You should know that Israel doesn't give up its kind even after the grave crimes. UK doesn't give up to Russia but will extradite to US. US authorities have a lot of questions for that crook that used to praise Putin while looting Russia. Tax evasion is very serious crime in US.,,Sat Aug 04 07:51:07 +0000 2018
mrkevinzen,"RT @hopbin: @JulieOwenMoylan MI5‚Äôs maxim is that society is ‚Äúfour meals away from anarchy‚Äù. In other words, the security agency believes th‚Ä¶","@JulieOwenMoylan MI5‚Äôs maxim is that society is ‚Äúfour meals away from anarchy‚Äù. In other words, the security agency believes that Britain could be quickly reduced to large-scale disorder, including looting and rioting in the event of a catastrophe that stops the supply of food.",Sat Aug 04 07:50:20 +0000 2018
The_Seeker76,"RT @Debola0000: @ladyoutshine @olamaxxwell @AMADICHIMA @The_Seeker76 Just like that ?
After 16yrs of massive looting and corruption? 
Easie‚Ä¶","@ladyoutshine @olamaxxwell @AMADICHIMA @The_Seeker76 Just like that ?
After 16yrs of massive looting and corruption? 
Easier said than done..",Sat Aug 04 07:50:02 +0000 2018
MapesDominic,I added a video to a @YouTube playlist https://t.co/jrzvrsJ9n5 HOSPITAL LOOTING | 7 Days To Die Part 7,,Sat Aug 04 07:49:48 +0000 2018
kanumarath,"@sagarikaghose Why didn't you moot this when you where at helm ,you had access to 10 Janpath .You were in good books . Didn't see any blood boil when they were looting the country .",,Sat Aug 04 07:48:32 +0000 2018
omerhamayun1,@AlliedSchools1 why u people r looting people by charging 500 rs as Air conditioning charges. Stop doing this mess with people of pakistan. One of my friend has sent me the fee voucher of his kid which shows 500rs a.c charges. Shame!,,Sat Aug 04 07:46:51 +0000 2018
IndieGameAllies,Stop by Booth #253 at #GenCon2018 and pick up Looting Atlantis by @shootagaingames for just $40 now! https://t.co/Jo3gQMUl14,,Sat Aug 04 07:44:03 +0000 2018
SHADABA14754773,@AtulNegiUK @nitchandra82 @NoidaAuthority @dmnoidacircle @UPGovt @myogiadityanath @dr_maheshsharma @PMOIndia @narendramodi @aajtak @ZeeNews @abpnewstv @noidapolice @SLBWAssociation @ZeeNewsHindi Stop stop looting our hard earned money,,Sat Aug 04 07:42:36 +0000 2018
LakhaNakodar,"RT @withRG: Our farmers are committing suicides but Modi-Shah duo is busy in foreign tour and looting money, in place of helping them. #Sca‚Ä¶","Our farmers are committing suicides but Modi-Shah duo is busy in foreign tour and looting money, in place of helping them. #ScamsterShah 
https://t.co/90F8TLTTqO",Sat Aug 04 07:42:22 +0000 2018
NzouJnr,@MbuyiseniNdlozi EFF thrives on dumb disenfranchised people that have no ambition beyond looting and entitlement. Those are the lazy elements that don‚Äôt want to work but rather blame the government for not building them RDP houses.,,Sat Aug 04 07:41:30 +0000 2018
amrud_aadmi,"RT @mnshzz: His govt is also
1) not reimbursing RTE dues owed to H schools and carrying out a all round harassment of H running schools 
2)‚Ä¶","His govt is also
1) not reimbursing RTE dues owed to H schools and carrying out a all round harassment of H running schools 
2) looting H temples
3) launching new appeasement schemes https://t.co/t9aJIAeEHC",Sat Aug 04 07:38:38 +0000 2018
IYCWestBengal,RT @srinivasiyc: And now PM Modi and BJP are busy looting the public even more with the LPG price hike. India will give an answer to the BJ‚Ä¶,"And now PM Modi and BJP are busy looting the public even more with the LPG price hike. India will give an answer to the BJP in 2019 for all the injustice it has done with the people.

https://t.co/OHlWWZIbcn",Sat Aug 04 07:38:37 +0000 2018
surajdamani,@goibibo @lufthansa @jagograhakjago @makemytrip u guys are big cheats who are simply looting the customers by stating wrong facts... Cancellation charges claimed by you is all false... Time there should be an enquiry https://t.co/GMHXPDOPfa,,Sat Aug 04 07:37:45 +0000 2018
FaithGolds,"RT @MigunaMiguna: This is worse than a farce. Two Kikuyu cartel surrogates - Kimani and Mwangi - are ""FORMing"" a ""new Kenya"" on behalf of O‚Ä¶","This is worse than a farce. Two Kikuyu cartel surrogates - Kimani and Mwangi - are ""FORMing"" a ""new Kenya"" on behalf of ORGANIZED criminal gangsters looting our resources, violating our human rights, and trapping future generals to a life of slavery?  https://t.co/aoFQRiWUrc",Sat Aug 04 07:37:08 +0000 2018
aliya_hamza,RT @Faisal_kp1: @ImranKhanPTI Looting the country for over 30 years in not ZULAM. Every Pakistani is in 1Lack RS in debt in not ZULAM. PAK‚Ä¶,"@ImranKhanPTI Looting the country for over 30 years in not ZULAM. Every Pakistani is in 1Lack RS in debt in not ZULAM. PAK has no Electricity is not ZULAM. PIA has been bankrupt is not ZULAM. People are dying from poverty is not ZULAM but NS sweating in Jail is ZULAM
#NawazSharifParZulmKyun",Sat Aug 04 07:36:59 +0000 2018
Ali39320283,@MarriyumTeam @SarahJawadKhan And Patwaarees chorrs sitting in London......are on no......1 ......in looting Pakistan,,Sat Aug 04 07:35:45 +0000 2018
FaithGolds,"RT @MigunaMiguna: Manu Chandaria is supposed to be the wealthiest private individual in Kenya outside the looting Kenyatta, Moi and Kibaki‚Ä¶","Manu Chandaria is supposed to be the wealthiest private individual in Kenya outside the looting Kenyatta, Moi and Kibaki oligarchies. He has made all his billions from EXPLOITING ordinary Kenyans, yet, he still exhibits the most rabid racism.  https://t.co/a081MeNnvN",Sat Aug 04 07:35:31 +0000 2018
AamAadmi_Pune,"RT AapEnvironment: So all of AUThackeray claims of supporting #SaveAarey are fake. 

MPCB, which comes under ShivSena Environment Ministry (iramdaskadam ) gives go ahead to Metro Shed in Aarey. 
Shivsena and BJP are partners when it comes to looting #Mum‚Ä¶ https://t.co/iOo6h0TB4g",,Sat Aug 04 07:35:24 +0000 2018
____Looting,@maho_aya__ „Åø„ÄÅË¶ã„Å¶„Å™„ÅÑ„ÅåÔºÅ„Åù„Çå„Å´‰Ωï„Åã„Åì„ÅÜ‚Ä¶„Å£„Å¶„Åì„ÅÆÂæåÊ∞ó„Å´„Å™„ÇãË®Ä„ÅÑÊñπ„Åó„Åü„Å†„Çç,,Sat Aug 04 07:32:15 +0000 2018
AtulNegiUK,"@nitchandra82 @NoidaAuthority @dmnoidacircle @UPGovt @myogiadityanath @dr_maheshsharma @PMOIndia @narendramodi @aajtak @ZeeNews @abpnewstv @noidapolice @SLBWAssociation Stop looting our hard earned money.. give us our home or return our money.. plz take hard action against shubhkamna advert and Kindle developers.. noida sector 79.. Lords project..
@PMOIndia @myogiadityanath @NoidaAuthority @ZeeNewsHindi @aajtak",,Sat Aug 04 07:31:48 +0000 2018
RachelleTob,"@phofane @MmusiMaimane @work So where do you propose they get money for expensive mining equipment and operations? Considering we are so badly in debt due to looting, we are practically bankrupt.",,Sat Aug 04 07:31:26 +0000 2018
maho_aya__,"@____Looting „Çà„ÅèÁßÅ„ÅÆÈ°î„ÇíË¶ã„Å¶„ÅÑ„Çã„Çà„ÅÜ„Åß
‰Ωï„Å®„Å™„Åè„Åß„Åô",,Sat Aug 04 07:30:43 +0000 2018
mailandguardian,The family trust of former VBS Mutual Bank chairperson Tshifhiwa Matodzi was allegedly paid nearly R5-million from Vele Investments‚Äô heist of money from VBS bank. https://t.co/flHzVUcWHL,,Sat Aug 04 07:30:12 +0000 2018
Lord_Taki_J,RT @hollaQnlay: @_Ortodox very sad story. the deceased had to be rushed to the hospital by someone else who arrived the scene. People also‚Ä¶,@_Ortodox very sad story. the deceased had to be rushed to the hospital by someone else who arrived the scene. People also had to intervene to stop the police from further looting of his personal belongings. very sad,Sat Aug 04 07:29:57 +0000 2018
AndreJordaan8,"RT @Pyrethrum58: The ANC Gov has totally fucked SA through incompetent management, looting, thieving, corruption et al &amp; have chased away i‚Ä¶","The ANC Gov has totally fucked SA through incompetent management, looting, thieving, corruption et al &amp; have chased away investment. Where will it end? Implats obviously wants to restructure in order to survive! https://t.co/EVee24GhIs",Sat Aug 04 07:26:49 +0000 2018
BatBrained,"@AltruisticBat + head is killing him. Unblinkingly, he swallows two pills dry before passing the ibuprofen back. ‚ùù Gangs. Looting, brawling... but this suburb has been made an oasis for survivors, and Nightwing has trusted me to keep it that way. ‚ùû",,Sat Aug 04 07:26:13 +0000 2018
Pablomo20882332,@ijaola_ibrahim @OduUmueri It's gonna be a real PDP WW3 between all greedy people that has nothing to offer Nigeria than looting the nation,,Sat Aug 04 07:25:25 +0000 2018
sangeetasingh77,@TapanGhoshDa @peepal59 @timesofindia How did she make that money? Obviously she has been looting India.,,Sat Aug 04 07:24:37 +0000 2018
LarryFash47,"@Adebayoraph @tanwaashiru If Budgeting Money for Election will disallow Looting for Election,it's quite better than unlawful process.",,Sat Aug 04 07:23:34 +0000 2018
MotorsPride,RT @benfcampen: Looting is not a new thing for Americans https://t.co/PYRhXuDrzD,Looting is not a new thing for Americans https://t.co/PYRhXuDrzD,Sat Aug 04 07:23:27 +0000 2018
ashiqali56,"RT @ShahidMursaleen: He founded the system of political corruption
He made corruption an industry for all elites
He made a system of buying‚Ä¶","He founded the system of political corruption
He made corruption an industry for all elites
He made a system of buying politicians, media houses, judges, police, hitmen, radicals &amp; terrorists
They all protected his politics of corruption &amp; looting.

 #NawazSharifParZulmKyun",Sat Aug 04 07:22:57 +0000 2018
FrankfromCPT,@SimonPGrindrod '..backbone went missing'? Are you saying he showed one while (as deputy president) he watched on as Zuma and co were looting the country away? Still to be proved he has one at all,,Sat Aug 04 07:21:37 +0000 2018
Kdpointman,@SABCNewsOnline I just get the feeeling there is a campaign starting against Gordhan again. He is stopping looting in the SOEs and many people are loosing out.,,Sat Aug 04 07:21:37 +0000 2018
brusingbot,https://t.co/tTLACEN3g9 has brought the maybem with her to the sea looting and shooting sailing the days away go say arr,,Sat Aug 04 07:20:53 +0000 2018
Deepchawla22,RT @CAsajalgupta: @FightForRERAInd @MamataOfficial @narendramodi @HardeepSPuri @MoHUA_India @Secretary_MoHUA @TOIIndiaNews @manishanataraj‚Ä¶,@FightForRERAInd @MamataOfficial @narendramodi @HardeepSPuri @MoHUA_India @Secretary_MoHUA @TOIIndiaNews @manishanataraj @dipakdashTOI @cmohry and mamta are no different.. both are corrupt and inactive .. and are puppets of builders mafia.. enjoying and looting the public...,Sat Aug 04 07:20:36 +0000 2018
desi_dime,We'll be there for you 'cause you're there for us too... In looting great deals.‚ù§Ô∏è Tag those friends who help you find great deals üòâ Visit and share your friendship moments &amp; win Amazon Voucher &gt;&gt; https://t.co/ekfg0faqWQ https://t.co/tv2SoTWYh6,,Sat Aug 04 07:20:34 +0000 2018
____Looting,@maho_aya__ „Å™„Çâ‰Ωï„ÅßÊ∞ó„ÅÆ„Åõ„ÅÑ„Å®Ë®Ä„Å£„Å¶ÁõÆ„ÇíÈÄ∏„Çâ„Åó„Åü„Çì„Å†„Çà(„Åò„Éº,,Sat Aug 04 07:20:26 +0000 2018
janer98,"RT @saoirse161616: @Americas_Crimes there are some Europeans there now looting and stealing,i cant say anymore for legal reasonsüòâüòâ","@Americas_Crimes there are some Europeans there now looting and stealing,i cant say anymore for legal reasonsüòâüòâ",Sat Aug 04 07:19:39 +0000 2018
Ahmedmi1Ahmed,@pooyamahrad @Ali_Rafee8 The reason for the destruction of Iraq and the looting of Iraq's goods is Iran. Iran is exiting Iraq and my country,,Sat Aug 04 07:18:06 +0000 2018
topyperry,"@MobilePunch Only a Looter chooses among the looters.Nigerians are not,you are,so make ur choice.after 16years of maximum looting of our national treachery its wickedness,shamelessness and insult of highest order to ask us to vote u gain.we know who u are",,Sat Aug 04 07:17:12 +0000 2018
drsatish0380,RT @HomeBuyerFights: @mrehanasad79 @guy4mKnp @amrapalihaihai @ndtv @ddatta16 @khan_aazi @shaireen_khan @NoidaFlatBuyers @asadbilalmohd We r‚Ä¶,@mrehanasad79 @guy4mKnp @amrapalihaihai @ndtv @ddatta16 @khan_aazi @shaireen_khan @NoidaFlatBuyers @asadbilalmohd We request for a #capitalPunishement of #criminalDevelopers #looting and #diverting our hard earned money for their #luxury and we are bound to live in a #dangerous and #lowquality #apartments,Sat Aug 04 07:16:19 +0000 2018
pastmaster4all,"@supapraise @Princeola82 @DanielDisu1 @ShehuSani Our backwardness finds expression in opinions, should Sani have closed his eyes to injustices in the country under the watch of his party in the name of party loyalty or should he have defected to the to a party synonymous to looting since its a season of defection?",,Sat Aug 04 07:16:18 +0000 2018
dubeu_rakesh,"RT @JOHN_VHORA: Goodbye, old laws: Modi government scraps 1,200 redundant Acts, 1,824 more identified for repeal

ONLY MODI GOVT HAS TIME T‚Ä¶","Goodbye, old laws: Modi government scraps 1,200 redundant Acts, 1,824 more identified for repeal

ONLY MODI GOVT HAS TIME TO STUDY AND ACT

IN PAST CRIMINALS NETA WERE BUSSY LOOTING US FULLY. 

SURE YOUR APPEAL TO MR PRASAD JI WILL DO GOOD EFFECT FOR US https://t.co/T9Kbdd5zIB",Sat Aug 04 07:15:25 +0000 2018
maho_aya__,@____Looting Ê∞ó„ÅÆÊâÄÁÇ∫„Å™„ÅÆ„ÅßË®Ä„ÅÑ„Åæ„Åõ„Çì„Çà-,,Sat Aug 04 07:15:21 +0000 2018
kutu_wambua,"@wanyiksz @ppmasila @MboyaApollo @energy_ke @KenyaPower Job specialisation boss, unfortunately they have specialised in looting.",,Sat Aug 04 07:14:50 +0000 2018
agarwalishika26,RT @NaveenRKukreja: When you revive your friends instead of looting crates in PUBG! https://t.co/6xmqoGQ3hj,When you revive your friends instead of looting crates in PUBG! https://t.co/6xmqoGQ3hj,Sat Aug 04 07:14:34 +0000 2018
GVNagarajarao,@KTRTRS the malls and multiplex exploitation continues despite weights n measurement dept news.small popcorn RS.190/- no MRP but the highest looting by cine multiplex at attapur mantra,,Sat Aug 04 07:13:24 +0000 2018
jmhamiltonblog,jmhamiltonpublishing: The Great American Fiscal Rape (aka The Looting of... https://t.co/MgL9w2bTio,,Sat Aug 04 07:12:36 +0000 2018
khathu1mad,RT @mailandguardian: A former VBS Mutual Bank boss only found out about alleged plundering of R1.5-billion from the institution just before‚Ä¶,"A former VBS Mutual Bank boss only found out about alleged plundering of R1.5-billion from the institution just before it was placed under curatorship, an advocate in his defence told the high court. https://t.co/1LWd3ulmih",Sat Aug 04 07:12:02 +0000 2018
dakarlbkk,"RT @innercitypress: NEW LOW: As UN Still Bans Inner City Press, It E-Asked SG @AntonioGuterres Flack Haq About #Cameroon Looting Soldiers S‚Ä¶","NEW LOW: As UN Still Bans Inner City Press, It E-Asked SG @AntonioGuterres Flack Haq About #Cameroon Looting Soldiers Serving UN in CAR and #DRC Katumbi and UN Security Cover-Up under Drennan, No Answers Contrary to @Alison_Smale's Claims https://t.co/UlExUB8CqE https://t.co/VPCCJh19hJ",Sat Aug 04 07:09:12 +0000 2018
missc263,"The Chinese would say that wouldn't they? So they can continue looting our resources in peace nxa. They need to just STFU!!

China urges Zimbabweans to 'respect' vote result https://t.co/Xh7iRt9HcM (via )",,Sat Aug 04 07:08:26 +0000 2018
mmaamah,"RT @OmosileAA: Looting made easy - Entrepreneurs funding made difficult - Nigeria
#fund5000YouwinConnectWinners 
#fund5000youwinconnectwinn‚Ä¶","Looting made easy - Entrepreneurs funding made difficult - Nigeria
#fund5000YouwinConnectWinners 
#fund5000youwinconnectwinners @sunrisedailynow @MobilePunch @channelstv @DailyPostNGR @HMKemiAdeosun 
#fund5000YouwinConnectWinners 
#fund5000YouwinConnectWinners",Sat Aug 04 07:06:56 +0000 2018
ncnewspaper1,‡§≤‡•Ç‡§ü ‡§ï‡•Ä ‡§µ‡§æ‡§∞‡§¶‡§æ‡§§‡•ã‡§Ç ‡§ï‡•ã ‡§Ö‡§Ç‡§ú‡§æ‡§Æ ‡§¶‡•á‡§®‡•á ‡§µ‡§æ‡§≤‡•á ‡§ó‡§ø‡§∞‡•ã‡§π ‡§ï‡•á ‡§∏‡§æ‡§§ ‡§¨‡§¶‡§Æ‡§æ‡§∂ ‡§ó‡§ø‡§∞‡§´‡•ç‡§§‡§æ‡§∞ https://t.co/7XO44LYT8T,,Sat Aug 04 07:05:43 +0000 2018
Pyrethrum58,"The ANC Gov has totally fucked SA through incompetent management, looting, thieving, corruption et al &amp; have chased away investment. Where will it end? Implats obviously wants to restructure in order to survive! https://t.co/EVee24GhIs",,Sat Aug 04 07:05:05 +0000 2018
MNKSshan,"RT @TamilGuardian: Today we mark 35 years since #BlackJuly the anti-Tamil pogrom of 1983, when Tamils were killed by Sinhala mobs, backed b‚Ä¶","Today we mark 35 years since #BlackJuly the anti-Tamil pogrom of 1983, when Tamils were killed by Sinhala mobs, backed by the UNP govt &amp; state forces. Armed with electoral rolls, mobs targeted Tamil homes &amp; businesses, looting and ransacking property. https://t.co/xUEGEjK6fN https://t.co/A4CocXDxEI",Sat Aug 04 07:05:02 +0000 2018
Tufailbhai786,"Seems #farooqabdullah has made a bungalow in jammu by looting the kashmiri people and New delhi. Kaha sae laya hai itna paisa, kis ka lahoo baha hai??? https://t.co/TQMLAoLRmU",,Sat Aug 04 07:03:35 +0000 2018
Just_praiz,"Damn this country is extremely rich gon, PDP looted for 16yrs while APC wow us by defeating the PDP in their looting ability in just 3yrs and yet we are still standing as a country. https://t.co/Axk1VHkAqk",,Sat Aug 04 07:02:50 +0000 2018
nwaegbe_nkem,@bolanle_cole It looks more to me like the 3 are working (sarcasm)  or the three are looting ( reality).,,Sat Aug 04 07:02:25 +0000 2018
brews_andrew,"@ComradeStar Ha ha ha really, Antifa good for property damage, looting, abusing locals, spray painting etc etc, but confrontation nah, time to go home for supper and talk about next mission with the rest of the prolateriot.....comedy gold.",,Sat Aug 04 07:02:16 +0000 2018
emir_aminson,Esok mesti jmpa sdah magni and modi. Bnyak masa terbuang sbb looting ja,,Sat Aug 04 07:01:59 +0000 2018
Jul_Nzu,"RT @AdvBarryRoux: Within weeks of being appointed president of SA, Cyril Ramphosa's government signed a renewable energy deal worth R55.92‚Ä¶","Within weeks of being appointed president of SA, Cyril Ramphosa's government signed a renewable energy deal worth R55.92 billion with independent power producers. Guess who one of the biggest independent power producers is...

The looting has started. Watch the space.. https://t.co/S3s85bBjnp",Sat Aug 04 07:01:47 +0000 2018
ManicDesigns_MS,Uzozwa bethi... https://t.co/t8GB0YYFS8,,Sat Aug 04 07:01:16 +0000 2018
mailandguardian,"A former VBS Mutual Bank boss only found out about alleged plundering of R1.5-billion from the institution just before it was placed under curatorship, an advocate in his defence told the high court. https://t.co/1LWd3ulmih",,Sat Aug 04 07:00:26 +0000 2018
surviveNprotect,Small Town and Rural Looting?  8/3/18 https://t.co/T9zuLyaup7,,Sat Aug 04 07:00:15 +0000 2018
ValiantNig,"Without being impartial, Sule Lamido is the most qualified to be PDP's candidate. He's never defected and never hidden his penchant for looting &amp; plundering!",,Sat Aug 04 06:59:10 +0000 2018
ann_arcana,"The face of American capitalism is looting your pension and calling it a ""gift"". https://t.co/a8tvHRVMN8",,Sat Aug 04 06:57:26 +0000 2018
NewbyFraser,@Trevornoah___ @MbawoLive Does everyone not realise that the Vat and price hike that Cyril have to implement are because of JZs (and friends) looting? Cause and effect!,,Sat Aug 04 06:56:25 +0000 2018
AapEnvironment,"So all of @AUThackeray claims of supporting #SaveAarey are fake. 

MPCB, which comes under @ShivSena Environment Ministry (@iramdaskadam ) gives go ahead to Metro Shed in Aarey. 
Shivsena and BJP are partners when it comes to looting #Mumbai https://t.co/3A8HcDIJcy",,Sat Aug 04 06:54:47 +0000 2018
gauravbarot,"#iwouldstandforthis  India needs a few stalwart men of characters to redeem its educational system and to stop the business of &amp; looting in the name of education. R YOU THE ONE? I AM, and the fight and pleasure both are mine!!

#SchoolFeeLoot #Gujarat #Odisha #Apeejaynoidaloot",,Sat Aug 04 06:51:38 +0000 2018
BP_Maurya,@AliExpress_EN will file a legal case against you to ban your operations in India. You people are looting us with no customer support.,,Sat Aug 04 06:51:36 +0000 2018
john_ofonime,@Adebayoraph That is looting in style üòÄüòÄüòÄ,,Sat Aug 04 06:51:22 +0000 2018
santoshsgnrINC,"‡§® ‡§ñ‡§æ‡§ä‡§Ç‡§ó‡§æ ‡§® ‡§ñ‡§æ‡§®‡•á ‡§¶‡•Ç‡§Ç‡§ó‡§æ ‡§ï‡•Ä ‡§¨‡§æ‡§§ ‡§ï‡§∞‡•Ç‡§Ç‡§ó‡§æ ‡§≤‡•á‡§ï‡§ø‡§® ‡§¶‡•ã‡§∏‡•ç‡§§ ‡§Ö‡§ó‡§∞ ‡§≤‡•Ç‡§ü ‡§ï‡§∞ ‡§ï‡•á ‡§≤‡•á ‡§ú‡§æ‡§è ‡§§‡•ã ‡§â‡§∏‡•á ‡§®‡§π‡•Ä‡§Ç ‡§∞‡•ã‡§ï‡•Ç‡§Ç‡§ó‡§æ‡•§

https://t.co/SnwFAzlAnZ",,Sat Aug 04 06:50:14 +0000 2018
maisibu1,@MurunguMutema @OpenSpaceZW i regret the loss of life but was in town the day those thugs started burning and looting m in hospital now because someone threw a missile at me  tell me waht was that,,Sat Aug 04 06:48:56 +0000 2018
sudhirjohry,"*‡§™‡•ç‡§∞‡§ß‡§æ‡§®‡§Æ‡§Ç‡§§‡•ç‡§∞‡•Ä ‡§ï‡§æ‡§∞‡•ç‡§Ø‡§æ‡§≤‡§Ø ‡§ï‡•ã ‡§™‡•Ç‡§∞‡•Ä ‡§ú‡§æ‡§®‡§ï‡§æ‡§∞‡•Ä ‡§•‡•Ä ‡§Æ‡•á‡§π‡•Å‡§≤ ‡§ö‡•å‡§ï‡§∏‡•Ä ‡§®‡•á ‡§¨‡•à‡§Ç‡§ï‡•ã‡§Ç ‡§ï‡•ã ‡§π‡§ú‡§º‡§æ‡§∞‡•ã ‡§ï‡§∞‡•ã‡§°‡§º ‡§ï‡§æ ‡§ö‡•Ç‡§®‡§æ ‡§≤‡§ó‡§æ‡§Ø‡§æ ‡§π‡•à ‡§´‡§ø‡§∞ ‡§≠‡•Ä ‡§â‡§∏‡•á ‡§∏‡§≠‡•Ä clearence ‡§¶‡•á ‡§¶‡•Ä "" ‡§≠‡§æ‡§ú‡§™‡§æ ‡§≠‡§ó‡•ã‡§°‡§º‡•ã‡§Ç ‡§ï‡•á ‡§∏‡§æ‡§• ‡§≠‡§ó‡•ã‡§°‡§º‡•ã‡§Ç ‡§ï‡§æ ‡§µ‡§ø‡§ï‡§æ‡§∏*
https://t.co/IHpR5EjXiE",,Sat Aug 04 06:47:17 +0000 2018
doobeedoo2,"3. Trump's very first Russian contact, whom I shall not name, also very involved in UJA &amp; Chabad, headed a re-election Giuliani campaign. He was an associate not just of the Reuben Bros &amp; Cherney--but also Marc Rich. How much $ did Rich/Glencore make from 90s looting of Russia?",,Sat Aug 04 06:44:39 +0000 2018
okeynnaed,"RT @UdokachiGab: KakakakaüòÄ i love your comparism. 
Biko tell me When and during what era was this milk and honey flowing, Was it during the‚Ä¶","KakakakaüòÄ i love your comparism. 
Biko tell me When and during what era was this milk and honey flowing, Was it during the looting period? 
Because i am not understanding. https://t.co/OBluaksXqu",Sat Aug 04 06:44:07 +0000 2018
knowled9etweet,Looting Áï•Â•™,,Sat Aug 04 06:43:36 +0000 2018
JOHN_VHORA,"Goodbye, old laws: Modi government scraps 1,200 redundant Acts, 1,824 more identified for repeal

ONLY MODI GOVT HAS TIME TO STUDY AND ACT

IN PAST CRIMINALS NETA WERE BUSSY LOOTING US FULLY. 

SURE YOUR APPEAL TO MR PRASAD JI WILL DO GOOD EFFECT FOR US https://t.co/T9Kbdd5zIB",,Sat Aug 04 06:42:54 +0000 2018
McQuertzo,"‚ÄúForget the accident or police looting‚Äù

First responders chose to loot the boy, instead of take him to a hospital? Imagine if he‚Äôd gotten there 15-30 minutes earlier. https://t.co/G2Ld3PKzAD",,Sat Aug 04 06:42:41 +0000 2018
TheSMletter,RT @JournalNEO: Waning Saudi Power. Russian-Saudi OPEC? Looting Artifacts in War | NEO Review: 52/18 https://t.co/5ynkb5csxq #politics #neo‚Ä¶,Waning Saudi Power. Russian-Saudi OPEC? Looting Artifacts in War | NEO Review: 52/18 https://t.co/5ynkb5csxq #politics #neo_video #neo_review #analysis https://t.co/v5aKMELfWg,Sat Aug 04 06:42:26 +0000 2018
bm97300317,"@Mazumdark @tathagata2 Congress &amp; Communist make the India and Indian History ,but RSS &amp; BJP are broken down the India by Lynching,Looting!
We know RSS supporters are really mad &amp; rootless because they are illiterate!
Because they want Only Jihaadi and mass killing!
But Congress &amp; Left love Humanity.",,Sat Aug 04 06:42:17 +0000 2018
ashwani86839796,"RT @Amlajuice: #Rupee is bieng taken as bribe and looting prisoners 
Is wasted by this #‡§ú‡§º‡•Å‡§≤‡•ç‡§Æ‡•Ä_‡§ú‡•á‡§≤‡§∞_‡§∂‡§Æ‡§∂‡•á‡§∞‡§¶‡§π‡§ø‡§Ø‡§æ 
In jail https://t.co/JPRC4‚Ä¶","#Rupee is bieng taken as bribe and looting prisoners 
Is wasted by this #‡§ú‡§º‡•Å‡§≤‡•ç‡§Æ‡•Ä_‡§ú‡•á‡§≤‡§∞_‡§∂‡§Æ‡§∂‡•á‡§∞‡§¶‡§π‡§ø‡§Ø‡§æ 
In jail https://t.co/JPRC4e5SzD",Sat Aug 04 06:42:03 +0000 2018
Debola0000,"@ladyoutshine @olamaxxwell @AMADICHIMA @The_Seeker76 Just like that ?
After 16yrs of massive looting and corruption? 
Easier said than done..",,Sat Aug 04 06:40:56 +0000 2018
RKRadhakrishn,How does it justify looting the common man now? Or is it your argument that since the Congress allowed the loot Bjp too should do the same? https://t.co/EkuEQJoYAn,,Sat Aug 04 06:40:16 +0000 2018
brews_andrew,"@Kherman112 @ComradeStar Yep turn tail and run. Antifa are all about smashing property and looting, spray painting property and abusing locals. They can't handle confrontation because it takes effort.",,Sat Aug 04 06:37:43 +0000 2018
aiswaryavenkat,"@RKRadhakrishn @sindhan @BJP4India If one looses 500 in a year the total will cross many thousand crores. But, those who default and fugitive are the gainers and the poor is the loose. Good looting bharat plan by Modi and Jaitely.",,Sat Aug 04 06:37:20 +0000 2018
Ali_answers,"Mafia partnering up again , their looting business is at risk .#ppp #PMLN
€ÅŸÖ€îÿ®⁄æŸàŸÑ ÿ¨ÿßÿ¶€í €å€Å €ÅŸà ŸÜ€Å€å⁄∫ ÿ≥⁄©ÿ™ÿß€î
ÿ™ŸÖ ÿ®⁄æŸàŸÑ ÿ¨ÿßÿ§ÿå €å€Å €ÅŸÖ €ÅŸàŸÜ€í ŸÜ€Å€å⁄∫ ÿØ€å⁄∫ ⁄Ø€í€î https://t.co/WGNGy2mLuT",,Sat Aug 04 06:36:28 +0000 2018
TunzH,@MobilePunch Are they not tired of looting? Wanted more? Demonstration of crazy,,Sat Aug 04 06:35:20 +0000 2018
ubsammy,"@purrples I still confident in them looting and Nigeria wasn't poorest country alive, if only they will come back and loot and give us our fuel for #87 and take a bag of rice back to 6k and dollar to 160. Not this tyranny of a fraud govt we are having.",,Sat Aug 04 06:33:16 +0000 2018
zeusmightyoh,@i_am_ltc @nelsonchamisa Shut your retarded ass up and loot whatever you are looting in silence,,Sat Aug 04 06:32:41 +0000 2018
AsserNtinda,@SakariaTaapopi2 @ngurare You should go back to your profession to rescue us my brother. We are in shit. Our leaders are just busy looting our resources. They care less about our wellbeing.,,Sat Aug 04 06:31:47 +0000 2018
foolforwannie,"RT @__simplycindy__: K y‚Äôall, vote no to looting and yes to caging Seulgi cause 1) joyri gotta carry an injured dog with them if they loot‚Ä¶","K y‚Äôall, vote no to looting and yes to caging Seulgi cause 1) joyri gotta carry an injured dog with them if they loot and 2) it may be safer for everyone if Seulgi is caged cause she won‚Äôt turn over night and she won‚Äôt be stressed about hurting the others https://t.co/iLuWmkcEnV",Sat Aug 04 06:29:27 +0000 2018
TheoMarx1,"@ewnupdates It's a business run on business principles by business people, unlike @MYANC 's parastatals that is run by looting criminals.",,Sat Aug 04 06:28:36 +0000 2018
FaithGolds,"RT @MigunaMiguna: We are going to speak the truth and fight for justice FEARLESSLY no matter how upset or uncomfortable the tyrants, cartel‚Ä¶","We are going to speak the truth and fight for justice FEARLESSLY no matter how upset or uncomfortable the tyrants, cartels and their sycophants feel. Kenya does not belong to @UKenyatta, @RailaOdinga, @WilliamsRuto, Daniel arap Moi and their looting families and/or cronies. Viva!",Sat Aug 04 06:28:24 +0000 2018
mwauraedward,@therealgakio thats also my thinking.Africans cannot lead themselves.Our leaders looting there own countries to invest in the west.Their families go to schools and hospitals in the west because they do trust their own facilities.,,Sat Aug 04 06:27:40 +0000 2018
fehmeena,"@Gubomaster @SunilKandalkar4 @GoogleWaalaBhai @JesusvsPaul @DingolaphiDingy @shaikrehman997 @nimish40832076 @MRazack26 @HindutvaMemes @DrChesterCook @Thegrtdictator @SpoonMatrix @Khan_Pune @Budrus_Dhuliman @MOBO_FA @Kaal15453445 @chriterz @Mohamed36096428 @ChilledFlame911 @DjieKarina @SufianBabri @CHYREN333 @SHADOWAEMEH @BiblicalME2 @halabi912 @issu_assenjee @japvanvugt @EsRevorTeR @leena_dajani @Guds_barn @UrielMahdi @nmys @Truthr @Perfect_Gntlman @ProWhiteMedia @ToilsomeOlive @jaikishan56 @SophiaFHL @KGstonx @naureens111 @sanatandesh1 @govindkumarch @Shineninenine @half_amazing10 @Alumany65 @LazrusPo @ShilpiTiwari5 @siyawardas Now who is that? Btw ghazwa hind is as much a ploy to justify Hindu crimes-rioting, looting, raping, spreading fake news etc as the
 üêÑ terrorists' accusations against innocent muslims before lynching them on the streets!",,Sat Aug 04 06:26:54 +0000 2018
NdanetaT,"@MosiOaThunya @MphoMolepo_ @mabamu1 @MakhuzaSlow @TapoNdawa @brettMashuro @edmnangagwa Is there a price for impoverishing a nation ? Killing civilians in non war times . Looting minerals, destroying hospitals. At what point does their sacrifice become bigger than than death of a nation.",,Sat Aug 04 06:26:49 +0000 2018
mnshzz,"His govt is also
1) not reimbursing RTE dues owed to H schools and carrying out a all round harassment of H running schools 
2) looting H temples
3) launching new appeasement schemes https://t.co/t9aJIAeEHC",,Sat Aug 04 06:26:08 +0000 2018
common_man770,"@SwarajyaMag @RahulGandhi @INCIndia 
what have you been hailed for Congress..
Looting, scamming, shedding crocodile tears and dividing the country, letting in refugees to build a vote bank, or looting our banks dry.. Congress ne India ko baap ka maal samajh rakha hai aur public ko naukar",,Sat Aug 04 06:25:34 +0000 2018
trapfumez,"RT @AshaMNoor: the term pirate when speaking about ‚Äúsomali pirates‚Äù is inherently problematic in its framing. 

piracy is looting at sea fr‚Ä¶","the term pirate when speaking about ‚Äúsomali pirates‚Äù is inherently problematic in its framing. 

piracy is looting at sea from other people ‚Äî not on your own coast line from foreign ships that shouldn‚Äôt be crossing/dumping waste/stealing resources illegally in the first place.",Sat Aug 04 06:25:00 +0000 2018
KenYiannaki,"RT @johnakritas: Shame the Swedes and the UN couldn't prevent Turkish forces from seizing the monastery, looting it, expelling the monks an‚Ä¶","Shame the Swedes and the UN couldn't prevent Turkish forces from seizing the monastery, looting it, expelling the monks and turning into a 'museum', for which they charge an entrance fee: https://t.co/JOlYq8dHwl",Sat Aug 04 06:24:16 +0000 2018
AltafWala,"RT @SirrRalph121: @RahulGandhi @AltafWala So clear,
BJP n RSS looting the Nation Collectively,
Good Morning....??üòÉ‚òÄÔ∏èüåû 
Luteiro..
‡§∏‡§≤‡§æ‡§Æ ‡§§‡•ã ‡§ï‡§∞‚Ä¶","@RahulGandhi @AltafWala So clear,
BJP n RSS looting the Nation Collectively,
Good Morning....??üòÉ‚òÄÔ∏èüåû 
Luteiro..
‡§∏‡§≤‡§æ‡§Æ ‡§§‡•ã ‡§ï‡§∞‡§®‡§æ ‡§π‡•Ä ‡§™‡§°‡§º‡•á‡§ó‡§æ,
‡§µ‡§∞‡§®‡§æ ‡§ï‡§π‡•Ä‡§Ç ...??
‡§∞‡§æ‡§∑‡•ç‡§ü‡•ç‡§∞ ‡§µ‡§ø‡§∞‡•ã‡§ß‡§ø‡§Ø‡•ã‡§Ç ‡§¶‡•ç‡§µ‡§æ‡§∞‡§æ ‡§∞‡§æ‡§∑‡•ç‡§ü‡•ç‡§∞ ‡§µ‡§ø‡§∞‡•ã‡§ß‡•Ä ‡§®‡§æ ‡§ò‡•ã‡§∑‡§ø‡§§ ‡§ï‡§∞‡§¶‡§ø‡§Ø‡•á ‡§ú‡§æ‡§è‡§Å,,?ü§îüòÜüòÇ

@AliSohrab007 
@BhootSantosh
@manoj_bagariya",Sat Aug 04 06:23:03 +0000 2018
DNHindi,‡§≤‡§ñ‡§®‡§ä: ‡§ï‡•à‡§∂ ‡§µ‡•à‡§® ‡§≤‡•Ç‡§ü ‡§î‡§∞ ‡§π‡§§‡•ç‡§Ø‡§æ‡§ï‡§æ‡§Ç‡§° ‡§Æ‡•á‡§Ç ‡§™‡•Å‡§≤‡§ø‡§∏ ‡§®‡•á ‡§à‡§®‡§æ‡§Æ‡•Ä ‡§∞‡§æ‡§∂‡§ø ‡§ï‡•ã ‡§¨‡§¢‡§º‡§æ‡§ï‡§∞ ‡§ï‡§ø‡§Ø‡§æ ‡§è‡§ï ‡§≤‡§æ‡§ñ https://t.co/crfk8aqBwN via @DynamiteNews_  @lucknowpolice @Uppolice @UPGovt,,Sat Aug 04 06:23:01 +0000 2018
DynamiteNews_,‡§≤‡§ñ‡§®‡§ä: ‡§ï‡•à‡§∂ ‡§µ‡•à‡§® ‡§≤‡•Ç‡§ü ‡§î‡§∞ ‡§π‡§§‡•ç‡§Ø‡§æ‡§ï‡§æ‡§Ç‡§° ‡§Æ‡•á‡§Ç ‡§™‡•Å‡§≤‡§ø‡§∏ ‡§®‡•á ‡§à‡§®‡§æ‡§Æ‡•Ä ‡§∞‡§æ‡§∂‡§ø ‡§ï‡•ã ‡§¨‡§¢‡§º‡§æ‡§ï‡§∞ ‡§ï‡§ø‡§Ø‡§æ ‡§è‡§ï ‡§≤‡§æ‡§ñ https://t.co/Sc50Z5b7qX,,Sat Aug 04 06:22:45 +0000 2018
Bmused1,@GailThandoMasek @Daily_Star What is bull? Land app will happen. You asked for it. Looting happens. Ot is on the news every week. Farm killing happens. Every other day. So what is a lie?,,Sat Aug 04 06:22:24 +0000 2018
ZvomboZvehondo,"@MurunguMutema @dudumo Those were riots by deliberately intoxicated youths. Th police dd not mind th circus wn it started, no soldier ws even thr. Bt thy started stoning th police &amp; journalists, looting, destroying property, burning cars, intimidating pple &amp; barricading roads. Tht th military dealt wth",,Sat Aug 04 06:22:06 +0000 2018
BdonLucas,@ojbairstow @SafoneMadone Saf got killed by the storm too busy looting buildings and got caught out jumpin through loot lake,,Sat Aug 04 06:21:41 +0000 2018
CAsajalgupta,@FightForRERAInd @MamataOfficial @narendramodi @HardeepSPuri @MoHUA_India @Secretary_MoHUA @TOIIndiaNews @manishanataraj @dipakdashTOI @cmohry and mamta are no different.. both are corrupt and inactive .. and are puppets of builders mafia.. enjoying and looting the public...,,Sat Aug 04 06:21:24 +0000 2018
supapraise,"@Sanibeee400 @FollySparkles @MBuhari And the number 1,3 and 5 are from your region  but how have you been helped? Even with all the looting from the South  who's poorer and least educated??? Check 2018 WAEC result chart,  which persons reflect brainlessness?  
Speaking of bigotry,  who split the country into 97/5% https://t.co/jMV8UWNa5V",,Sat Aug 04 06:19:45 +0000 2018
bharatvarsha21,@gauravcsawant @spvaid sir jihadis are openly looting banks .while are those bank looters still alive pl go after them in big way ...a message should go anybody taking law in hands will have to face bullets .,,Sat Aug 04 06:19:42 +0000 2018
MominUrban,"RT @mynareshkumar: ‡§™‡•Ä‡§è‡§Æ‡§ì ‡§ï‡•ã ‡§™‡§§‡§æ ‡§•‡§æ ‡§Æ‡•á‡§π‡•Å‡§≤ ‡§ö‡•ã‡§ï‡§∏‡•Ä ‡§ï‡§æ‡§∞‡•ã‡§¨‡§æ‡§∞‡§ø‡§Ø‡•ã‡§Ç ‡§î‡§∞ ‡§¨‡•à‡§Ç‡§ï‡•ã‡§Ç ‡§ï‡•ã ‡§ö‡•Ç‡§®‡§æ ‡§≤‡§ó‡§æ ‡§∞‡§π‡§æ ‡§π‡•à, ‡§´‡§ø‡§∞ ‡§≠‡•Ä ‡§µ‡§ø‡§¶‡•á‡§∂ ‡§≠‡§æ‡§ó‡§®‡•á ‡§ï‡•á ‡§≤‡§ø‡§è ‡§¶‡•á ‡§¶‡•Ä ‡§ï‡•ç‡§≤‡•Ä‡§® ‡§ö‡§ø‡§ü https://‚Ä¶","‡§™‡•Ä‡§è‡§Æ‡§ì ‡§ï‡•ã ‡§™‡§§‡§æ ‡§•‡§æ ‡§Æ‡•á‡§π‡•Å‡§≤ ‡§ö‡•ã‡§ï‡§∏‡•Ä ‡§ï‡§æ‡§∞‡•ã‡§¨‡§æ‡§∞‡§ø‡§Ø‡•ã‡§Ç ‡§î‡§∞ ‡§¨‡•à‡§Ç‡§ï‡•ã‡§Ç ‡§ï‡•ã ‡§ö‡•Ç‡§®‡§æ ‡§≤‡§ó‡§æ ‡§∞‡§π‡§æ ‡§π‡•à, ‡§´‡§ø‡§∞ ‡§≠‡•Ä ‡§µ‡§ø‡§¶‡•á‡§∂ ‡§≠‡§æ‡§ó‡§®‡•á ‡§ï‡•á ‡§≤‡§ø‡§è ‡§¶‡•á ‡§¶‡•Ä ‡§ï‡•ç‡§≤‡•Ä‡§® ‡§ö‡§ø‡§ü https://t.co/uSs4e3x7gH",Sat Aug 04 06:17:10 +0000 2018
Puneetvizh,"‡§™‡•Ä‡§è‡§Æ‡§ì ‡§ï‡•ã ‡§™‡§§‡§æ ‡§•‡§æ ‡§Æ‡•á‡§π‡•Å‡§≤ ‡§ö‡•ã‡§ï‡§∏‡•Ä ‡§ï‡§æ‡§∞‡•ã‡§¨‡§æ‡§∞‡§ø‡§Ø‡•ã‡§Ç ‡§î‡§∞ ‡§¨‡•à‡§Ç‡§ï‡•ã‡§Ç ‡§ï‡•ã ‡§ö‡•Ç‡§®‡§æ ‡§≤‡§ó‡§æ ‡§∞‡§π‡§æ ‡§π‡•à, ‡§´‡§ø‡§∞ ‡§≠‡•Ä ‡§µ‡§ø‡§¶‡•á‡§∂ ‡§≠‡§æ‡§ó‡§®‡•á ‡§ï‡•á ‡§≤‡§ø‡§è ‡§¶‡•á ‡§¶‡•Ä ‡§ï‡•ç‡§≤‡•Ä‡§® ‡§ö‡§ø‡§ü https://t.co/YhbAfjLnJF",,Sat Aug 04 06:17:05 +0000 2018
Danielseun,"One month after @HMKemiAdeosun forgery of @nysc_ng exemption certificate broke out, she since activated her MUTE key. Same way she has been silent over Enelamah looting of @TradeInvestNG since she received a petition on April 11, 2017. #KemiAdeosunAShame",,Sat Aug 04 06:16:42 +0000 2018
AbdulAbihassan,"RT @iskandrah: ""Trump is openly looting the country, and there‚Äôs no one to stop him"" The extremely wealthy are benefitting while there are‚Ä¶","""Trump is openly looting the country, and there‚Äôs no one to stop him"" The extremely wealthy are benefitting while there are still struggling Americans supporting Trump because of white supremacy. That's the facts, Jack! 
https://t.co/DSC5lwccTA",Sat Aug 04 06:16:07 +0000 2018
Biswajitkkdas,2/2 @Videocond2h why is that ur services are not in question here. Why to pay the engg upfront when the problem is not known. @TRAI after digitisation of D2H providers they are looting the public by making packages and this very situation is another example @ManojSinhaOffc,,Sat Aug 04 06:14:32 +0000 2018
kanmyexcellent,"@PhilipObin @APCNigeria They are planning to change from Politically Displaced Persons to Coalition of Unrepentants Political Party

The question is if they succeeded on changing name. Could they also their individual face and track records of looting

Bad History Die Hard",,Sat Aug 04 06:13:41 +0000 2018
RAJESH0103,"@PiyushGoyal #NarendraModi Sir myself a frequent traveler in Rly but in all trains MRP printed on food items is more than market, can you redress it as good governance and stop looting Pasenzers",,Sat Aug 04 06:12:46 +0000 2018
Bmused1,@thobile_dlalisa @Daily_Star What in that report is a lie? Land without pay? Farm murders? Looting? All happening.,,Sat Aug 04 06:11:00 +0000 2018
common_man770,"@DrGPradhan @ajaypshetty @narendramodi @INCIndia is being asked questions that they cannot..or rather dont want to answer.. Their policies over last 60 years have been very controversial.. Corrupt as they are, their intentions have always been damaging to India.. Looting Indian taxpayers, and flouting norms and laws",,Sat Aug 04 06:08:11 +0000 2018
pnthakur19784,"In the start in 2013, NSUI had scholar and most genuine person Chandan Rana was the President, brilliant Dhillon &amp; Goldy was leading then. And now President is car hijacking and ATM looting criminal. 
From feel proud to feel shamed.
@nsui @RahulGandhi 

https://t.co/GqM6P88bhO",,Sat Aug 04 06:07:39 +0000 2018
PSurvivalist,"RT @TimGamble: NEW ARTICLE: Small Town and Rural Looting? https://t.co/O8W7PtgwsJ

#prepper #survival  #preppertalk ###","NEW ARTICLE: Small Town and Rural Looting? https://t.co/O8W7PtgwsJ

#prepper #survival  #preppertalk ###",Sat Aug 04 06:05:11 +0000 2018
Sujan_Speak,"KDSingh of @Alchemist, #MP of @AITCofficial following #NiravModi or #MehulChokshi in looting  &amp; hence flying abroad. One confidant of @MamataOfficial &amp; the other of @narendramodi. Competitive to each other even in patronising corruption to the highest degree. #CronyCapitalism. https://t.co/zcYLexjKMk",,Sat Aug 04 06:04:53 +0000 2018
SabreNoir,I'm sorry but it's hard to forget the people who should help looting. I can't https://t.co/JEtrwR2sj9,,Sat Aug 04 06:04:20 +0000 2018
JaiBhagwanTyag1,RT @harisingh_nalwa: @daddachoubeyji @akkiiboy She has ample amount of experience in looting ‚Äú vah vah ‚Äú from her profession after 12 üïõ mid‚Ä¶,@daddachoubeyji @akkiiboy She has ample amount of experience in looting ‚Äú vah vah ‚Äú from her profession after 12 üïõ midnight . ‡§µ‡§æ‡§π ‡§µ‡§æ‡§π ‡§µ‡§æ‡§π ‡§µ‡§æ‡§π ‡§π‡§≤‡•ç‡§ï‡§æ ‡§≠‡•å‡§ú‡•Ä.,Sat Aug 04 06:02:37 +0000 2018
WietsG,RT @Charles24964795: @alfred_cabonena Surprisingly there are people who support these leaders. AU is a useless toothless organization and w‚Ä¶,"@alfred_cabonena Surprisingly there are people who support these leaders. AU is a useless toothless organization and will forever remain a cesspool of murderous so-called African leaders, obsessed with corruption, looting and sham elections.",Sat Aug 04 06:01:52 +0000 2018
osarah793,@AdeBanqie @JackObinyan PDP definitely not an alternative maybe for sentimental followers. Gathering themselves agaib with no policy but same looting agenda like their Siamese twin APC.,,Sat Aug 04 06:00:51 +0000 2018
TES_ItemsBot,Spell Tome: Great Looting,,Sat Aug 04 06:00:19 +0000 2018
Bibido8,@BBCWorld So u rather want pples homes and properties to be destroyed and national security watch and see. You havent been beaten yet. Continue burning pples cars and looting their offices u will face the wrath of the law.,,Sat Aug 04 05:59:33 +0000 2018
AdamArikewuyo,The Only Weapon That Stop BUAHRI in 2023 Is For LOOTERS To Stop LOOTING PUBLIC FUND https://t.co/7guMG1fPzG,,Sat Aug 04 05:58:43 +0000 2018
Marita_1010,@MimiVorster @Greg7Dunn It‚Äôs Africa. If you point out looting you just vanish.,,Sat Aug 04 05:58:35 +0000 2018
E_E__BOT,"And there'll be nothing in your bowl this aching
She says there‚Äôs emptiness from every angle
Between the batons and the looting tangle",,Sat Aug 04 05:55:11 +0000 2018
snowflakeBrit,"RT @FunSoph: Riots and looting and curfews,
oh my!
 https://t.co/LmQKiTPVPQ","Riots and looting and curfews,
oh my!
 https://t.co/LmQKiTPVPQ",Sat Aug 04 05:54:52 +0000 2018
gooner4glory,#NDAChoksiSlipUp fraudsters r given red carpet welcome &amp; allow 2 leave country after siphoning taxpayer money Given clearance by Maha Govt Police 2 get Antigua Citizenship NDA pray these evaders 4 looting money than hindu god Govt revel in riots mass murder &amp; Murthal gang rapes,,Sat Aug 04 05:51:32 +0000 2018
suckie7,"RT @CorruptConcern: ""My prediction..PDP will hold a credible primaries. Atiku will get the ticket but none will decamp. They will just shar‚Ä¶","""My prediction..PDP will hold a credible primaries. Atiku will get the ticket but none will decamp. They will just share the ‚Äújuicy appointments‚Äù before the elections like the colonials shared Africa! üòÇüòÇ Collective Looting is what they do!""",Sat Aug 04 05:50:59 +0000 2018
gooner4glory,#ChoksiKaChakkar fraudsters r given red carpet welcome &amp; allow 2 leave country after siphoning taxpayer money Given clearance by Maha GOvt Police 2 get Antigua Citizenship NDA pray these evaders 4 looting money than hindu god Govt revel in riots mass murder &amp; Murthal gang rapes,,Sat Aug 04 05:50:36 +0000 2018
FunSoph,"Riots and looting and curfews,
oh my!
 https://t.co/LmQKiTPVPQ",,Sat Aug 04 05:48:44 +0000 2018
WilliamsFeroza,@edmnangagwa Congrats.  Lets work to fix this rot.  Fix the roads with immediate  attentiin new working robots  dual lanes. Paint the whole country.  Bring back the factories create jobs. Make Zimbabwe  the bread basket it was before this looting,,Sat Aug 04 05:48:38 +0000 2018
NelsonNcmx2,@KuzioDawn @FoxNews @POTUS Trump is a Racist Traitor RepubliClan Mafia Family Crime Syndicate Boss. Looting the Country. Killing the poor to feed the rich. Second Tax Cut for the rich is coming. Only Russian Oligarch money drives Trump. He knows NOTHING about EVERYTHING and can‚Äôt learn ANYTHING,,Sat Aug 04 05:48:22 +0000 2018
Adez_sw,"RT @habbeyluti: @UNILAG_EFIWE @Ayourb ...üé∂ everything dey for PDP üé∂ . Looting, corruption, stealing, political touts turn armed robbers, ki‚Ä¶","@UNILAG_EFIWE @Ayourb ...üé∂ everything dey for PDP üé∂ . Looting, corruption, stealing, political touts turn armed robbers, killings",Sat Aug 04 05:46:58 +0000 2018
tlacovaspravask,RT @JRGhaddar: @mehdirhasan In both places the jihadists were Gulf/U.S. funded Mehdi.  You know this.  The mujahadeen in Afghanistan (u.s./‚Ä¶,@mehdirhasan In both places the jihadists were Gulf/U.S. funded Mehdi.  You know this.  The mujahadeen in Afghanistan (u.s./gulf funded) Syria - U.S./gulf funded.  Iraq was Bush/Cheney looting a country.   Assad is/was preserving the Syrian people‚Äôs right to live in a secular society.,Sat Aug 04 05:46:09 +0000 2018
AlexAsagidigbi,@LABOGHINI1 @MobilePunch Baba pls find another party. .they are all enriched themselves tru looting National treasure. .,,Sat Aug 04 05:45:54 +0000 2018
prisantum,"@drmcrngp @drmmumbaicr @drmbct @drmadiwr Ok, thank you so much sir 
Since few TC are looting to passenger by giving different excuse, last time my sister in law was travelling alone in awadh express and TC charged her by saying your aadhar card is Xerox and it is not valid , since government doesn't provide by them so",,Sat Aug 04 05:45:08 +0000 2018
AsifBelavanaki,@manickamtagore That's Y monthly LPG Gas Rate is getting Hike... And looting publics money.... Le lo vikas,,Sat Aug 04 05:44:40 +0000 2018
Vikmalhotra21,"@ArvindKejriwal Whoever support Tejaswi (Chor ka beta), we all know how lalu has looted Bihar and most of the bihar are in Delhi and Kejriwal is looting them in Delhi.. Chor chor musere bhai",,Sat Aug 04 05:44:36 +0000 2018
OduetseG,"RT @Lwandle1949: Oppenheimers will 
never pay/PROSECUTED fr LOOTING R3 BLN &amp; $3.5 BLN bc they CONTROL SA. 

üëâThey donated share of the LOOT‚Ä¶","Oppenheimers will 
never pay/PROSECUTED fr LOOTING R3 BLN &amp; $3.5 BLN bc they CONTROL SA. 

üëâThey donated share of the LOOT to al political parties,

üëâThey FUND the Judiciary,

üëägave Ramaphosa $500 MLN,

üëâgave SHARES to ANC veterans &amp; the SACP.
#Forget https://t.co/VVCZcHUtrr",Sat Aug 04 05:44:14 +0000 2018
