mohtlona,"RT @ShtolaRhul: Because we will be a shelter to anyone who needs it. Specially now...

Pray support #theNewFacesOfHope. We are needed now m‚Ä¶","Because we will be a shelter to anyone who needs it. Specially now...

Pray support #theNewFacesOfHope. We are needed now more than ever. https://t.co/RNylgY5pNu",[3]
chronicbonbon,RT @thetrudz: I can‚Äôt relate to this ‚ÄúI can‚Äôt give my partner $20‚Äù conversation when I‚Äôve sent more than that to people I know only online.‚Ä¶,"I can‚Äôt relate to this ‚ÄúI can‚Äôt give my partner $20‚Äù conversation when I‚Äôve sent more than that to people I know only online. Who needed food, shelter, GRE funds, clothing, surgeries, project tools. Like wow imagine literally dating someone too stingy for $20.00. WOW.",[3]
kahgsgsh,I think there's merit in pursuing this not because we need to persuade people to warm up to homeless people in their communities (which is needed) but because homeless people deserve shelter that's designed thoughtfully and deliberately. https://t.co/LQiRDKIMiN,,[3]
TAYGREY31,"RT @Maree71439592: https://t.co/pffqCyriPm 
&lt;3 CLEAR &lt;3 
Gorgeous Sweet Soul 
Owner in Hospital 
 New Hope Rescue Needed 
Scared in Shelter‚Ä¶","https://t.co/pffqCyriPm 
&lt;3 CLEAR &lt;3 
Gorgeous Sweet Soul 
Owner in Hospital 
 New Hope Rescue Needed 
Scared in Shelter
Save This Precious Panther 
To Be Destroyed 8/4/18
Adopt/Foster/Pledge/RT!!!!
Killing at12PM EST #NYC 
Fostering is FREE&lt;
Vet Bills Paid&lt;
#TeamKittySOS https://t.co/nmJfL13tpE",[3]
MajorMassSpec,"RT @cobbkitties: ‚ù§RESCUE AND PLEDGES NEEDED‚ù§

*** from the shelter: unpredictable + neurologic in rear legs***

This is Kayla. This one yea‚Ä¶","‚ù§RESCUE AND PLEDGES NEEDED‚ù§

*** from the shelter: unpredictable + neurologic in rear legs***

This is Kayla. This one year old girl needs Rescue commitment and pledges. Please Share and Pledge for her.

ID 606767
Age 1 year 
Cage 704
In the shelter ‚Ä¶ https://t.co/wc9lFUqiJd https://t.co/823TQzySbQ",[3]
MisterSalesman,She said who was that girl in ur truck. What girl? U know don't play dumb. Why R u so insecure u know ur the only one. I saw her. Oh that girl I was at Mickey D's she came to my windw said her boyfriend kicked her out &amp; needed a place to stay I was takin her to a homeless shelter https://t.co/LPsMFzF3kN,,[3]
Ironyisfunny8,"@cky_barrios @GorillaOfSilver @joanna_jamerson @RandomPhysician @SenSanders 2 jobs you liked doing.... have you ever lived in a shelter trying to look for just ONE job? ANY job not one u enjoy? U think I wanted that life? You think I was doing 'what I needed to do?"" I knew a guy who went to DUKE university staying in that shelter.
Trained in ENGINEERING",,[3]
derzul,"RT @PascoUrgentDogs: EMERGENCY- COURTESY POST FOR RESPECTED RESCUE. [Tampa Bay, FL]

Maternity FOSTER needed for shelter pup. She is emacia‚Ä¶","EMERGENCY- COURTESY POST FOR RESPECTED RESCUE. [Tampa Bay, FL]

Maternity FOSTER needed for shelter pup. She is emaciated and has been in the shelter for a little bit. She needs out now to decompress and then... https://t.co/Oy0LTfFqko",[3]
rickbkylex,"RT @EmilySweckerTV: There‚Äôs a woman at the E.C. Glass shelter who needed to get to dialysis, didn‚Äôt have money for a cab, and a sergeant wi‚Ä¶","There‚Äôs a woman at the E.C. Glass shelter who needed to get to dialysis, didn‚Äôt have money for a cab, and a sergeant with the Lynchburg Sheriff‚Äôs Office just gave her money to cover the ride. He‚Äôs also been working for almost 24 hours. Don‚Äôt forget to thank your first responders. https://t.co/4Xv5xodjde",[3]
nanny505,"RT @cobbkitties: ‚ù§RESCUE AND PLEDGES NEEDED‚ù§

*** from the shelter: unpredictable + neurologic in rear legs***

This is Kayla. This one yea‚Ä¶","‚ù§RESCUE AND PLEDGES NEEDED‚ù§

*** from the shelter: unpredictable + neurologic in rear legs***

This is Kayla. This one year old girl needs Rescue commitment and pledges. Please Share and Pledge for her.

ID 606767
Age 1 year 
Cage 704
In the shelter ‚Ä¶ https://t.co/IimSxDkK14 https://t.co/7MXNpJsH6p",[3]
priyashmita,RT @sarvarta: A doctor posted newly to the town went to this shelter home then for a routine check and noted in his report to the authoriti‚Ä¶,"A doctor posted newly to the town went to this shelter home then for a routine check and noted in his report to the authorities that the inmates ‚Äúwere irritable and scared and they needed a family atmosphere‚Äù.
https://t.co/alHD2p9jSF",[3]
sarvarta,"A doctor posted newly to the town went to this shelter home then for a routine check and noted in his report to the authorities that the inmates ‚Äúwere irritable and scared and they needed a family atmosphere‚Äù.
https://t.co/alHD2p9jSF",,[3]
Smash4Sugar,RT @TheDakpo: The high point of my League of Legends experience was when there was a tornado and I told my teammates that I needed to afk f‚Ä¶,"The high point of my League of Legends experience was when there was a tornado and I told my teammates that I needed to afk from our non-ranked game because I had to find shelter. 

I was promptly reported by all teammates. Ahh, great times",[3]
naughtynursepdx,"RT @RedCrossCasc: #RedCross has opened an info center in The Dalles for people affected by the #SouthValleyFire. Anyone in need of food, wa‚Ä¶","#RedCross has opened an info center in The Dalles for people affected by the #SouthValleyFire. Anyone in need of food, water or info related to #wildfires in the area can just show up. The center is prepared to transition into an overnight shelter if needed. #oregon https://t.co/TYm3jzJnPM",[3]
LibertyValanc12,RT @austinpetsalive: How adorable is this guy? üíïüòä Rango needed to cool off during playgroup. Summers can be tough with the heat so we want‚Ä¶,How adorable is this guy? üíïüòä Rango needed to cool off during playgroup. Summers can be tough with the heat so we want to see more pups in homes and less seniors at our shelter. https://t.co/RWBpVtwhNa https://t.co/QvvwSfQYqc,[3]
HokageMuvva,@S_Standifer @JasleeneJ Is paying bills with that money not for the kids? Is it not where they stay? Their shelter? My mother used CS for both bills and other necessities I may have needed. It helped US a lot.,,[3]
april_sprenger,"@fordnation We have bigger problems than the price of beer! Simple if you can‚Äôt afford something - don‚Äôt buy it. Last I checked beer was not on the list of things needed for survival! Try clean air to breathe, safe water to drink, affordable shelter and affordable food.",,[3]
mohmlet,"RT @sesmith: This is the heartbreaking thing about being an open admission shelter: You take everyone, a much-needed public service, but al‚Ä¶","This is the heartbreaking thing about being an open admission shelter: You take everyone, a much-needed public service, but also, you run out of room. Support your local open admission shelter and the rescues who pull from it, and let‚Äôs find some LA pals some homes this weekend! https://t.co/cofi92kGXm",[3]
CarmenLegarda,"More than half of homeless families in England are in work, figures show | The Independent @TheresaMayPM @SadiqKhan Statistics on employment do not reflect our people's true economic status. Employment is not lifting us out of poverty. Govt action needed. https://t.co/YINECmBC8k",,[3]
RecyclingForAll,"RT @ShelterAnimals1: TRANSPORT NEEDED .. PLEASE POST ON PAGE AND LET JO BRENDEL KNOW IF YOU CAN HELP 8-2  1:30PM (GARLAND SHELTER TO PARIS,‚Ä¶","TRANSPORT NEEDED .. PLEASE POST ON PAGE AND LET JO BRENDEL KNOW IF YOU CAN HELP 8-2  1:30PM (GARLAND SHELTER TO PARIS, TX!) https://t.co/CajloJ6F8r",[3]
RecyclingForAll,"RT @HarborShelter: *Coachella,  Ca ~ PLEDGES/RESCUE DESPERATELY NEEDED!!! BEEN IN SHELTER OVER A MONTH!! 
Just a 7 month old puppy...and he‚Ä¶","*Coachella,  Ca ~ PLEDGES/RESCUE DESPERATELY NEEDED!!! BEEN IN SHELTER OVER A MONTH!! 
Just a 7 month old puppy...and he is gorgeous!!!

AUGUST - ID #A1448061 (AVAIL 6/26)
I am a male, black and... https://t.co/wOHsuQr3FW",[3]
WinglessBird_,"RT @RDR_NYC: üö®üÜòüö®DONATIONS DESPERATELY NEEDED FOR SHAWNAüö®üÜòüö®

Just in ....Dear God!!
This poor baby! üò•üò° We are literally sick over her!!!! Sh‚Ä¶","üö®üÜòüö®DONATIONS DESPERATELY NEEDED FOR SHAWNAüö®üÜòüö®

Just in ....Dear God!!
This poor baby! üò•üò° We are literally sick over her!!!! She came into a GA kill shelter with a badly broken jaw &amp; it &amp;‚Ä¶ https://t.co/ThRhQcsrr3",[3]
wereallcatshere,"RT @helping_meowt: READ FULL STORY HERE: https://t.co/gwY4KS6c0I üí∏üí∏ DONATIONS NEEDED üí∏üí∏ Regrann from @krazykittens802 -  As promised, meet‚Ä¶","READ FULL STORY HERE: https://t.co/gwY4KS6c0I üí∏üí∏ DONATIONS NEEDED üí∏üí∏ Regrann from @krazykittens802 -  As promised, meet Tiger! This little girl has been pulled from a shelter In Texas. She would have otherwise been euthenized.  She's in a *very temporary* foster placement u‚Ä¶ https://t.co/eGmRptv2bQ",[3]
wereallcatshere,RT @helping_meowt: READ FULL STORY HERE: https://t.co/xNwF8Xusfv üì¶üì¶ SUPPLIES NEEDED üì¶üì¶ Regrann from @sims.foster.family -  Today we went to‚Ä¶,"READ FULL STORY HERE: https://t.co/xNwF8Xusfv üì¶üì¶ SUPPLIES NEEDED üì¶üì¶ Regrann from @sims.foster.family -  Today we went to volunteer at our organization‚Äôs second location. They are INCREDIBLY understaffed and undersupplied, and need tons and tons of help. The shelter is extre‚Ä¶ https://t.co/Fpxndrpqgt",[3]
KIEMNews,"The Humboldt County Animal shelter has reduced adoption rates because their kennels are filled to capacity. Should evacuees need to come to Humboldt County, some space (and staff resources) will be needed, so every adoption makes a difference. https://t.co/Jfa1Am7IwE",,[3]
KIEMNews,"The Humboldt County Animal shelter has reduced adoption rates because their kennels are filled to capacity. Should evacuees need to come to Humboldt County, some space (and staff resources) will be needed, so every adoption makes a difference. https://t.co/5f5Rla8yXZ",,[3]
mus_sis,"RT @Alinaamtrust1: Here is a shallow tube well, where Rohingya refugee families live in the shelter village. This water is desperately need‚Ä¶","Here is a shallow tube well, where Rohingya refugee families live in the shelter village. This water is desperately needed during the monsoon season where these villages are flooded with contaminated and unsafe water. Help today! #servinghumanity https://t.co/EoA3KiRuJt",[3]
KimberlyFolger1,"RT @SSRRrescue: Foster STILL NEEDED for Tucker!!!

Tucker is a young (1-2 yr. old) male Rottweiler weighing about 70 pounds. He was rescued‚Ä¶","Foster STILL NEEDED for Tucker!!!

Tucker is a young (1-2 yr. old) male Rottweiler weighing about 70 pounds. He was rescued from the Tri Cities Animal Shelter in Cedar Hill, TX. 

Tucker was... https://t.co/XHkL1JdvrB",[3]
Maree71439592,"https://t.co/pffqCyriPm 
&lt;3 CLEAR &lt;3 
Gorgeous Sweet Soul 
Owner in Hospital 
 New Hope Rescue Needed 
Scared in Shelter
Save This Precious Panther 
To Be Destroyed 8/4/18
Adopt/Foster/Pledge/RT!!!!
Killing at12PM EST #NYC 
Fostering is FREE&lt;
Vet Bills Paid&lt;
#TeamKittySOS https://t.co/nmJfL13tpE",,[3]
ChaliceGarden,"@PhabulosVintage @PetSmart @PetSmartChariTs @Petco @TractorSupply Please check out this link under 'pet shelter,' 'pet supplies' 'donations needed' - someone there will likely be able to help: https://t.co/zHMfggj51n",,[3]
charismamag,"#Christian #Hospitality Network Provides Much-Needed Shelter as Thousands Flee #ReddingFire
https://t.co/2JZVzkB6AY",,[3]
Jessica23218704,"RT @cobbkitties: üö® MUST be out of the shelter by Thursday, July 26th 5PM üö®

‚ù§RESCUE AND PLEDGES NEEDED ASAP ‚ù§

Merle is a 2 or 3 month old,‚Ä¶","üö® MUST be out of the shelter by Thursday, July 26th 5PM üö®

‚ù§RESCUE AND PLEDGES NEEDED ASAP ‚ù§

Merle is a 2 or 3 month old, black &amp; white, DSH kitten. Merle is old enough to be adopted, but has a heart murmur. Due to the heart murmur, he cannot be neu‚Ä¶ https://t.co/xaPXQ71bXY https://t.co/3v2Cr9m3kY",[3]
SSRRrescue,"Foster STILL NEEDED for Tucker!!!

Tucker is a young (1-2 yr. old) male Rottweiler weighing about 70 pounds. He was rescued from the Tri Cities Animal Shelter in Cedar Hill, TX. 

Tucker was... https://t.co/XHkL1JdvrB",,[3]
harmany,"@harmany helps connect people who either need to find or want to provide temporary shelter to others when it's needed during emergency and evacuation events. 

Learn more about @harmany:‚Ä¶ https://t.co/sJqEt7Cab3",,[3]
buttonnosebbgrl,"got swindled out of $20 today cause my heart is too big

a woman covered in burn scars told me she had been burned by her husband, got out of the burn ward, and needed a bus ticket to the women's shelter three towns over.

apparently she does this a lot. all my coworkers knew her",,[3]
HarborShelter,"*Coachella,  Ca ~ PLEDGES/RESCUE DESPERATELY NEEDED!!! BEEN IN SHELTER OVER A MONTH!! 
Just a 7 month old puppy...and he is gorgeous!!!

AUGUST - ID #A1448061 (AVAIL 6/26)
I am a male, black and... https://t.co/wOHsuQr3FW",,[3]
austinpetsalive,How adorable is this guy? üíïüòä Rango needed to cool off during playgroup. Summers can be tough with the heat so we want to see more pups in homes and less seniors at our shelter. https://t.co/RWBpVtwhNa https://t.co/QvvwSfQYqc,,[3]
thetrudz,"I can‚Äôt relate to this ‚ÄúI can‚Äôt give my partner $20‚Äù conversation when I‚Äôve sent more than that to people I know only online. Who needed food, shelter, GRE funds, clothing, surgeries, project tools. Like wow imagine literally dating someone too stingy for $20.00. WOW.",,[3]
my_SUGAlow,@thaslilnick @trvisXX A lil bum I saw the other day he needed some shelter üò™,,[3]
SimplyHelp,"Woman's Shelter Distribution to 150 People. Volunteers and donations needed! 
 
ÊôÇÈñìÔºö  2018Âπ¥  8Êúà  11  Êó• Saturday  3:30PM- 6:00PM
Âú∞Èªû: Pathways to Home Emergency Homeless Shelter
Âú∞ÂùÄÔºö8770 Broadway St. Los Angeles CA 90006... https://t.co/lhYknjlmeM",,[3]
BronParry,"@Abberadon @Jbroks86 @KyleWOrton That too got small so they took the top of the house, the actual people who lived in the house were not at fault as they needed shelter... however the government that continued to take houses and land are very much at fault and its called occupation - do you have a spare room?",,[3]
BronParry,"@Abberadon @Jbroks86 @KyleWOrton my son asked me about the Israeli/Palestine issue and I explained it thus - a man and his family needed shelter so an arrangement was made that the'd have a house built for them in our garden, eventually the house in the garden was to small so they took the bottom of our house",,[3]
urs260558,RT @WhitechapelLiv: Just when we needed sleeping bags for our overnight shelter at Labre House look what has been donated by@NCS participan‚Ä¶,Just when we needed sleeping bags for our overnight shelter at Labre House look what has been donated by@NCS participants. Thank you to the young people who have worked hard to support us. Follow the link for more information about donating sleeping bags https://t.co/JvKYCSSnI4 https://t.co/Zled7m9O7c,[3]
VolunteerFV,"The Mission of the Humane Society of Aurora is to work in partnership with Aurora Animal Control &amp; Care to increase adoptions &amp; rescues, improve shelter conditions, and educate &amp; assist the community in responsible pet ownership. VOLUNTEERS needed: https://t.co/OV9G20q6cS",,[3]
NashvilleRoots,"RT @PredsNHL: After reading a story about @nashvillehumane rescuing 32 dogs from heat-related emergency conditions, Yannick Weber and his g‚Ä¶","After reading a story about @nashvillehumane rescuing 32 dogs from heat-related emergency conditions, Yannick Weber and his girlfriend Kayla Price wanted to help. 

Today, they donated much needed supplies to the shelter üê∂üê± https://t.co/Sn3J06ocO4",[3]
GardenMistress5,"RT @ChelanCountyEM: Due to the Red Cross Shelter in Entiat at the Warehouse Community Church not being utilized last night, it is now on st‚Ä¶","Due to the Red Cross Shelter in Entiat at the Warehouse Community Church not being utilized last night, it is now on stand-by.  This means that the doors are locked but it is ready to open if needed.  If you need their... https://t.co/cBkhsZZ7Bu",[3]
dwbrescue,"WHY?!?!

We just rescued little Louis from the shelter.  We could tell he had been severely neglected.  And we knew he needed to get to the vet ASAP.  (Thank you to the angel who took him this morning.)... https://t.co/5ogK3PIhXS",,[3]
jhjulian1956,"RT @charismamag: Christian Hospitality Network Provides Much-Needed Shelter as Thousands Flee Redding Fire
https://t.co/2JZVzkB6AY","Christian Hospitality Network Provides Much-Needed Shelter as Thousands Flee Redding Fire
https://t.co/2JZVzkB6AY",[3]
charismamag,"Christian Hospitality Network Provides Much-Needed Shelter as Thousands Flee Redding Fire
https://t.co/2JZVzkB6AY",,[3]
whatsurbrain4,RT @ucansavedogs: Just $50 needed to save This beauty Trapped In An Overcrowded GA Shelter! #crowdfunding @fundrazr Support and Retweet htt‚Ä¶,Just $50 needed to save This beauty Trapped In An Overcrowded GA Shelter! #crowdfunding @fundrazr Support and Retweet https://t.co/vim4bKSz61,[3]
GirlieGirlArmy,RT @lizardmarsh: #Danville IL: Urgent. Vermilion County Animal shelter. 2 BONDED MALE #HUSKIES need rescue together. DNA tested (not GSDs).‚Ä¶,#Danville IL: Urgent. Vermilion County Animal shelter. 2 BONDED MALE #HUSKIES need rescue together. DNA tested (not GSDs). Not neutered ye- a rescue is needed. https://t.co/yeiKcMbt7E,[3]
Buddy_M2841,"@redsteeze Shelter all they want. Booker and Warren will get eaten alive by @realDonaldTrump. Neither has the type of needed charisma to reach out to the average American. Trump, Bill Clinton and Obama had it. Hillary Clinton, John Kerry, Gore, John McCain &amp; Mitt Romney didn‚Äôt. So they lost",,[3]
GemmasAngels,RT @BethesdaMission: Towels and washcloths are needed at the Men's Shelter! Could your office do an end-of-summer drive? PM us or contact i‚Ä¶,Towels and washcloths are needed at the Men's Shelter! Could your office do an end-of-summer drive? PM us or contact info@bethesdamission.org with questions. Thank you!,[3]
lizardmarsh,#Danville IL: Urgent. Vermilion County Animal shelter. 2 BONDED MALE #HUSKIES need rescue together. DNA tested (not GSDs). Not neutered ye- a rescue is needed. https://t.co/yeiKcMbt7E,,[3]
randomsquid1,"RT @UnitedWayGKC: In 1991, the homeless in our community needed more than 235,000 nights of shelter. United Way stepped in and today partne‚Ä¶","In 1991, the homeless in our community needed more than 235,000 nights of shelter. United Way stepped in and today partners with orgs like @communityLINC and @reStartKCMO to combat homelessness. Learn how you can give back: https://t.co/WNFe41KOiz #FunFactFriday #UWGKC100 https://t.co/2LiuvRxuV0",[3]
resitalk,RT @AshleyPerryUK: Soaring rents rose 60% faster than pay since 2011 ‚Äì¬†pleased to be advising on market rent BTR schemes in many commuter b‚Ä¶,"Soaring rents rose 60% faster than pay since 2011 ‚Äì¬†pleased to be advising on market rent BTR schemes in many commuter belt locations. Much more supply needed along with willing LPAs. Great opportunity to enhance town centres too...

https://t.co/IOdizyPyWV",[3]
ChelanCountyEM,"Due to the Red Cross Shelter in Entiat at the Warehouse Community Church not being utilized last night, it is now on stand-by.  This means that the doors are locked but it is ready to open if needed.  If you need their... https://t.co/cBkhsZZ7Bu",,[3]
leighjalland,RT @FMSPCA: **DONATIONS NEEDED** The #fmspca is in need of donations of Fresh 4 Life Cat litter and dry cat food - if you can help us pleas‚Ä¶,"**DONATIONS NEEDED** The #fmspca is in need of donations of Fresh 4 Life Cat litter and dry cat food - if you can help us please drop off to the shelter Tuesday to Sunday 12:30-6pm.  Thanks for your support!
#donationsneeded #catlitter #drycatfood #thankyou #meow #purr https://t.co/3RNcS1lk8t",[3]
LUMserve,"Check out this week's LUM eNewsletter -- meet a superstar volunteer, shelter has a new door, countdown to #HungerHike, mark your calendars for our fall events, bus drivers needed &amp; more... https://t.co/1DkYsHjiXa",,[3]
JuiceAlmighty91,I‚Äôm pretty sure somebody said this woulda been hell if the nigga needed the 20 ... y‚Äôall love talking bout broke niggas but be saving the poe begging hoes and giving em shelter,,[3]
htfleming73,"RT @HeadsUpPet_Resq: Back Roads Animal Rescue - Rescue and Shelter Fosters Needed https://t.co/ag0hHeqGOa

#fosteringsaveslives. #rescue #d‚Ä¶","Back Roads Animal Rescue - Rescue and Shelter Fosters Needed https://t.co/ag0hHeqGOa

#fosteringsaveslives. #rescue #dontshopadopt",[3]
werdcom,"This Folding Hammock Sets Up Anywhere: With this hammock, no trees are needed. The Mock One folding hammock sets up easily and can even double as a legit overnight shelter, complete with mosquito mesh netting and a weatherproof rainfly. It will hold up‚Ä¶ https://t.co/7cfUeRSv8B https://t.co/pvjrXCwUGD",,[3]
phckingmermen,"@OzeanGeist Once he had finally caught his breath and his stomach stopped flopping, he pulled himself to his feet. There wasn't much daylight left and he needed a makeshift shelter and a fire. He looks around. It wasn't exactly safe to enter the jungle now, not this late, not this weak, so--",,[3]
AnnW326,@KindFashionNY How much is needed to save him? Is there somewhere for him to go? How do we know he has been taken out of that kill shelter? Thank you! The 9 yr old should be there not Samson!,,[3]
HeadsUpPet_Resq,"Back Roads Animal Rescue - Rescue and Shelter Fosters Needed https://t.co/ag0hHeqGOa

#fosteringsaveslives. #rescue #dontshopadopt",,[3]
BethesdaMission,Towels and washcloths are needed at the Men's Shelter! Could your office do an end-of-summer drive? PM us or contact info@bethesdamission.org with questions. Thank you!,,[3]
FMSPCA,"**DONATIONS NEEDED** The #fmspca is in need of donations of Fresh 4 Life Cat litter and dry cat food - if you can help us please drop off to the shelter Tuesday to Sunday 12:30-6pm.  Thanks for your support!
#donationsneeded #catlitter #drycatfood #thankyou #meow #purr https://t.co/3RNcS1lk8t",,[3]
cobbkitties,"‚ù§RESCUE AND PLEDGES NEEDED‚ù§

*** from the shelter: unpredictable + neurologic in rear legs***

This is Kayla. This one year old girl needs Rescue commitment and pledges. Please Share and Pledge for her.

ID 606767
Age 1 year 
Cage 704
In the shelter ‚Ä¶ https://t.co/wc9lFUqiJd https://t.co/823TQzySbQ",,[3]
kerner_gary,"RT @geoliberal: A college economist planned
To lecture without using land
He sadly succeeded
Yet queerly still needed
Food, shelter, and so‚Ä¶","A college economist planned
To lecture without using land
He sadly succeeded
Yet queerly still needed
Food, shelter, and somewhere to stand‚Ä¶",[3]
cobbkitties,"‚ù§RESCUE AND PLEDGES NEEDED‚ù§

*** from the shelter: unpredictable + neurologic in rear legs***

This is Kayla. This one year old girl needs Rescue commitment and pledges. Please Share and Pledge for her.

ID 606767
Age 1 year 
Cage 704
In the shelter ‚Ä¶ https://t.co/IimSxDkK14 https://t.co/7MXNpJsH6p",,[3]
ucansavedogs,Just $50 needed to save This beauty Trapped In An Overcrowded GA Shelter! #crowdfunding @fundrazr Support and Retweet https://t.co/vim4bKSz61,,[3]
AshleyPerryUK,"Soaring rents rose 60% faster than pay since 2011 ‚Äì¬†pleased to be advising on market rent BTR schemes in many commuter belt locations. Much more supply needed along with willing LPAs. Great opportunity to enhance town centres too...

https://t.co/IOdizyPyWV",,[3]
SHEShelter,"The #BackToSchool2018 Tax Free Holiday weekend starts today - Aug 3-5! Help send a child to school fully prepared to face the day by helping us refill our school supply closet! For a list of our most needed items, please check our website at https://t.co/96yXCrS3bj",,[3]
FriendsofBCAS,"BARNS ARE NEEDED FOR BARN CATS AT BURLINGTON COUNTY ANIIMAL SHELTER, IF YOU CAN HELP PLEASE GO TO THE SHELTER
https://t.co/XgoIMPL8RD  #barncat",,[3]
hayleykiyokobot,"If you're cold and needed shelter
I'd hold you, but not sweat ya
And know we're not together
But babe, I won't forget ya",,[3]
HeidiSiefkas,"@TETONsports A3 1) water, food, shelter, &amp; first aid 2) try on pack 3) pack in a change of clothes/sarong/raingear 4) try &amp; weigh pack -Must be under 30-lbs. After doing portions of the #KalalauTrail I did the whole thing, but I needed to pack better+get lighter gear. #hikerchat  #adventure https://t.co/KpuXouj0Fr",,[3]
UnitedWayGKC,"In 1991, the homeless in our community needed more than 235,000 nights of shelter. United Way stepped in and today partners with orgs like @communityLINC and @reStartKCMO to combat homelessness. Learn how you can give back: https://t.co/WNFe41KOiz #FunFactFriday #UWGKC100 https://t.co/2LiuvRxuV0",,[3]
lostfoundpawsLA,"WEST LOS ANGELES SHELTER 
üî∫RESCUE NEEDED https://t.co/UNb7ypBffq",,[3]
Alinaamtrust1,"Here is a shallow tube well, where Rohingya refugee families live in the shelter village. This water is desperately needed during the monsoon season where these villages are flooded with contaminated and unsafe water. Help today! #servinghumanity https://t.co/EoA3KiRuJt",,[3]
WhitechapelLiv,Just when we needed sleeping bags for our overnight shelter at Labre House look what has been donated by@NCS participants. Thank you to the young people who have worked hard to support us. Follow the link for more information about donating sleeping bags https://t.co/JvKYCSSnI4 https://t.co/Zled7m9O7c,,[3]
Spencer_PNW,"@mossymountain V true, do you have a shelter that you trust? Like I'd take a cat to the shelter I got Lorelei from, cause they're a wonderful no-kill shelter that provides all medications and shots and everything needed and does fostering and other various kinds of housing options.",,[3]
peta_nankivell,"@ScullyDevin @nationalpost Further. A transinclusive policy is needed at this shelter which protects the needs of women and the rights of transwomen at these times. Clearly both parties need help, and your unhelpful, bigoted and clearly uneducated tweets do not help either cis women or transwomen.",,[3]
Asif_observer,"@shafiburfat @azherkhan20 @siasatpk @husainhaqqani Precisely, Shafi, the Sindhi people did provide the much-needed shelter to the immigrants fleeing from the reprisal attacks by the Sikhs and Hindus mostly in the UP province of India.  And now very same peoples' progeny have no recollection of that great help that Sindhis gave.",,[3]
Indiana_Ohio,"RT @INRedCross: From small house fires to multi-state natural disasters, the American Red Cross goes wherever we‚Äôre needed, so people can h‚Ä¶","From small house fires to multi-state natural disasters, the American Red Cross goes wherever we‚Äôre needed, so people can have clean water, safe shelter and hot meals when they need them most. https://t.co/pEZxGHlHSE",[3]
MissionMusings,"RT @The1MDollarBus: *CAMPAIGN LAUNCH*
We're so thrilled to reveal our campaign video for @MissionMusings as we help them raise the funds ne‚Ä¶","*CAMPAIGN LAUNCH*
We're so thrilled to reveal our campaign video for @MissionMusings as we help them raise the funds needed to build their LIFE Recovery Shelter!

DONATE link bio üí´

THANK YOU!!
#DrivingChange #SoulsHarbour  #buildhope #halifax #nonprofit https://t.co/7catq71fhe",[3]
The1MDollarBus,"*CAMPAIGN LAUNCH*
We're so thrilled to reveal our campaign video for @MissionMusings as we help them raise the funds needed to build their LIFE Recovery Shelter!

DONATE link bio üí´

THANK YOU!!
#DrivingChange #SoulsHarbour  #buildhope #halifax #nonprofit https://t.co/7catq71fhe",,[3]
chortletown,"RT @hokiebrat: @MaureenDe2 @chortletown @gaviota330 @FaustiniMary Poor baby. His adopter, Kara Allen, wouldn‚Äôt spend money to get the meds‚Ä¶","@MaureenDe2 @chortletown @gaviota330 @FaustiniMary Poor baby. His adopter, Kara Allen, wouldn‚Äôt spend money to get the meds he needed or take him back to the shelter. There‚Äôs a special place in Hell for people like her.",[3]
SabastianLaputa,"RT @CrashsLanding: @SabastianLaputa You‚Äôve already done a lovely thing for Dr. Jen: given needed food to our shelter kitties, of which ther‚Ä¶","@SabastianLaputa You‚Äôve already done a lovely thing for Dr. Jen: given needed food to our shelter kitties, of which there are several darling newbies. Dr. Jen‚Äôs heart is full when all her sweet babies are eating, getting the care they need, and allowing people to love on them! 
‚ù§Ô∏è‚ù§Ô∏è‚ù§Ô∏è",[3]
INRedCross,"From small house fires to multi-state natural disasters, the American Red Cross goes wherever we‚Äôre needed, so people can have clean water, safe shelter and hot meals when they need them most. https://t.co/pEZxGHlHSE",,[3]
WParhamenko,"RT @HumaneSociety01: This sweet girl is Kiley  (Kileona) Some of you may recall last July when she , just a baby, was abandone at our shelt‚Ä¶","This sweet girl is Kiley  (Kileona) Some of you may recall last July when she , just a baby, was abandone at our shelter grossly emaciated, to sick to even eat. Her momma took her and got her the care she needed... https://t.co/tVtL6XVdCI",[3]
Irish_Kreem,"As if we needed more reasons to shut this shit down. Oh btw, this happened on ‚Äúyour watch‚Äù ‚Å¶@realDonaldTrump‚Å©  https://t.co/hwW4p4DllW",,[3]
Gs_Chronicles,RT @MeetingPlaceC: Housing charity @Shelter have revealed rents soaring 60% faster than pay since 2011. More affordable housing is needed!‚Ä¶,Housing charity @Shelter have revealed rents soaring 60% faster than pay since 2011. More affordable housing is needed! #affordablehousing #socialhousing #housingmarket https://t.co/rr7equKKXP,[3]
RudmanNancy,"RT @ARS_animalreiki: üôå Need some tips &amp; advice to share #Reiki with a shelter, sanctuary or rescue organization in your area?
üìñThe ""Animal‚Ä¶","üôå Need some tips &amp; advice to share #Reiki with a shelter, sanctuary or rescue organization in your area?
üìñThe ""Animal Reiki Handbook"" will give you the confidence &amp; experience needed to help the animals who need it most!
https://t.co/SM9taXbySQ #LetAnimalsLead
#animalshelters",[3]
LOVECHILD5,RT @UnsignedHQ: #NP Love Child @lovechild5 - Needed Your Shelter on @UnsignedHQ,#NP Love Child @lovechild5 - Needed Your Shelter on @UnsignedHQ,[3]
LOVECHILD5,RT @RockInvasion: #NP Love Child @lovechild5 - Needed Your Shelter on @RockInvasion,#NP Love Child @lovechild5 - Needed Your Shelter on @RockInvasion,[3]
LOVECHILD5,RT @IronWavesRadio: #NP Love Child @lovechild5 - Needed Your Shelter on @IronWavesRadio,#NP Love Child @lovechild5 - Needed Your Shelter on @IronWavesRadio,[3]
LOVECHILD5,RT @MidwestBG: #NP Love Child @lovechild5 - Needed Your Shelter on @MidwestBG,#NP Love Child @lovechild5 - Needed Your Shelter on @MidwestBG,[3]
LOVECHILD5,RT @RockersUG: #NP Love Child @lovechild5 - Needed Your Shelter on @RockersUG,#NP Love Child @lovechild5 - Needed Your Shelter on @RockersUG,[3]
izyaslav_ilin,"RT @mulplayer: Heartbreaking Paintings of Deceased Shelter Dogs--

Just like photographer Traer Scott and her heartbreaking portraits of sh‚Ä¶","Heartbreaking Paintings of Deceased Shelter Dogs--

Just like photographer Traer Scott and her heartbreaking portraits of shelter dogs, artist Mark Barone is trying to bring some much needed attention to the neglected animals in shelters. After learnin https://t.co/v0CHHIYEtI",[3]
PeakLabRescue,"Foster and Forever Home Needed:  Zib!   Zib is a gorgeous 12 month old neutered black lab mix that came to us after being pulled from the shelter by a volunteer when his time was up.  He is extremely sweet, and... https://t.co/IF1hTRosNv",,[3]
GBan14,HC monitored CBI investigation really needed as Sushil Modi said earlier in shelter home rape case in Muzaffarpur...and surely it would reveal how many of RJD people were involved in it too... https://t.co/tPLmUvfxcm,,[3]
nasrene41,RT @barracudalover: @Purina @URI_NYC Grants are needed to support funding local animal boarding facilities/animal shelters to build space a‚Ä¶,@Purina @URI_NYC Grants are needed to support funding local animal boarding facilities/animal shelters to build space and cover care costs prioritized for DV pets. Health codes usually do not allow.providers of shelter for DV human victims to permit pets.,[3]
dkmntl,Our #UFO1 stage needed no tweaking. All this dark and grim and storming will find shelter here for three days. Dubby sounds by our friend R√∏dhad lay  the foundation of what is to come #Dekmantel18 https://t.co/HxXT98jr4i,,[3]
mulplayer,"Heartbreaking Paintings of Deceased Shelter Dogs--

Just like photographer Traer Scott and her heartbreaking portraits of shelter dogs, artist Mark Barone is trying to bring some much needed attention to the neglected animals in shelters. After learnin https://t.co/v0CHHIYEtI",,[3]
jewelsfrazier68,Donations needed for this 501c3 status shelter!  https://t.co/b1MmBq4NQ4,,[3]
DKieft,@Maureen52375 @CutlerRidgeLAZ The dog whisperer. We some how have ended up with 4 dogs that needed homes.....love them all....Chelsea came out of kill shelter.....never left https://t.co/0JUAqVMs9n,,[3]
EmilySweckerTV,"There‚Äôs a woman at the E.C. Glass shelter who needed to get to dialysis, didn‚Äôt have money for a cab, and a sergeant with the Lynchburg Sheriff‚Äôs Office just gave her money to cover the ride. He‚Äôs also been working for almost 24 hours. Don‚Äôt forget to thank your first responders. https://t.co/4Xv5xodjde",,[3]
arbulusu1,"No new institutional arrangements r needed. Every arrangement is in place. All it needs  is guts to act, Mr. CM. 
\""Shameful\"": Nitish Kumar Breaks Silence On Bihar Shelter Home Rapes:

https://t.co/LbHC9lBipR",,[3]
ykjoshi,"@Libertarian196 @Anita08061969 @ANI When refugee come. a shelter should be provided, India always does this wholeheartedly. No document needed. But refugee shelters are temporary. You will have to go back to your home when thing become normal. This is not 1971. Now thing are normal in Bangladesh.",,[3]
maryjane_,"""I want to know what she does when I am about to go.""She looked at me through the glass, climb down, moved to the bench, then got close to the glass.I didn't think about this at the time but I just needed more time and information about her.I just wanted to leave the shelter...",,[3]
maryjane_,"I felt Boots was a social cat. He would do well with kids and/or a dog. Boots üë¢ was adopted the same day as Velvet. Velvet needed an environment without a dogs, children,  or even other cats. From what some said she did not like the shelter...",,[3]
BarbarianBabes,"@fille404 @The_Hard_Boiled @samanFUN @SeaWitchMelody @AmandaLStan ""wouldn't mention trans women"" 

mention? i think if i needed to use a room at a shelter and one of the beds had a man on it that would be quite a shock. especially considering they don't seem to warn people first (as that recent lawsuit makes clear)",,[3]
AnnieinLondon2,"RT @butterflygone02: üÜòüÜòüÜòüÜòüêàüíîüêïüö®üö®üö®üö®

URGENTLY REQUESTING RT SHARES: PER @URGENTPODR &amp; @UrgentPart2, THE @NYCACC WILL KILL 1Ô∏è‚É£1Ô∏è‚É£ #SHELTER #PUP‚Ä¶","üÜòüÜòüÜòüÜòüêàüíîüêïüö®üö®üö®üö®

URGENTLY REQUESTING RT SHARES: PER @URGENTPODR &amp; @UrgentPart2, THE @NYCACC WILL KILL 1Ô∏è‚É£1Ô∏è‚É£ #SHELTER #PUPPIES #KITTENS #CATS #DOGS FRIDAY 8/3 UNLESS #RESCUE #ADOPT #FOSTER FOUND FOR EACH. FOSTER FREE, FREE TRANSPORTATION, &amp; FREE {IF NEEDED} VET CARE.üíî https://t.co/snoR0hNrms",[3]
GaryBeckwith75,And we have the blunt instrument of interest rate rises which hits the whole country not just where it‚Äôs needed. https://t.co/wnW0pPPp3R,,[3]
MeetingPlaceC,Housing charity @Shelter have revealed rents soaring 60% faster than pay since 2011. More affordable housing is needed! #affordablehousing #socialhousing #housingmarket https://t.co/rr7equKKXP,,[3]
sachikoko,RT @WonderDogRescue: This sweet Salinas lass is coming to us tomorrow.  They urgently needed to get her out of the shelter.  &lt;3 https://t.c‚Ä¶,This sweet Salinas lass is coming to us tomorrow.  They urgently needed to get her out of the shelter.  &lt;3 https://t.co/Uh4j0xekG3,[3]
RockersUG,#NP Love Child @lovechild5 - Needed Your Shelter on @RockersUG,,[3]
MidwestBG,#NP Love Child @lovechild5 - Needed Your Shelter on @MidwestBG,,[3]
IronWavesRadio,#NP Love Child @lovechild5 - Needed Your Shelter on @IronWavesRadio,,[3]
RockInvasion,#NP Love Child @lovechild5 - Needed Your Shelter on @RockInvasion,,[3]
UnsignedHQ,#NP Love Child @lovechild5 - Needed Your Shelter on @UnsignedHQ,,[3]
ArnaudFranz,"RT @HSIGlobal: WATCH as South Korean rescue dog, Clyde, receives a much-needed makeover after arriving at our temporary shelter facility in‚Ä¶","WATCH as South Korean rescue dog, Clyde, receives a much-needed makeover after arriving at our temporary shelter facility in Canada! You won‚Äôt believe his transformation. üêï‚úÇÔ∏è https://t.co/o3O3q5BwW2",[3]
LancasterCounty,Youth Intervention Center Detention and Shelter Hearings (as needed) https://t.co/kp66PELEkI https://t.co/MAXvNiLuYg,,[3]
sesmith,"This is the heartbreaking thing about being an open admission shelter: You take everyone, a much-needed public service, but also, you run out of room. Support your local open admission shelter and the rescues who pull from it, and let‚Äôs find some LA pals some homes this weekend! https://t.co/cofi92kGXm",,[3]
leighjalland,RT @FMSPCA: **DONATIONS NEEDED** The #fmspca is in need of donations of Fresh 4 Life Cat litter and dry cat food - if you can help us pleas‚Ä¶,"**DONATIONS NEEDED** The #fmspca is in need of donations of Fresh 4 Life Cat litter and dry cat food - if you can help us please drop off to the shelter Tuesday to Sunday 12:30-6pm.  Thanks for your support!
#donationsneeded #catlitter #drycatfood #thankyou #meow #purr https://t.co/jqOQSRaXkv",[3]
WonderDogRescue,This sweet Salinas lass is coming to us tomorrow.  They urgently needed to get her out of the shelter.  &lt;3 https://t.co/Uh4j0xekG3,,[3]
KenWhite21,"The shelter is no longet needed, but water, clothing and household items are available 24/7 through 6 p.m. Saturday night at the gymnasium parking lot accessible through the south entrance to the university. PM me with questions! https://t.co/e3esyoV4U3",,[3]
RecyclingForAll,"RT @HarborShelter: *Coachella,  Ca ~ üÜòDEAD THREADüÜò PLEDGES/RESCUE DESPERATELY NEEDED!!! BEEN IN SHELTER OVER A MONTH!! 
Just a 7 month old‚Ä¶","*Coachella,  Ca ~ üÜòDEAD THREADüÜò PLEDGES/RESCUE DESPERATELY NEEDED!!! BEEN IN SHELTER OVER A MONTH!! 
Just a 7 month old puppy...and he is gorgeous!!!

AUGUST - ID #A1448061 (AVAIL 6/26)
I am a... https://t.co/wWLepWpWs3",[3]
SaviorsHeroine,"Needed to find shelter soon. She was tired, hungry, and dirty. Lucille came upon a large complex, one spot was not guarded, someone must not be on their job. Lucille quickly ran up to a spot and looked around before she climbed over a low spot of the wall. Once inside, Lucille +",,[3]
canuck_mik,@punk_1 @nationalpost Wow you have no sympathy for a women who was physically abused by her partner and needed to be at a women‚Äôs shelter to be safe for one night. They are called women‚Äôs shelter not peoplekind-shelters,,[3]
BlondieeWood,Beyonce and Jay Z show is chaotic right now. Everyone needed to seek shelter from a thunderstorm. So now I‚Äôm sweating and slightly losing my mind. THESE ARE THE THINGS I DO FOR BEYJAY. #ontheruntour @Beyonce https://t.co/N2al3wCQhX,,[3]
bigdawgtazzz,"#Repost shelter.tales
„Éª„Éª„Éª
Please donate! üò≠
#RP @RDR_NYC „Éª„Éª„Éª üö®üÜòüö®DONATIONS DESPERATELY NEEDED FOR SHAWNAüö®üÜòüö® Just in ....Dear God!!
This poor baby! üò•üò° We are literally sick over her!!!! She‚Ä¶ https://t.co/dR4hhyEUXX",,[3]
mrsyobe,.@miamianimalserv is beyond capacity with the vast majority being large dogs and many long-time shelter residents.  Volunteers are needed for various tasks as shown in image and our shelter pets need you now!! Play groups take place Monday to Friday from‚Ä¶ https://t.co/JzgtcWvSiL https://t.co/b554i8q2wK,,[3]
BodaciousBunDog,@BoozyBadger Thanks Papa Boozy. I really needed this today. It was a bad day at the animal shelter I work at.,,[3]
HumaneSociety01,"This sweet girl is Kiley  (Kileona) Some of you may recall last July when she , just a baby, was abandone at our shelter grossly emaciated, to sick to even eat. Her momma took her and got her the care she needed... https://t.co/tVtL6XVdCI",,[3]
mrsyobe,.@miamianimalserv is beyond capacity with the vast majority being large dogs and many long-time shelter residents.  Volunteers are needed for various tasks as shown in image and our shelter pets need you now!! Play groups take place Monday to Friday from‚Ä¶ https://t.co/e5UKs7XqBJ,,[3]
iLEx_006,RT @AngieNBCLA: Volunteers and Donations of blankets and towels are urgently needed at South LA Animal Shelter - severe overcrowding right‚Ä¶,Volunteers and Donations of blankets and towels are urgently needed at South LA Animal Shelter - severe overcrowding right now.. Spread the word Twitter! #rescuecats #Rescue #Cat #Kitten #RESCUEDOGS https://t.co/lZdINwhY5d,[3]
cats_owl,"@windupgemma @Allgoodvibes4 M.Belpaire ‚ùå
 @AlfredBelpaire

Replying to @ruth_hunt
You interviewed 15 professionals. You did not interview a single woman who had needed to use a shelter. Do they want to sleep in the same room with someone like #JessBradley because he claims to be a woman?",,[3]
RedCrossCasc,"#RedCross has opened an info center in The Dalles for people affected by the #SouthValleyFire. Anyone in need of food, water or info related to #wildfires in the area can just show up. The center is prepared to transition into an overnight shelter if needed. #oregon https://t.co/TYm3jzJnPM",,[3]
MrGreenGenez,@JRMoockjr @esnjay Can provide de shelter if needed.   Must feed cats,,[3]
RihbeccaLee,Was it a message to those on the outside? Was the person who lived in that home so traumatized by the world that they needed to see jesus immediately as they ran inside to take shelter?? It was a really sun-faded photo so it had been there for a long time..,,[3]
mdalasta,"@GarnetGoolzy Oh, there‚Äôs no doubt in my mind he knew...but, until Shelly for someone says they told Urban.......AND not to mention, why in the F_CK did it get that far? I understand that is a Title IX issue, but she needed to go to police, or her parents or a woman‚Äôs shelter.",,[3]
FUR_Rabbits,URGENT Transport is needed tonight from Bradshaw Animal Shelter in Sacramento CA to House Rabbit Society in Richmond CA rabbit with medical need. Please comment with your contact information if you can help.,,[3]
butterflygone02,"üÜòüÜòüÜòüÜòüêàüíîüêïüö®üö®üö®üö®

URGENTLY REQUESTING RT SHARES: PER @URGENTPODR &amp; @UrgentPart2, THE @NYCACC WILL KILL 1Ô∏è‚É£1Ô∏è‚É£ #SHELTER #PUPPIES #KITTENS #CATS #DOGS FRIDAY 8/3 UNLESS #RESCUE #ADOPT #FOSTER FOUND FOR EACH. FOSTER FREE, FREE TRANSPORTATION, &amp; FREE {IF NEEDED} VET CARE.üíî https://t.co/snoR0hNrms",,[3]
LovlyKatieLumps,"@SarahHannafin Aren't you just the dose of inspiration that I needed tonight. 

So impressive. 

A) Yay for stability and consistency!
B) what chemo are you on? 
C) What about an animal shelter, vet clinic, dog kennel (I feel like you have 3 dogs of your own).",,[3]
FabioCostante,Great news for such an important and needed service in our community. https://t.co/QGSCG5yXZF @WellComeCentre #yqg,,[3]
AhomiyaH,"RT @NLECAA: According to SGAR of MD: ""She was dumped at the shelter with her mom Winnipeg (seen here) who needed a leg amputation, had flui‚Ä¶","According to SGAR of MD: ""She was dumped at the shelter with her mom Winnipeg (seen here) who needed a leg amputation, had fluid in her uterus and a bullet lodged in her shoulder."" #AdoptDontShop

Learn more about Chanel, Winnie, and all SGAR's dogs at https://t.co/YBXM3Uy8qn. https://t.co/nJjEyoaCxR",[3]
quietee_peachy,"This is Blue üê∂ the puppy and new member of my family and we recently adopted him üíú he was in the shelter for about a month and no one would take him in, so we decided he needed to grow in a home with love and grass.  Welcome to you‚Äôre new home Blue üíôü§óüè° https://t.co/ND1G2NGx67",,[3]
LOVECHILD5,RT @HighwayRock365: #NP Love Child @lovechild5 - Needed Your Shelter on @HighwayRock365,#NP Love Child @lovechild5 - Needed Your Shelter on @HighwayRock365,[3]
LOVECHILD5,RT @WNDYRadio365: #NP Love Child @lovechild5 - Needed Your Shelter on @WNDYRadio365,#NP Love Child @lovechild5 - Needed Your Shelter on @WNDYRadio365,[3]
CrashsLanding,"@SabastianLaputa You‚Äôve already done a lovely thing for Dr. Jen: given needed food to our shelter kitties, of which there are several darling newbies. Dr. Jen‚Äôs heart is full when all her sweet babies are eating, getting the care they need, and allowing people to love on them! 
‚ù§Ô∏è‚ù§Ô∏è‚ù§Ô∏è",,[3]
shuchi_sun,RT @NishkaK: Please look across the country - this is not a @NitishKumar issue only. We have an endemic problem spanning across decades. Sh‚Ä¶,"Please look across the country - this is not a @NitishKumar issue only. We have an endemic problem spanning across decades. Shelter homes are horror homes for kids of both genders. 
Urgent reform and scrutiny needed.
If you only focus on one state, you will miss forest for tree https://t.co/AajCp1GjHZ",[3]
TheDakpo,"The high point of my League of Legends experience was when there was a tornado and I told my teammates that I needed to afk from our non-ranked game because I had to find shelter. 

I was promptly reported by all teammates. Ahh, great times",,[3]
Dawn73295624,@riot1002 @nypost No she didn‚Äôt! Get s grip it was pouring rain she needed some shelter. That #ParkSlope #Girl needs to get a #life and some #Humanity,,[3]
WNDYRadio365,#NP Love Child @lovechild5 - Needed Your Shelter on @WNDYRadio365,,[3]
bigdawgtazzz,"#Repost miamidadedogs
„Éª„Éª„Éª
Tigger  A1024336 .11 year old senior at MDAS . Must leave shelter by Friday due to medical condition or will he killed.  Pledges needed for rescue to save him. https://t.co/5tgSjywK2d",,[3]
RDR_NYC,"üö®üÜòüö®DONATIONS DESPERATELY NEEDED FOR SHAWNAüö®üÜòüö®

Just in ....Dear God!!
This poor baby! üò•üò° We are literally sick over her!!!! She came into a GA kill shelter with a badly broken jaw &amp; it &amp;‚Ä¶ https://t.co/ThRhQcsrr3",,[3]
DonaldWaltman6,I stoped at VA today talked to hud vash the guy said i needed another referal? Told me to go to a shelter cause i could get hud vash faster .they just dont care.,,[3]
HarborShelter,"*Coachella,  Ca ~ üÜòDEAD THREADüÜò PLEDGES/RESCUE DESPERATELY NEEDED!!! BEEN IN SHELTER OVER A MONTH!! 
Just a 7 month old puppy...and he is gorgeous!!!

AUGUST - ID #A1448061 (AVAIL 6/26)
I am a... https://t.co/wWLepWpWs3",,[3]
mightypuparoo,"*shake it off*   I was able to get a dvd and I do have, food, shelter and at the moment much needed healthcare. This was hopefully just a little venting. Be safe everyone, loves ya.üòò",,[3]
FMSPCA,"**DONATIONS NEEDED** The #fmspca is in need of donations of Fresh 4 Life Cat litter and dry cat food - if you can help us please drop off to the shelter Tuesday to Sunday 12:30-6pm.  Thanks for your support!
#donationsneeded #catlitter #drycatfood #thankyou #meow #purr https://t.co/jqOQSRaXkv",,[3]
chcradio,"Dr. @ColleenKraft visited a tender age migrant shelter and what she saw was heartbreaking. ‚ÄúThese children needed their parents. Because the parents weren‚Äôt there they were suffering from toxic stress, and their behavior was so abnormal for toddlers.‚Äù https://t.co/JHEeONiGMW https://t.co/agb78p9oMx",,[3]
hokiebrat,"@MaureenDe2 @chortletown @gaviota330 @FaustiniMary Poor baby. His adopter, Kara Allen, wouldn‚Äôt spend money to get the meds he needed or take him back to the shelter. There‚Äôs a special place in Hell for people like her.",,[3]
ladner_sar,@ChaseJones228 jackson county shelter in ocean springs off of 90 does free adoptions along with the free spay and neuter/ all the needed shots,,[3]
ARS_animalreiki,"üôå Need some tips &amp; advice to share #Reiki with a shelter, sanctuary or rescue organization in your area?
üìñThe ""Animal Reiki Handbook"" will give you the confidence &amp; experience needed to help the animals who need it most!
https://t.co/SM9taXbySQ #LetAnimalsLead
#animalshelters",,[3]
ShelterAnimals1,"TRANSPORT NEEDED .. PLEASE POST ON PAGE AND LET JO BRENDEL KNOW IF YOU CAN HELP 8-2  1:30PM (GARLAND SHELTER TO PARIS, TX!) https://t.co/CajloJ6F8r",,[3]
JDeng5,"@LaurenPinDC Trust-building requires resource for social service delivery (food, medicine, shelter) much needed by dispersed population 
#TimeForRealSupport #HumanitarianAid",,[3]
MusingsbyShe,"RT @MissionMusings: WOW, we blasted through $30,000 and are now over 60% of the way to the final 50K needed to build our LIFE Recovery Shel‚Ä¶","WOW, we blasted through $30,000 and are now over 60% of the way to the final 50K needed to build our LIFE Recovery Shelter at #SoulsHarbour.  Get on board at https://t.co/DiMj0zxoZu today!  #buildhope #getonthebus #milliondollarbus https://t.co/scktWTGTD3",[3]
pennyappeal,"Here is a shallow tube well, where Rohingya refugee families live in the shelter village.

This water is desperately needed during the monsoon season where these villages are flooded with contaminated and unsafe water.

Donate Now: https://t.co/Howy55rwAI 
Or call 03000 11 11 11. https://t.co/zSZ5JcrGfw",,[3]
darkshadcws,"@WebsAreFun Flushes at the question. 

‚ÄúWell, I‚Äôm, um. Im dating Loki.‚Äù 
He said the last part quickly, then rubbed the back of his neck. 

‚ÄúI took shelter near the tower one day and Bucky found me, said I needed to come inside, Tony practically adopted me, and...it‚Äôs a long story.‚Äù",,[3]
ElizabethPIll13,RT @AlfredBelpaire: @ruth_hunt You interviewed 15 professionals. You did not interview a single woman who had needed to use a shelter. Do t‚Ä¶,@ruth_hunt You interviewed 15 professionals. You did not interview a single woman who had needed to use a shelter. Do they want to sleep in the same room with someone like #JessBradley because he claims to be a woman?,[3]
MissionMusings,"WOW, we blasted through $30,000 and are now over 60% of the way to the final 50K needed to build our LIFE Recovery Shelter at #SoulsHarbour.  Get on board at https://t.co/DiMj0zxoZu today!  #buildhope #getonthebus #milliondollarbus https://t.co/scktWTGTD3",,[3]
NishkaK,"Please look across the country - this is not a @NitishKumar issue only. We have an endemic problem spanning across decades. Shelter homes are horror homes for kids of both genders. 
Urgent reform and scrutiny needed.
If you only focus on one state, you will miss forest for tree https://t.co/AajCp1GjHZ",,[3]
FAASTX,"LAST CHANCE! HAVE TO BE TAGGED &amp; OUT by 5pm TODAY! Been at shelter for 17 days; Rescue only-Too small to tnr 
+++FOSTER/RESCUED NEEDED ASAP+++ https://t.co/XXKbVugJ6e",,[3]
omnoshedidnt,"Day 30: Seeking refuge in divine shelter 

I didn‚Äôt forget about day 30. I just needed a few days to reflect before my final post. 

The beautiful thing about the last 30 days is that each‚Ä¶ https://t.co/HeRzOYvVMd",,[3]
ycspi,"On August 1, 2018, York County Shelter Programs received more‚Ä¶ much needed donations delivered to our doorstep by Ellie (Eleanor) Andrews and Diane Roberts. Diane to date has made over 320 children quilts! So that every... https://t.co/uHzL9kljKr",,[3]
HighwayRock365,#NP Love Child @lovechild5 - Needed Your Shelter on @HighwayRock365,,[3]
NickiScroggin,"Awe, thankful to the fireman that rescued them and got them the care that they needed. üêà üêì üöí  https://t.co/jNFfUwGed8",,[3]
KCMom3,RT @ARAINSURE: We celebrated #DOGust yesterday by donating some needed goods and recycling some of our outdated swag and logo-less apparel.‚Ä¶,We celebrated #DOGust yesterday by donating some needed goods and recycling some of our outdated swag and logo-less apparel. We delivered the items to local animal shelters. WOOF! üê∂@WaysideWaifs &amp; Midwest Animal ResQ. More about DOGust: https://t.co/KaWx79pZge https://t.co/4oQvebcHz7,[3]
ARAINSURE,We celebrated #DOGust yesterday by donating some needed goods and recycling some of our outdated swag and logo-less apparel. We delivered the items to local animal shelters. WOOF! üê∂@WaysideWaifs &amp; Midwest Animal ResQ. More about DOGust: https://t.co/KaWx79pZge https://t.co/4oQvebcHz7,,[3]
RecyclingForAll,"RT @ShelterAnimals1: ‚ùå‚ùåCODE RED  ‚ùå‚ùåSHELTER IS FULL. 
I NEED TO EXIT THE MESQUITE SHELTER BEFORE 3:00 PM, FRIDAY, 08/03.**IF SPACE IS NEEDED‚Ä¶","‚ùå‚ùåCODE RED  ‚ùå‚ùåSHELTER IS FULL. 
I NEED TO EXIT THE MESQUITE SHELTER BEFORE 3:00 PM, FRIDAY, 08/03.**IF SPACE IS NEEDED,I MAY BE PULLED EARLIER!** https://t.co/qyU9vX4ocn",[3]
RecyclingForAll,"RT @ShelterAnimals1: ‚ùå‚ùåCODE RED  ‚ùå‚ùåSHELTER IS FULL. 
I NEED TO EXIT THE MESQUITE SHELTER BEFORE 3:00 PM, FRIDAY, 08/03.**IF SPACE IS NEEDED‚Ä¶","‚ùå‚ùåCODE RED  ‚ùå‚ùåSHELTER IS FULL. 
I NEED TO EXIT THE MESQUITE SHELTER BEFORE 3:00 PM, FRIDAY, 08/03.**IF SPACE IS NEEDED,I MAY BE PULLED EARLIER!** https://t.co/YolX2vYL9i",[3]
RecyclingForAll,"RT @HarborShelter: *Coachella,  Ca ~ PLEDGES/RESCUE DESPERATELY NEEDED!!! BEEN IN SHELTER OVER A MONTH!! 
Just a 7 month old puppy...and he‚Ä¶","*Coachella,  Ca ~ PLEDGES/RESCUE DESPERATELY NEEDED!!! BEEN IN SHELTER OVER A MONTH!! 
Just a 7 month old puppy...and he is gorgeous!!!

AUGUST - ID #A1448061 (AVAIL 6/26)
I am a male, black and... https://t.co/4BDoZbLIis",[3]
PBK_twt,"in his fist. ""He felt a lot better, after I reminded him. He trusts you, hyung... So do I.""

HHHHH. ""Well,"" Yoongi hedges, turning on his heel and rubbing his nose, ""I'll do my best, anyway. I'll give him food and shelter, at least‚Äî""

""That's what he needed,"" Jungkook insists,+",,[3]
fallenangelsza,YAY!!!! We are now much easier to find. Our gorgeous new signs are all in place. Huge Thankyou to ARRO Shelter Legacy Project and Rhosigns. Our much needed signs are beautiful.,,[3]
ShelterAnimals1,"‚ùå‚ùåCODE RED  ‚ùå‚ùåSHELTER IS FULL. 
I NEED TO EXIT THE MESQUITE SHELTER BEFORE 3:00 PM, FRIDAY, 08/03.**IF SPACE IS NEEDED,I MAY BE PULLED EARLIER!** https://t.co/YolX2vYL9i",,[3]
SNAP_2IT,"Available to melt your heart ‚ù§Ô∏è and Foster and or adopter needed ASAP 
Meet Smiley saved from a high kill shelter he is fully vetted, crate &amp; house trained, walks well on a leash, great with other dogs, people and... https://t.co/RoEbio9oVV",,[3]
demeter_hatter,"@JacksonGalaxy Hi Jackson, today, I pulled away the cats from a terrible owner and poor surrounding. And I took the cats to animal shelter. The first experience needed a lot of courage. I tried hard while thinking about your wonderful activities. I got it done. Thank you.",,[3]
micortazonzz1,RT @KOCOJessica: OVER CAPACITY: Your help needed! Oklahoma City Animal Shelter has a full house. Here's a look at some of the other animals‚Ä¶,OVER CAPACITY: Your help needed! Oklahoma City Animal Shelter has a full house. Here's a look at some of the other animals you can adopt: https://t.co/s1KK6Tvn6k https://t.co/8u9SCkenWE,[3]
micortazonzz1,"RT @koconews: Adoptions, volunteers needed as OKC Animal Shelter reaches over capacity https://t.co/nnFeUz95Id https://t.co/zmwpFnZnda","Adoptions, volunteers needed as OKC Animal Shelter reaches over capacity https://t.co/nnFeUz95Id https://t.co/zmwpFnZnda",[3]
CurmudgeonlyMoi,"RT @EtobHumaneSoc: HELP NEEDED - Name that cat!

EHS is rescuing this cat from a kill-shelter on Friday. We need your help naming him.

Thi‚Ä¶","HELP NEEDED - Name that cat!

EHS is rescuing this cat from a kill-shelter on Friday. We need your help naming him.

This sweet 2-year-old boy was found stray. He injured himself when his paw was caught... https://t.co/VffEa14Who",[3]
CreeStrong,"@joerogan @mic No dad is letting a dopey wall stop him from earning to provide food, shelter, meds to his family. Shit is primal, nothing will stop a real dad from doing what is needed. Stop being spun folks",,[3]
EtobHumaneSoc,"HELP NEEDED - Name that cat!

EHS is rescuing this cat from a kill-shelter on Friday. We need your help naming him.

This sweet 2-year-old boy was found stray. He injured himself when his paw was caught... https://t.co/VffEa14Who",,[3]
ShtolaRhul,"Because we will be a shelter to anyone who needs it. Specially now...

Pray support #theNewFacesOfHope. We are needed now more than ever. https://t.co/RNylgY5pNu",,[3]
BenitaCrow1,"RT @pah210: OHIO....FOSTER NEEDED FOR THIS SWEET SENIOR!!!
ANYBODY???
Contact Kelly J Willis 
if you can give this sweet soul a soft cushy‚Ä¶","OHIO....FOSTER NEEDED FOR THIS SWEET SENIOR!!!
ANYBODY???
Contact Kelly J Willis 
if you can give this sweet soul a soft cushy place to live out his years
He don‚Äôt deserve to be living day to Day in a shelter... https://t.co/PDuykVp8Zm",[3]
BenitaCrow1,"RT @pah210: OHIO....FOSTER NEEDED FOR THIS SWEET SENIOR!!!
ANYBODY???
Contact Kelly J Willis 
if you can give this sweet soul a soft cushy‚Ä¶","OHIO....FOSTER NEEDED FOR THIS SWEET SENIOR!!!
ANYBODY???
Contact Kelly J Willis 
if you can give this sweet soul a soft cushy place to live out his years
He don‚Äôt deserve to be living day to Day in a shelter... https://t.co/xX55OGlOc7",[3]
pah210,"OHIO....FOSTER NEEDED FOR THIS SWEET SENIOR!!!
ANYBODY???
Contact Kelly J Willis 
if you can give this sweet soul a soft cushy place to live out his years
He don‚Äôt deserve to be living day to Day in a shelter... https://t.co/PDuykVp8Zm",,[3]
pah210,"OHIO....FOSTER NEEDED FOR THIS SWEET SENIOR!!!
ANYBODY???
Contact Kelly J Willis 
if you can give this sweet soul a soft cushy place to live out his years
He don‚Äôt deserve to be living day to Day in a shelter... https://t.co/xX55OGlOc7",,[3]
helping_meowt,"READ FULL STORY HERE: https://t.co/xNwF8Xusfv üì¶üì¶ SUPPLIES NEEDED üì¶üì¶ Regrann from @sims.foster.family -  Today we went to volunteer at our organization‚Äôs second location. They are INCREDIBLY understaffed and undersupplied, and need tons and tons of help. The shelter is extre‚Ä¶ https://t.co/Fpxndrpqgt",,[3]
RoganBarbara,"RT @JLAustin13: üè≥Ô∏è‚Äçüåàü§©Hey!!!!!!ü§©üè≥Ô∏è‚Äçüåà

I'm sponsoring a book drive for the Ruth Ellis Center a shelter/center for LGBTQIA youth in Detroit!‚Ä¶","üè≥Ô∏è‚Äçüåàü§©Hey!!!!!!ü§©üè≥Ô∏è‚Äçüåà

I'm sponsoring a book drive for the Ruth Ellis Center a shelter/center for LGBTQIA youth in Detroit!

Thread of info on how you can help bring much needed LGBTQIA books to the center!

RT's much appreciated!!

#amreading #Ownvoices #Detroit",[3]
BeccaMarshall12,RT @felicito15: A family is suing the U.S. government after they say a boy was bullied in the Chicago immigration shelter. HIs injuries wer‚Ä¶,"A family is suing the U.S. government after they say a boy was bullied in the Chicago immigration shelter. HIs injuries were so bad that his head was ‚Äúcracked open‚Äù and he needed staples. https://t.co/0NiyywN6dt
#AbolishICE üñïüèø https://t.co/7f793gOS3O",[3]
felicito15,"A family is suing the U.S. government after they say a boy was bullied in the Chicago immigration shelter. HIs injuries were so bad that his head was ‚Äúcracked open‚Äù and he needed staples. https://t.co/0NiyywN6dt
#AbolishICE üñïüèø https://t.co/7f793gOS3O",,[3]
RebeMccarthy,They are mad because we are able to pay for things we needed with the new tax regulations. Certain politicians and I am not saying it's one sided but they wanted tax dollars for pet projects like a family business or a coffer tax shelter to refunnel money into their regimes. https://t.co/Ih0s2g9zeT,,[3]
jaibee007,"RT @butterflygone02: üÜòüÜòüÜòüÜòüêàüíîüêïüö®üö®üö®üö®

URGENTLY REQUESTING RT SHARES: PER @URGENTPODR &amp; @UrgentPart2, THE @NYCACC WILL KILL 2Ô∏è‚É£9Ô∏è‚É£ #SHELTER #PUP‚Ä¶","üÜòüÜòüÜòüÜòüêàüíîüêïüö®üö®üö®üö®

URGENTLY REQUESTING RT SHARES: PER @URGENTPODR &amp; @UrgentPart2, THE @NYCACC WILL KILL 2Ô∏è‚É£9Ô∏è‚É£ #SHELTER #PUPPIES #KITTENS #CATS #DOGS THURS 8/2 UNLESS #RESCUE #ADOPT #FOSTER FOUND FOR EACH. FOSTER FREE, FREE TRANSPORTATION, &amp; FREE {IF NEEDED} VET CARE.üíî https://t.co/7KISQb5oU2",[3]
AlfredBelpaire,@ruth_hunt You interviewed 15 professionals. You did not interview a single woman who had needed to use a shelter. Do they want to sleep in the same room with someone like #JessBradley because he claims to be a woman?,,[3]
HarborShelter,"*Coachella,  Ca ~ PLEDGES/RESCUE DESPERATELY NEEDED!!! BEEN IN SHELTER OVER A MONTH!! 
Just a 7 month old puppy...and he is gorgeous!!!

AUGUST - ID #A1448061 (AVAIL 6/26)
I am a male, black and... https://t.co/4BDoZbLIis",,[3]
Lucy_Lauridsen,@BarelyCrafty Ahh not too bad. I was thinking a fortnight... so it could be worse. Going off the previous ones I can only assume it‚Äôs: 250 Wire 100 Fuel 250 Metal Parts 80 electronics. That must also mean 5/5 shelter level 7 is needed... I need to fast travel 315hrs üòÇ,,[3]
Michell51853221,"RT @ShelterGouves: üêæüêæüòû FOSTER NEEDED URGENT üêæüêæ 
We got the message from a friend of the shelter that a sweet dog and her 10(!!!) üò≥pups were‚Ä¶","üêæüêæüòû FOSTER NEEDED URGENT üêæüêæ 
We got the message from a friend of the shelter that a sweet dog and her 10(!!!) üò≥pups were in a field in gouves, the pups are still young and drinking milk.... We can not close our... https://t.co/86fa54SxGE",[3]
ShelterGouves,"üêæüêæüòû FOSTER NEEDED URGENT üêæüêæ 
We got the message from a friend of the shelter that a sweet dog and her 10(!!!) üò≥pups were in a field in gouves, the pups are still young and drinking milk.... We can not close our... https://t.co/86fa54SxGE",,[3]
LOVECHILD5,RT @Indie365Radio: #NP Love Child @lovechild5 - Needed Your Shelter on @Indie365Radio,#NP Love Child @lovechild5 - Needed Your Shelter on @Indie365Radio,[3]
Indie365Radio,#NP Love Child @lovechild5 - Needed Your Shelter on @Indie365Radio,,[3]
ImpossibleOz,"@atimelessstorm Doctor certainly kept her fit, who needed a gym?

Pulling herself along a branch she appeared from the shelter of the trees, dirt smudged on her cheek and down her nose. Carefully she shimmed along the branch she needed, casting a quick glance over him as she drew closer.

-",,[3]
dariusdarealtor,@HOUSEHOLDSTRESS Tough one. I think it is okay. If she is the primary caregiver then he should want to make sure his child is in a safe environment and has the shelter needed. Most people are one hospital visit away from having f-up credit,,[3]
migrantslives,"Shelter urgently needed for Indonesian quake victims, UN aid agencies say https://t.co/UsfMLZ2mCL #Refugees https://t.co/eP9sXjwqJ1",,[3]
HipHopHead_347,"RT @parthetis: If you can, please contribute to @berkeleyhumane what you can (no amount too small!) to the huge animal evacuation efforts n‚Ä¶","If you can, please contribute to @berkeleyhumane what you can (no amount too small!) to the huge animal evacuation efforts needed to get these shelter animals out of danger.  Thank you!! üíñüôèüê±üê∂ #CarrFire #animalrescue 
Emergency Rescue in Process: https://t.co/L6a43nZdCz ‚Ä¶ https://t.co/bJPNsnyNsr",[3]
poppy_palace,RT @MerryMacG473: üÜò HELP NEEDED!! Mom &amp; daughter DUMPED at shelter while Mom is having seizures!!üò©üö® Tiny 14yo in video on bottom during sei‚Ä¶,"üÜò HELP NEEDED!! Mom &amp; daughter DUMPED at shelter while Mom is having seizures!!üò©üö® Tiny 14yo in video on bottom during seizure. Cricket top video crying for momüíî 

üÜò Rescue @RDR_NYC needs donations to treat &amp; save themüôèüèΩ‚¨áÔ∏èüÜò 

#Beagle #SeniorDogs 

https://t.co/PyJvfSh4cg",[3]
11AliveNews,RT @heathermarie413: @11AliveNews Thank you for the up-to-the-minute tracking of these storms! We were right in the path and needed to know‚Ä¶,@11AliveNews Thank you for the up-to-the-minute tracking of these storms! We were right in the path and needed to know when to seek shelter with our children. Thanks again for helping to keep us all safe!,[3]
dion_murphy,RT @camb_shelter: We are looking for #volunteers here at the shelter! Help is needed for our dinner services both during the week and on we‚Ä¶,"We are looking for #volunteers here at the shelter! Help is needed for our dinner services both during the week and on weekends. For more information, you can reach our volunteer coordinator at gord@cambridgesheltercorp.ca",[3]
kinkers24,"URGENT!!!  &gt; Transport help needed ! From Conway SC to Mt Pleasant SC asap ! Litter of pups with 1 having a snake bite need transport from Horry County Shelter to Paws in Paradise for urgent care

Rescued by All 4 Paws/Palmetto Paws https://t.co/ysZ87GKO0z",,[3]
FRAs_TX,"RESCUE OR HOSPICE FOSTER NEEDED. 

Emma is a sweet dog at the Rowlett shelter.  We already knew she has heartworms but is extremely skinny and cannot put on any weight  so we sent her to our vet to do a blood... https://t.co/zyWLqfAtAg",,[3]
pikeanimals,"We‚Äôd like to Thank the ladies who drove from (HAWS) Wisconsin, to Troy Al for 3 days to help our overcrowded and much needed shelter. Also, helping us run a successful transport of 30 dogs/puppies. We appreciated... https://t.co/Vi2z5e6n1N",,[3]
DLWilsonsWorld,"Be safe, everyone...!!! *I have my little storm shelter, ready if needed. https://t.co/NmRDOPztJe",,[3]
heathermarie413,@11AliveNews Thank you for the up-to-the-minute tracking of these storms! We were right in the path and needed to know when to seek shelter with our children. Thanks again for helping to keep us all safe!,,[3]
barracudalover,@Purina @URI_NYC Grants are needed to support funding local animal boarding facilities/animal shelters to build space and cover care costs prioritized for DV pets. Health codes usually do not allow.providers of shelter for DV human victims to permit pets.,,[3]
AnnCluck,"July 28 at 1:42 AM
EXTREMELY URGENT....HIGH KILL SHELTER 
""DUNCAN""
PLEDGES &amp; A LEGITIMATE LOCAL FOSTER OFFER IS DESPERATELY NEEDED TO SAVE THIS SWEET SENIOR
Duncan #179952... https://t.co/YTtSGVSfDm",,[3]
AnnCluck,"EXTREMELY URGENT....HIGH KILL SHELTER 
""DUNCAN""
PLEDGES &amp; A LEGITIMATE LOCAL FOSTER OFFER IS DESPERATELY NEEDED TO SAVE THIS SWEET SENIOR
Duncan #179952... https://t.co/ttF59iZCiN",,[3]
SSAnimalShelter,Lots of supplies are needed to keep the shelter clean everydayüòä.  We are in need of the following if anyone wants to donate them at the shelter.  We couldn't do all we do for the animals without the help of our... https://t.co/fVGaGXv9hF,,[3]
thisisposthuman,"@cdufranc @RobertWilonsky @dallasnews There are a lot of volunteers needed out there. The bridge, austin street shelter, city square, salvation army, ect...",,[3]
butterflygone02,"üÜòüÜòüÜòüÜòüêàüíîüêïüö®üö®üö®üö®

URGENTLY REQUESTING RT SHARES: PER @URGENTPODR &amp; @UrgentPart2, THE @NYCACC WILL KILL 2Ô∏è‚É£9Ô∏è‚É£ #SHELTER #PUPPIES #KITTENS #CATS #DOGS THURS 8/2 UNLESS #RESCUE #ADOPT #FOSTER FOUND FOR EACH. FOSTER FREE, FREE TRANSPORTATION, &amp; FREE {IF NEEDED} VET CARE.üíî https://t.co/7KISQb5oU2",,[3]
iwd12,"RT @LesleyKempson: URGENT FOSTER NEEDED
Hello, my name is Zazu. My animal id is #35151.
I am a male orange tabby kitten at the Brooklyn Ani‚Ä¶","URGENT FOSTER NEEDED
Hello, my name is Zazu. My animal id is #35151.
I am a male orange tabby kitten at the Brooklyn Animal Care Center.
I am 9 weeks old.
I came into the shelter as a stray
URI &amp; CONJUNCTIVITIS: on meds &amp; Supps.
Underweight
FRIENDLY, SHY
https://t.co/6djg81IObm",[3]
wonderfulmimixo,"Next speaker asks why the special use permit is even needed. If the zone is for residential, it should stay residential. CCC states that no matter where they put the shelter, they would need a SUP.",,[3]
helping_meowt,"READ FULL STORY HERE: https://t.co/gwY4KS6c0I üí∏üí∏ DONATIONS NEEDED üí∏üí∏ Regrann from @krazykittens802 -  As promised, meet Tiger! This little girl has been pulled from a shelter In Texas. She would have otherwise been euthenized.  She's in a *very temporary* foster placement u‚Ä¶ https://t.co/eGmRptv2bQ",,[3]
CarolCpmgasser,"@RealJamesWoods They are sucking the life out of the system.Meanwhile American citizens,including veterans,who could be receiving much needed help are homeless,living on the streets in need of food,shelter and healthcare",,[3]
LesleyKempson,"URGENT FOSTER NEEDED
Hello, my name is Zazu. My animal id is #35151.
I am a male orange tabby kitten at the Brooklyn Animal Care Center.
I am 9 weeks old.
I came into the shelter as a stray
URI &amp; CONJUNCTIVITIS: on meds &amp; Supps.
Underweight
FRIENDLY, SHY
https://t.co/6djg81IObm",,[3]
GayleCollicutt,"@TimothyHalman @TonyMancini_NS @RTonyince @ChenderMLA @Dartmouth_Tim @dharrisonMCIP A shelter is needed, we fill up over here, especially Winters.  My heart broke reading a tweet in the Winter about the woman with nowhere to go on your side of the bridge during the weather bomb.",,[3]
RecyclingForAll,"RT @HarborShelter: *Coachella,  Ca ~ PLEDGES/RESCUE DESPERATELY NEEDED!!! BEEN IN SHELTER OVER A MONTH!! 
Just a 7 month old puppy...and he‚Ä¶","*Coachella,  Ca ~ PLEDGES/RESCUE DESPERATELY NEEDED!!! BEEN IN SHELTER OVER A MONTH!! 
Just a 7 month old puppy...and he is gorgeous!!!

AUGUST - ID #A1448061 (AVAIL 6/26)
I am a male, black and... https://t.co/bEt1Q4uV8Z",[3]
vicecanada,Refugee advocates warn that a long-term plan is still sorely needed. https://t.co/paqWL58QAj,,[3]
1917BestYear,"@ernest_snooks @compartycanada Do you never work for works own reward? Do scientists not work for discovery? Do teachers not work to teach? Do inventors not invent to help others? Why are there so many doctors in Cuba when they are paid so little? Money is only useful when needed to feed, cloth, and shelter.",,[3]
thepoemboys,"don't know how i got here, i don't know where i am. but i'm lost, been here for years walking in circles just waiting, looking. just ended up hallucinating or daydreaming. i am just looking for that saviour, the water needed to keep me going, the shelter needed to keep me safe.",,[3]
WestBendNews,"In today's Daily News, an update on Karl's Place, the West Bend homeless shelter that opened in February, shows how much it was needed in the community.",,[3]
LamoTheLion,#whyijoinedtwitter was because I needed somewhere to #shelter from the #rain Same in here &amp; just never left! ‚òîÔ∏èü¶Å,,[3]
ShelterAnimals1,"‚ùå‚ùåCODE RED  ‚ùå‚ùåSHELTER IS FULL. 
I NEED TO EXIT THE MESQUITE SHELTER BEFORE 3:00 PM, FRIDAY, 08/03.**IF SPACE IS NEEDED,I MAY BE PULLED EARLIER!** https://t.co/qyU9vX4ocn",,[3]
NoelHelwig,"@HowieCarrShow Captain, Jim A needed to shelter in place!

Newbury man",,[3]
C6E_MUSIC,"@magnumCJ @BigOrangeMack I asked the wife if she had been harmed, she said no. I offered to take her and the baby to a shelter, make sure they had anything they needed. He started to object and that started the shut up I am talking. His mouth dropped open. Almost knocked me over with that breath.",,[3]
KentHumane,"Help HSKC raise some much needed funds for new enrichment items for our animals. The shelter environment can be stressful for dogs, but shelter staff and volunteers can help ease that stress by providing enrichment... https://t.co/kLGn5z1jFH",,[3]
MDRN_dogrescue,"Fosters needed! These 3 are in a shelter and need rescue help. The Aussie mix pup is 5 mon. The tan chihuahua is a female and 9 months. The Black and Tan chihuahua is a male, 2 years.",,[3]
LebanonHumane,Bam Bam here with a quick update of our most needed shelter items! Any donation of items are grreatly appreciated! Bam Bam continues his search for his one true love! This handsome hunk is included in our Hot Diggity Dog Adoption Special through Sunday!,,[3]
alonsorosa_,"Sure I would kiss you, I lay you with you
You broke, no, I can't fix you
I won't, no, won't diss you
But babe, yeah, might miss you
If you're cold and needed shelter
I'd hold you, but not sweat ya
I know we're not together
But babe, I won't forget ya",,[3]
MathematicalOwl,@JeremyCaron @NECN @StoughtonPD @necn could have chosen to frame the article differently. Every statement they used was towards police activity at the shelter. All they needed was the part about that particular arrest.,,[3]
NLECAA,"According to SGAR of MD: ""She was dumped at the shelter with her mom Winnipeg (seen here) who needed a leg amputation, had fluid in her uterus and a bullet lodged in her shoulder."" #AdoptDontShop

Learn more about Chanel, Winnie, and all SGAR's dogs at https://t.co/YBXM3Uy8qn. https://t.co/nJjEyoaCxR",,[3]
_Spirit_Lion_,"Miracle is a social little 3 week old kitten who was brought to the shelter all alone. A foster home is needed asap! https://t.co/nfGrRC3Ysd

‚Äî URGENT PODR (URGENTPODR) August 1, 2018",,[3]
LASvols,We have seen issues with 3 of our dogs at the shelter and knew they needed to be evaluated outside of the shelter to be given a chance.  We reached out to ARATT and they said yes to taking all 3 plus 3 more... https://t.co/gBBzFFHxcl,,[3]
Aimeysue,"@WilliamOMalley7 @foxnewspolitics @brookefoxnews Don‚Äôt know.   Perhaps you joined an organization that tends to draw more liberal volunteers.   I have been a member of a church group which also helps people in a plethora of ways, ranging from food to shelter as well as needed funds and only know about two who vote Democratic...",,[3]
RammohanRoy6,I condemn the speech of Sri Sugato Bose in parliament.... Our motto should be to pressurize the neighboring country Myanmar to prevent atrocities to Rohingas..and to give them financial support if needed... . Not to give shelter to them,,[3]
herdHater,"RT @ruralkingsupply: ‚òÄÔ∏è Create some much needed shade for your campsite, tailgate, or party with the Rural King Pop-Up Shelter. Available i‚Ä¶","‚òÄÔ∏è Create some much needed shade for your campsite, tailgate, or party with the Rural King Pop-Up Shelter. Available in red, blue, and green! ‚òÄÔ∏è https://t.co/aIYBY4qOqy",[3]
RescueMission,"Deodorant, undergarments and towels: these are items that are urgently needed in our shelters. We go through these items quickly, as they are needed by our guests. We would greatly appreciate any donation - learn more: https://t.co/H5XhlbOHbf",,[3]
micharacads,"I needed the shelter of someone's arms and there you were.
I needed someone to understand my ups and downs and there you were.",,[3]
hlweiner,"Here is a picture of Mike the Vet. I live yards from him. Until a retired nurse posted on FB, I never bothered to ask him what he needed. So I brought ice for his cooler. BFD. He is in a bizarro world catch-22 bureaucratic whirlpool of no shelter b/c he has MRSA. https://t.co/U1kW8SNtTW",,[3]
tmakrivera,"RT @MelissaLovesHOU: .@FireChiefofHFD says original permitted use was for INTENDED use as a @StarOfHope type Shelter, NOT a detention cente‚Ä¶",".@FireChiefofHFD says original permitted use was for INTENDED use as a @StarOfHope type Shelter, NOT a detention center @HoustonFire @HoustonHealth @HoustonPWE officials discuss permits needed for potential @SouthwestKey detention center for #migrantchildren #HouNews https://t.co/6slZWqjMrP",[3]
MelissaLovesHOU,".@FireChiefofHFD says original permitted use was for INTENDED use as a @StarOfHope type Shelter, NOT a detention center @HoustonFire @HoustonHealth @HoustonPWE officials discuss permits needed for potential @SouthwestKey detention center for #migrantchildren #HouNews https://t.co/6slZWqjMrP",,[3]
Dettmann_WBDN,"In today's Daily News, an update on Karl's Place, the West Bend homeless shelter that opened in February, shows how much it was needed in the community. https://t.co/20cZMJzxKc",,[3]
JThibodeauxNews,"Donations needed for  St. Marguerite d‚ÄôYouville Home. It provides shelter to homeless pregnant women and sometimes women with small children. The DesOrmeaux Foundation
https://t.co/Yanr9A39RN https://t.co/7S1NV5MdkC",,[3]
ckingbenefits,"RT @waypoint1911: Cleaning products are needed to keep Madge Phillips Center Shelter sparkling and shining, but also to send with clients w‚Ä¶","Cleaning products are needed to keep Madge Phillips Center Shelter sparkling and shining, but also to send with clients who are moving into their own permanent housing! #wishlistwednesday #giveagiftchangealife https://t.co/pYxGUZGKOP",[3]
Harwintondems,"**Susan B. Anthony Shelter Medicine Drive--8/31/2018 Deadline**
 
The Harwinton Democrats are once again helping the Susan B. Anthony Shelter stock their shelves with sorely needed medicines. Please consider donating the following:

Cough medicine... https://t.co/HayN39TG04",,[3]
waypoint1911,"Cleaning products are needed to keep Madge Phillips Center Shelter sparkling and shining, but also to send with clients who are moving into their own permanent housing! #wishlistwednesday #giveagiftchangealife https://t.co/pYxGUZGKOP",,[3]
DDAF_org,"Stubby came to NHS from St Croix, after his island was battered by Hurricane Harvey. He had spent 3 months in an emergency shelter, and was one of a handful of dogs that no one on the island wanted to adopt. He needed surgery and lots of care and now doing great. https://t.co/9YRkDylexv",,[3]
yeahTam,Wonderful. This is needed. I hope so many people are helped by this shelter!!! https://t.co/RyrhvgEvic,,[3]
DogDudeRanch,"Want to have Bootsy - Huggable fun?

Bootsy was named Rocky at the shelter but we knew he needed a name that reflects how cute he is! Bootsy is a very lovable dog. He will always be with you and by your side if there's any... https://t.co/G0JMSX3E8U",,[3]
emeka_chinonso,For 2million years we spent most of our time just keeping ourselves alive...killing d food we needed to keep us from starving...building shelter so we wouldn't freeze...fighting our enemies to protect what was... https://t.co/SniR7lZWpi,,[3]
Shadow__Creeper,"RT @UrgentDogsMiami: Urgent plea from the shelter !!!
LACY #A1935930-urgent rescue needed-162 days at the shelter. https://t.co/q3JilIebnz","Urgent plea from the shelter !!!
LACY #A1935930-urgent rescue needed-162 days at the shelter. https://t.co/q3JilIebnz",[3]
mechvipul,"@anandmahindra Great your work is lauded.

I think their is one thing needed a rooftop shelter for Dr.Saab.
Can be installed as a flap of final opening connected at the top with opening arrangement from bottom riveted at top.
#Suggestion",,[3]
kristyhayward,RT @RSPCANSW: Thanks to the incredible @asicmedia team for volunteering at our Sydney Shelter last Wednesday! The team spent months fundrai‚Ä¶,"Thanks to the incredible @asicmedia team for volunteering at our Sydney Shelter last Wednesday! The team spent months fundraising, raising much-needed funds for animals in need, before coming into the shelter to take part in a Corporate Support Day. Pics: https://t.co/FSGf8no6V8 https://t.co/LOMFu5npQq",[3]
kittydoggienews,Borough President Ruben Diaz Jr. VOTES no to the Animal Shelter in the Bronx. We are barking and meowing about him voting against a desperately needed shelter for #bronx animals in need. Sign the Petition and be a voice! https://t.co/r99BuecGy5 via @Change #kittydoggienews,,[3]
birdtableben,A few weeks back we made this shelter for a very lucky chap. Hugo's shelter was damaged in the winter storms and he needed somewhere new to us so this tanalised structure was constructed for his with a box... https://t.co/UCfqRDB1Kn,,[3]
MerryMacG473,"üÜò HELP NEEDED!! Mom &amp; daughter DUMPED at shelter while Mom is having seizures!!üò©üö® Tiny 14yo in video on bottom during seizure. Cricket top video crying for momüíî 

üÜò Rescue @RDR_NYC needs donations to treat &amp; save themüôèüèΩ‚¨áÔ∏èüÜò 

#Beagle #SeniorDogs 

https://t.co/PyJvfSh4cg",,[3]
sarahxravelo,"baby, yeah, I might miss you. If you're cold and needed shelter, I'd hold you, but not sweat ya",,[3]
LancasterCounty,Youth Intervention Center Detention and Shelter Hearings (as needed) https://t.co/8vl4O1QLqo https://t.co/4DywkwZJko,,[3]
AngieNBCLA,Volunteers and Donations of blankets and towels are urgently needed at South LA Animal Shelter - severe overcrowding right now.. Spread the word Twitter! #rescuecats #Rescue #Cat #Kitten #RESCUEDOGS https://t.co/lZdINwhY5d,,[3]
MercerMadi,i went to the animal shelter today and my mom real life thought i went bc i was depressed and needed comfort from the animals.,,[3]
LauraBeatonTech,"RT @CMPD_ACC: SHOUT OUT to
*Katherine who donated her allowance to the animals. Thank you!
*VBS Mission Possible kids for donating SO many‚Ä¶","SHOUT OUT to
*Katherine who donated her allowance to the animals. Thank you!
*VBS Mission Possible kids for donating SO many needed items to our shelter animals.
Thank you! https://t.co/NH7IAPPs7G",[3]
ninafromCB,"RT @tssra2011: SAN ANTONIO, TX   14YO DOG  FOSTER NEEDED

Preston needs a foster. Please help this 14yo dog get out of this high-kill shelt‚Ä¶","SAN ANTONIO, TX   14YO DOG  FOSTER NEEDED

Preston needs a foster. Please help this 14yo dog get out of this high-kill shelter and have a good life again! If you can't foster, please network for a foster, and share, share, share! Thanks! https://t.co/DferZKxE96",[3]
boomslang_green,"@emilyboxing I went in a couple of weeks ago with my mother as her 15 year-old boy Fritz had to be put down. The vet mentioned that as an option, but we stayed.

But, no tears needed for Fritz. It was his time. Mom and Dad adopted him from the shelter when he was four after his previous (1/2)",,[3]
heymolly,I have a pipe dream that someone will let me live in their nyc tax shelter apartment or pied-√†-terre. I'll disappear any night said rich person needed it but let's be honest that would give me like 345 days free in a nice place https://t.co/w712YSvWAh,,[3]
Gailmike101,"RT @FBCASTX: **FULL SHELTER** We are out of options. Time is critical, and space is needed. Please help us help them-we all need you. If yo‚Ä¶","**FULL SHELTER** We are out of options. Time is critical, and space is needed. Please help us help them-we all need you. If you can foster a dog or cat, please contact us ASAP at 281-342-1512.
#FosteringSavesLives #AdoptDontShop #FortBend #KatyTX #Houston https://t.co/KC7mn0VBOx",[3]
KayRenee97,Dale took me to the animal shelter on a date then decided on said date that we needed a dog so we got one. üòÇ #bestimpulsespend https://t.co/ZxeBECjAuh,,[3]
holdtightmnds,If you're cccold and needed shelter I'd hold you,,[3]
BrinaBlessed,"It started pouring so I found shelter underneath the Oyster tent.
üí•
These oysters were grilled over the fire with lots of garlic and fresh chives. 
All it needed was a fresh squeeze of‚Ä¶ https://t.co/9KyouT8vI7",,[3]
RSPCANSW,"Thanks to the incredible @asicmedia team for volunteering at our Sydney Shelter last Wednesday! The team spent months fundraising, raising much-needed funds for animals in need, before coming into the shelter to take part in a Corporate Support Day. Pics: https://t.co/FSGf8no6V8 https://t.co/LOMFu5npQq",,[3]
drturpin,RT @taraMaustin: @saragoldrickrab #realcollege Raheem spent 8 months in a homeless shelter w/ his family while attending Austin High this y‚Ä¶,"@saragoldrickrab #realcollege Raheem spent 8 months in a homeless shelter w/ his family while attending Austin High this year via New Orleans. He worked his ass off and earned scholarships to help, but is short $8,800, it‚Äôs needed by August 15. https://t.co/V3q6WDGLTl",[3]
TheLoveDoctor84,Gotta pray for the lil homie. This nigga used to look out and wash my clothes with his all the time when we was in the shelter. I asked that nigga recently if he needed to go the laundromat and THIS NIGGA gets offended? Cocaine is a helluva drug. And bad weed aint much better üòí,,[3]
cvegas,@OregonBeast_GT @sierraseitz No blocking needed. We're doing all we can to help. I'm not here to change your mind just wanted to state some facts. Red Cross prevented us from opening up as a shelter &amp; donations go directly to relief. Anyone can come by and ask to look at the books.,,[3]
taraMaustin,"@saragoldrickrab #realcollege Raheem spent 8 months in a homeless shelter w/ his family while attending Austin High this year via New Orleans. He worked his ass off and earned scholarships to help, but is short $8,800, it‚Äôs needed by August 15. https://t.co/V3q6WDGLTl",,[3]
LOVECHILD5,RT @SponsoredEEB: #NP Love Child @lovechild5 - Needed Your Shelter on @SponsoredEEB,#NP Love Child @lovechild5 - Needed Your Shelter on @SponsoredEEB,[3]
LOVECHILD5,RT @Premium365Radio: #NP Love Child @lovechild5 - Needed Your Shelter on @Premium365Radio,#NP Love Child @lovechild5 - Needed Your Shelter on @Premium365Radio,[3]
JonesCarter,Our Dallas Interns coordinated and collected needed supplies for the Plano Animal Shelter! Learn more about our internship program: https://t.co/Z4P6A3Owh3 https://t.co/nayI1ODEbQ,,[3]
Premium365Radio,#NP Love Child @lovechild5 - Needed Your Shelter on @Premium365Radio,,[3]
AMELIA7x7,I needed a shelter and there you were.,,[3]
AntonyYves,"RT @pah210: Foster/rescue needed!!
Shirley needs to be out of the franklin county dog shelter in columbus OHIO by Monday 7/30 or she dies.‚Ä¶","Foster/rescue needed!!
Shirley needs to be out of the franklin county dog shelter in columbus OHIO by Monday 7/30 or she dies. Shirley is a small dog (18 pounds ). Shirley is said to not get... https://t.co/OTW3pSWJa2",[3]
AntonyYves,"RT @pah210: Foster/rescue needed!!
Shirley needs to be out of the franklin county dog shelter in columbus OHIO by Monday 7/30 or she dies.‚Ä¶","Foster/rescue needed!!
Shirley needs to be out of the franklin county dog shelter in columbus OHIO by Monday 7/30 or she dies. Shirley is a small dog (18 pounds ). Shirley is said to not get along with... https://t.co/wjQlA8txnc",[3]
AntonyYves,"RT @pah210: Foster/rescue needed!!
Shirley needs to be out of the franklin county dog shelter in columbus OHIO by Monday 7/30 or she dies.‚Ä¶","Foster/rescue needed!!
Shirley needs to be out of the franklin county dog shelter in columbus OHIO by Monday 7/30 or she dies. Shirley is a small dog (18 pounds ). Shirley is said to not get... https://t.co/1ayWbbb1lC",[3]
SponsoredEEB,#NP Love Child @lovechild5 - Needed Your Shelter on @SponsoredEEB,,[3]
AntonyYves,"RT @pah210: HELP! FAST! SAVE NEEDED! NOW! PLEASE!!! CA
LAST CALL for ANDY !!!!!!!!!!!!!!!
NO DOING WELL IN SHELTER :( EUTH LISTED

ANDY A14‚Ä¶","HELP! FAST! SAVE NEEDED! NOW! PLEASE!!! CA
LAST CALL for ANDY !!!!!!!!!!!!!!!
NO DOING WELL IN SHELTER :( EUTH LISTED

ANDY A1455362 - UNALTERED MALE , 2 YEARS ,TAN TERRIER MIX weighs no weight lbs... https://t.co/Zka7XjHrfi",[3]
AntonyYves,"RT @pah210: HELP! FAST! SAVE NEEDED! NOW! PLEASE!!! CA
LAST CALL for ANDY !!!!!!!!!!!!!!!
NO DOING WELL IN SHELTER :( EUTH LISTED

ANDY A14‚Ä¶","HELP! FAST! SAVE NEEDED! NOW! PLEASE!!! CA
LAST CALL for ANDY !!!!!!!!!!!!!!!
NO DOING WELL IN SHELTER :( EUTH LISTED

ANDY A1455362 - UNALTERED MALE , 2 YEARS ,TAN TERRIER MIX weighs no... https://t.co/kb2YWUBpcj",[3]
AntonyYves,"RT @pah210: HELP! FAST! SAVE NEEDED! NOW! PLEASE!!! CA
LAST CALL for ANDY !!!!!!!!!!!!!!!
NO DOING WELL IN SHELTER :( EUTH LISTED

ANDY A14‚Ä¶","HELP! FAST! SAVE NEEDED! NOW! PLEASE!!! CA
LAST CALL for ANDY !!!!!!!!!!!!!!!
NO DOING WELL IN SHELTER :( EUTH LISTED

ANDY A1455362 - UNALTERED MALE , 2 YEARS ,TAN TERRIER MIX weighs no weight lbs... https://t.co/66cI5u915k",[3]
AntonyYves,"RT @pah210: HELP! FAST! SAVE NEEDED! NOW! PLEASE!!! CA
LAST CALL for ANDY !!!!!!!!!!!!!!!
NO DOING WELL IN SHELTER :( EUTH LISTED

ANDY A14‚Ä¶","HELP! FAST! SAVE NEEDED! NOW! PLEASE!!! CA
LAST CALL for ANDY !!!!!!!!!!!!!!!
NO DOING WELL IN SHELTER :( EUTH LISTED

ANDY A1455362 - UNALTERED MALE , 2 YEARS ,TAN TERRIER MIX weighs no... https://t.co/Fh4GuB4337",[3]
HarborShelter,"*Coachella,  Ca ~ PLEDGES/RESCUE DESPERATELY NEEDED!!! BEEN IN SHELTER OVER A MONTH!! 
Just a 7 month old puppy...and he is gorgeous!!!

AUGUST - ID #A1448061 (AVAIL 6/26)
I am a male, black and... https://t.co/bEt1Q4uV8Z",,[3]
CoachToorie,@CPakaMr_500 See what had happen was....it was cold up there at SIUE.... I‚Äôm not used to that. Needed shelter in the dugout! ‚òÉÔ∏è but frfr. Nothing but love big fella! I respect our friendship and the grind ü§üüèæ,,[3]
FurryTailsResQ,"MERGENCY FOSTER NEEDED! 6 month old kitten is shelter bound TODAY!

The finder says, ""she belonged to a homeless couple living in a tent on our street, but when they moved on, they left her behind (I looked,... https://t.co/YcoQUTQSmz",,[3]
FurryTailsResQ,"MERGENCY FOSTER NEEDED! 6 month old kitten is shelter bound TODAY!

The finder says, ""she belonged to a homeless couple living in a tent on our street, but when they moved on, they left her behind (I looked,... https://t.co/ueUlNIQV1I",,[3]
cramsey1965,RT @EllaSogomonian: 100 dogs &amp; cats brought in from #Redding area because shelter there needed space for pets displaced by fire. Some may b‚Ä¶,100 dogs &amp; cats brought in from #Redding area because shelter there needed space for pets displaced by fire. Some may be ready for adoption as soon as Wednesday! @kron4news  #BayArea #EastBay #WalnutCreek #CommunityService https://t.co/m1sYkkH31G,[3]
nack_vixen,"Man. Thanks, the dodo. I really needed an inspiring cat video when I'm probably going to have to put my cat down for anal leakage.

It just seems like such a dumb reason to end a life. I'm hoping a nokill shelter will take him.",,[3]
unapolmjetic,if you're cold and needed shelter i'd hold you but not sweat ya and know we're not together but babe i won‚Äôt forget ya,,[3]
wzbn7fgnwt,"RT @whatmorecanive: @nasrene41 #Bruin  arrived at shelter with 4 siblings , owner found dead,Nycacc , my life matters too. I‚Äôm loving gentl‚Ä¶","@nasrene41 #Bruin  arrived at shelter with 4 siblings , owner found dead,Nycacc , my life matters too. I‚Äôm loving gentle playful affectionate loyal sweet clever adorable friendly calm intelligent loyal, make amazing family pet, give him a chance, Don‚Äôt kill him. URGENT RESCUE NEEDED",[3]
josehuizar,"I also asked #CityofLA staff to be creative &amp; keep looking for City &amp; private property for emergency shelter &amp; ask the State to find available state property for housing while #PermanentSupportiveHousing is built w/ our #MeasureHHH. Excellent step forward, but much more is needed",,[3]
PredsNHL,"After reading a story about @nashvillehumane rescuing 32 dogs from heat-related emergency conditions, Yannick Weber and his girlfriend Kayla Price wanted to help. 

Today, they donated much needed supplies to the shelter üê∂üê± https://t.co/Sn3J06ocO4",,[3]
HelloAndrew,"RT @halterproject: Pet supplies at Twin Pines Casino location redirected to the Middletown High shelter. Supplies needed:
Water - 5 gallon‚Ä¶","Pet supplies at Twin Pines Casino location redirected to the Middletown High shelter. Supplies needed:
Water - 5 gallon jugs
poop bags
Pet Food&amp; Dishes
Leashes
Towels
Disinfectant/wipes
hoses &amp; spray nozzles
Spray bottles 
Kitten formula 
#RiverFire #RanchFire #MendocinoComplex",[3]
MulloyMegwich,"RT @NineLivesF: FOSTER FAMILY NEEDED: 
3 frightened, trapped kittens are headed to Nine Lives tomorrow (Wednesday 8/1) from Los Banos anima‚Ä¶","FOSTER FAMILY NEEDED: 
3 frightened, trapped kittens are headed to Nine Lives tomorrow (Wednesday 8/1) from Los Banos animal shelter - they are shy but will do much better once they get out of the noisy... https://t.co/ykpwkGIxA7",[3]
SolanoLawnCare,RT @FairfieldCrime: More resources are needed for Fairfield Police Department to tackle the countless homeless all over the city and spread‚Ä¶,"More resources are needed for Fairfield Police Department to tackle the countless homeless all over the city and spreading to neighboring cities.

#Fairfield #Homeless #Shelter #Closed",[3]
NineLivesF,"FOSTER FAMILY NEEDED: 
3 frightened, trapped kittens are headed to Nine Lives tomorrow (Wednesday 8/1) from Los Banos animal shelter - they are shy but will do much better once they get out of the noisy... https://t.co/ykpwkGIxA7",,[3]
PrincessBear95,"@vividjojo It also makes me happy because my friends cats had two kittens and all 4 animals needed to be rehomed and I saved one of the babies from ending up in a shelter, I wish I could have taken both kittens of all 4 in general",,[3]
tssra2011,"SAN ANTONIO, TX   14YO DOG  FOSTER NEEDED

Preston needs a foster. Please help this 14yo dog get out of this high-kill shelter and have a good life again! If you can't foster, please network for a foster, and share, share, share! Thanks! https://t.co/DferZKxE96",,[3]
