cleverwise,"There are roughly 90,000 active #Unsolved missing persons in the #USA every year.
@realDonaldTrump @SenateGOP
Is there a way to be more stringent and severe
for crimes of murder rape kidnapping torture
where people of rage or seeking psychological gratification
would be repelled",,[3]
firm_synergy,RT @ChairmanKhalil: The so-called commission on missing persons shamelessly blaming ‚Äòneighbouring countries‚Äô for enforced disappearances. I‚Ä¶,"The so-called commission on missing persons shamelessly blaming ‚Äòneighbouring countries‚Äô for enforced disappearances. If the Chief Justice of the Supreme Court is so dismissive of military‚Äôs involvement, how can Baloch expect justice from this country.",[3]
Liv1204,RT @therealkalb: @Liv1204 @west_response Well said @Liv1204  I‚Äôve experienced none risk persons walk out of A&amp;E after waiting 3hours and re‚Ä¶,"@Liv1204 @west_response Well said @Liv1204  I‚Äôve experienced none risk persons walk out of A&amp;E after waiting 3hours and reported missing to us - then being told if found,  they are to attend their GP üò¨",[3]
Charlestonion,How dare I make a joke using an actual missing persons code that would make the joke relatable. https://t.co/idN7ouYyIi,,[3]
BobLen10,RT @MerseyPolice: Have you seen #missing teenager Lois Elliot? She was last seen on Tuesday at 9pm ‚Äì get in touch via @MerPolCC or call 101‚Ä¶,Have you seen #missing teenager Lois Elliot? She was last seen on Tuesday at 9pm ‚Äì get in touch via @MerPolCC or call 101 if you have any info that could help us bring her home safely.  https://t.co/CaipfR4dWu https://t.co/I0OLFML67K,[3]
AbdurRazzaqKha4,@ImranKhanPTI Pl don't vacate Bannu seat to avoid Diesel. Don't compromise on Model Town case &amp; victims of Missing persons in Internment centers.,,[3]
ebonycat1,"RT @MissingKids: In Iowa, 48 juveniles have gone missing in July. Here's why that number may be misleading. https://t.co/5b0117YAas via @us‚Ä¶","In Iowa, 48 juveniles have gone missing in July. Here's why that number may be misleading. https://t.co/5b0117YAas via @usatoday",[3]
Aminkha60332447,@sakhtarmengal @ImranKhanPTI @jam_kamal There were another demand as well in your statement......THE MISSING PERSONS...,,[3]
rahimoon677,"RT @SindhjeeMeera: ŸÑÿß⁄ô⁄™ÿß⁄ªŸä ŸÖÿßŸÜ ŸáŸê⁄™ Ÿà⁄åŸä⁄™ ŸÇŸàŸÖŸä ⁄™ÿßÿ±⁄™ŸÜ ⁄™ÿßÿ¥ŸÅ ŸΩ⁄≥⁄ô ÿ±Ÿäÿßÿ≥ÿ™Ÿä ÿßÿØÿßÿ±ŸÜ ŸáŸøÿßŸÜ ⁄©ŸÜ⁄Äÿ¨Ÿä ŸàŸäŸà...!
Voice for Missing Persons of Sindh","ŸÑÿß⁄ô⁄™ÿß⁄ªŸä ŸÖÿßŸÜ ŸáŸê⁄™ Ÿà⁄åŸä⁄™ ŸÇŸàŸÖŸä ⁄™ÿßÿ±⁄™ŸÜ ⁄™ÿßÿ¥ŸÅ ŸΩ⁄≥⁄ô ÿ±Ÿäÿßÿ≥ÿ™Ÿä ÿßÿØÿßÿ±ŸÜ ŸáŸøÿßŸÜ ⁄©ŸÜ⁄Äÿ¨Ÿä ŸàŸäŸà...!
Voice for Missing Persons of Sindh",[3]
mblaghari,"RT @AzharLaghariPTI: I feel proud on @sakhtarmengal ,PTI Delegation went to him for support he said‚ÄúI am ready to give you my party‚Äôs suppo‚Ä¶","I feel proud on @sakhtarmengal ,PTI Delegation went to him for support he said‚ÄúI am ready to give you my party‚Äôs support for IK‚Äôs PM vote but I want missing persons back‚Äù
He didn‚Äôt asked for Ministries &amp; share in power!
Sardar Sb IK has same views as of urs over missing persons.",[3]
4029news,"Girl, 12, missing from DC-area airport is safe, national search center says https://t.co/XsNivYB5AD https://t.co/1jhM558a5f",,[3]
Ujjawal30357714,"Internal unity is missing  which shows BJP is 3 persons party namely- Modi,Shah,Rajnath https://t.co/r3clU8q3Ht",,[3]
kizzymay58,"RT @HumanRtsV: #MissingKids

IT TAKES 2-SECONDS To RT:

48 kids missing in #IOWA!!
https://t.co/JKQ8bUy7al

Call: 800 452 1111‚Ä¶","#MissingKids

IT TAKES 2-SECONDS To RT:

48 kids missing in #IOWA!!
https://t.co/JKQ8bUy7al

Call: 800 452 1111            
         641 623 5679
         515 223 1400
         800 THE LOST

Tips@Poweshiekcosheriff.com

@ISUPD @siouxfallspd @MissingKids @USATODAY
@FBI

#MASA #HRV",[3]
SelahaddinOzcel,RT @MPSEnfield: Halil GENC aged 25 is missing from ENFIELD on 11/05/2018.If seen please contact ENFIELD MISSING PERSONS UNIT on 0208 345 33‚Ä¶,Halil GENC aged 25 is missing from ENFIELD on 11/05/2018.If seen please contact ENFIELD MISSING PERSONS UNIT on 0208 345 3300 or 101 quoting https://t.co/WUlwey25QW https://t.co/AN4mGRIBiG,[3]
Zeno1948,@sakhtarmengal @HamidMirPAK @mirlashkari1 @jamaldini_zeb I am afraid you attended the funeral of siraj raisani (@sakhtarmengal) who was directly involved in Baloch genocide and with that face you come to talk about the missing persons. I think you can fool us. Its 21st century.,,[3]
KCCINews,"Girl, 12, missing from DC-area airport is safe, national search center says https://t.co/n1V6hLS0GI https://t.co/gsD9WrdLry",,[3]
Aspirantboi,@Allah_Hoooooooo @AdiiAslam @GulBukhari * gadar* ye wo lafz ha jo tum log har us shaks ko dete ho jis se tum darte ho agar NS se nhi darte to itna mamoli sa case bana kar usey andar kis liye kiya ? Jani tum logo ko koi haq nhi kisi ko gadar kehne ka aur han balochistan ke missing persons ka case bhi nikal jaye tokehna,,[3]
headlesseyes,"i swear to god only on kid stuff does it bring out the crazies kid missing persons, etc...my lord",,[3]
AzharLaghariPTI,"I feel proud on @sakhtarmengal ,PTI Delegation went to him for support he said‚ÄúI am ready to give you my party‚Äôs support for IK‚Äôs PM vote but I want missing persons back‚Äù
He didn‚Äôt asked for Ministries &amp; share in power!
Sardar Sb IK has same views as of urs over missing persons.",,[3]
newstogoGNTV,VIDEO: Panawagan: Missing persons https://t.co/0rxVHf7FWL https://t.co/Vg3c7JMr8a,,[3]
THV11,"Mother of three missing, car found near White River https://t.co/B6yxSwTK22 https://t.co/xQD9mBZrH4",,[3]
svrmamush,"RT @dyslxic: I need you all (Iowans) to understand something... the missing persons number is mainly made up of kids who run away, not kidn‚Ä¶","I need you all (Iowans) to understand something... the missing persons number is mainly made up of kids who run away, not kidnappings. the number consists of times people have been reported missing, not the amount of people missing. Heres a USA Today article for reference https://t.co/UXwT5xyiSV",[3]
real_Stephanie,RT @FoxNews: What's behind claims of reports about a rash of missing persons in Iowa? https://t.co/7mQCGV5uzq,What's behind claims of reports about a rash of missing persons in Iowa? https://t.co/7mQCGV5uzq,[3]
BLACKZEEER0,RT @azizabadi: ⁄Ü€åŸÅ ÿ¨ÿ≥Ÿπÿ≥ ÿµÿßÿ≠ÿ® ! ŸÑÿßŸæÿ™€Å ÿßŸÅÿ±ÿßÿØ ⁄©€å ÿ®ÿßÿ≤€åÿßÿ®€å ⁄à€åŸÖ ⁄©€í ŸÜÿßŸÖ Ÿæÿ± ÿ®⁄æÿ™€Å ŸàÿµŸàŸÑ ⁄©ÿ±ŸÜ€í ÿ≥€í ⁄©€Å€å⁄∫ ÿ≤€åÿßÿØ€Å ÿßŸÅÿ∂ŸÑ ÿßŸàÿ± ÿ®ÿßÿπÿ´ ÿπÿ≤ÿ™ €Å€í€î €Åÿ≤ÿßÿ±Ÿà⁄∫ ÿÆÿßŸÜÿØÿßŸÜŸà⁄∫ ⁄©€å ÿØ‚Ä¶,"⁄Ü€åŸÅ ÿ¨ÿ≥Ÿπÿ≥ ÿµÿßÿ≠ÿ® ! ŸÑÿßŸæÿ™€Å ÿßŸÅÿ±ÿßÿØ ⁄©€å ÿ®ÿßÿ≤€åÿßÿ®€å ⁄à€åŸÖ ⁄©€í ŸÜÿßŸÖ Ÿæÿ± ÿ®⁄æÿ™€Å ŸàÿµŸàŸÑ ⁄©ÿ±ŸÜ€í ÿ≥€í ⁄©€Å€å⁄∫ ÿ≤€åÿßÿØ€Å ÿßŸÅÿ∂ŸÑ ÿßŸàÿ± ÿ®ÿßÿπÿ´ ÿπÿ≤ÿ™ €Å€í€î €Åÿ≤ÿßÿ±Ÿà⁄∫ ÿÆÿßŸÜÿØÿßŸÜŸà⁄∫ ⁄©€å ÿØÿπÿßÿ¶€å⁄∫ ŸÑ€í ŸÑ€å⁄∫€î ÿßÿ≥ ÿ≥€í ⁄ØŸÜÿß€Å ÿ®⁄æ€å ÿØ⁄æŸÑ ÿ¨ÿßÿ¶€å⁄∫ ⁄Ø€í ÿßŸàÿ± ÿ¢ÿÆÿ±ÿ™ ÿ®⁄æ€å ÿ≥ŸÜŸàÿ± ÿ¨ÿßÿ¶€í ⁄Ø€å
 https://t.co/KXj59j01RR",[3]
SADLILPOET,RT @TheGhoulBabe: Don't these old men who accost me in public places to get me to model for them know that I'm obsessed with missing person‚Ä¶,Don't these old men who accost me in public places to get me to model for them know that I'm obsessed with missing persons cases,[3]
LangauTakkari,@sakhtarmengal @HamidMirPAK @mirlashkari1 @jamaldini_zeb Sardar Saab your sincerity with Balochistanies as an example for other leaders in whole world. We are all thankful to Hamid Mir Saab for praising Sardar Saab for the rehabilitation of missing persons that yet no leader has ever asked about missing persons except Sardar Saab.,,[3]
Mjhopkins81,"@sharpe_lucas @MissSassyIA And I‚Äôm CERTAIN that those parents would want everyone to help them. Trouble is, when national media focus almost solely on missing white girls, only one type of people get help. It‚Äôs a shitty reality. Go visit a support group for loved ones of missing persons.",,[3]
dyslxic,"I need you all (Iowans) to understand something... the missing persons number is mainly made up of kids who run away, not kidnappings. the number consists of times people have been reported missing, not the amount of people missing. Heres a USA Today article for reference https://t.co/UXwT5xyiSV",,[3]
byamydalrymple,RT @JackFromNoDak: Family of Olivia Lone Bear seeks comprehensive missing persons protocol for tribes https://t.co/wn3Lki7JkW via @bistrib,Family of Olivia Lone Bear seeks comprehensive missing persons protocol for tribes https://t.co/wn3Lki7JkW via @bistrib,[3]
TheDonaldRocks,"RT @Microsingular: 12 young people go missing per day in Iowa.  Something involving trafficking is happening.  Sir, let's get the military‚Ä¶","12 young people go missing per day in Iowa.  Something involving trafficking is happening.  Sir, let's get the military involved and stop this now.  https://t.co/bDE0IqI0y9 @realDonaldTrump @POTUS @FLOTUS #Qanon",[3]
medic8211,"RT @THV11: Garland Co. deputies searching for couple in mid-70s, last seen July 30 https://t.co/VeBzZAWzgV https://t.co/XbfPsw4YNR","Garland Co. deputies searching for couple in mid-70s, last seen July 30 https://t.co/VeBzZAWzgV https://t.co/XbfPsw4YNR",[3]
CeloTorres_,RT @aware_the: MISSING: The N.C. Center for Missing Persons has issued a Silver Alert for a missing endangered Beaufort County man. Marvin‚Ä¶,MISSING: The N.C. Center for Missing Persons has issued a Silver Alert for a missing endangered Beaufort County man. Marvin Vassell Pounall is believed to be suffering from dementia or some other cognitive... https://t.co/pZEWN75jV9,[3]
Mjhopkins81,"@MissSassyIA @sharpe_lucas You‚Äôre TOTALLY right. How dare I point out that 219,484 black people were reported missing, last year, but one white girl goes missing, and the national media fall all over themselves to cover it.
Sounds like one of us actually knows about missing persons issues. It‚Äôs not you.",,[3]
sharpe_lucas,@Mjhopkins81 We have around 400 missing persons right now in Iowa. Only 1 being treated as an abduction. Most are run aways who return home within 24 hours or couple days.,,[3]
aware_the,MISSING: The N.C. Center for Missing Persons has issued a Silver Alert for a missing endangered Beaufort County man. Marvin Vassell Pounall is believed to be suffering from dementia or some other cognitive... https://t.co/pZEWN75jV9,,[3]
AazagBaloch,"RT @PulljaanBaloch: Missing persons who are bearing inhuman torture in pakistani army custody must be given the Status of POWs, UN must imm‚Ä¶","Missing persons who are bearing inhuman torture in pakistani army custody must be given the Status of POWs, UN must immediately intervene #Balochistan",[3]
Mjhopkins81,"@CigsandMcRibs Never mind the 219,484 black people who were reported missing in 2017. Or the 13,177 Asians. Or the 10,642 Indians. Or the 20,819 missing persons of unknown race.
But, sure - it‚Äôs mostly white girls.",,[3]
RonaldClarke,"RT @zachzach28: Missing Persons/Family Friend in Las Vegas, Please Spread and contact me if there is any info?  #LasVegas #MissingPerson ht‚Ä¶","Missing Persons/Family Friend in Las Vegas, Please Spread and contact me if there is any info?  #LasVegas #MissingPerson https://t.co/TKVp9hWECw",[3]
Aus_istan,"3 major issues in Balochistan:
‚Äúrecovery of missing persons, justified distribution of national wealth along with powers and addressing the concerns related to CPEC &amp; Gwadar Port‚Äù says @sakhtarmengal 

Sir, terrorism has also wreaked havoc    to lives of residents of #Balochistan https://t.co/7yaCfjHk0W",,[3]
Big_BoobsDating,I'm going to the Missing Persons Bureau to see if anyone is looking for me.,,[3]
ElCronicante,M√∫sicofrenia.: Missing Persons - Destination Unknown ‚Ä¢ TopPop https://t.co/Ra4ZF1Poae,,[3]
SlickDoodleGuy,RT @syntharoboto: I've been in contact with the NYPD domestic violence unit in Brooklyn for the last several days and as I'm not related an‚Ä¶,"I've been in contact with the NYPD domestic violence unit in Brooklyn for the last several days and as I'm not related and live out of state, can't file a missing persons report. 

If you've seen her PLEASE call local authorities. Her family is very abusive and controlling",[3]
THV11,"Garland Co. deputies searching for couple in mid-70s, last seen July 30 https://t.co/VeBzZAWzgV https://t.co/XbfPsw4YNR",,[3]
Watchman33Eze,RT @rickwilfong: Notice how ‚Äúofficials‚Äù are attempting to make you think - ‚Äúthere‚Äôs nothing to see here.‚Äù  How could any believe this stagg‚Ä¶,"Notice how ‚Äúofficials‚Äù are attempting to make you think - ‚Äúthere‚Äôs nothing to see here.‚Äù  How could any believe this staggering number is acceptable.  
https://t.co/xkCz9WX2Im",[3]
roguetrooper000,AUSTRALIA-NATIONAL MISSING PERSONS WEEK 2018 https://t.co/fXOjO5ZUAh https://t.co/Rqzx9HY4tw,,[3]
RhodesMKT,"RT @British_Fight: UK missing persons report

https://t.co/Uvwoza8ihS

#MBGA
#Pedogate
#MAGA
#Qanon
#WhoIsQanon 
#MissingPerson https://t.c‚Ä¶","UK missing persons report

https://t.co/Uvwoza8ihS

#MBGA
#Pedogate
#MAGA
#Qanon
#WhoIsQanon 
#MissingPerson https://t.co/QDffWymYxF",[3]
sonny_jim_,"RT @SalleseNicola: National Missing Persons Week 2018
5th -11th August 2018
#TheUnmissables 
#NMPW2018 https://t.co/kxCHAtxunl","National Missing Persons Week 2018
5th -11th August 2018
#TheUnmissables 
#NMPW2018 https://t.co/kxCHAtxunl",[3]
mamagerka,"RT @HumanRtsV: #MissingKids

IT TAKES 2-SECONDS To RT:

48 kids missing in #IOWA!
https://t.co/JKQ8bUy7al

Call: 800 452 1111‚Ä¶","#MissingKids

IT TAKES 2-SECONDS To RT:

48 kids missing in #IOWA!
https://t.co/JKQ8bUy7al

Call: 800 452 1111            
         641 623 5679
         515 223 1400
         800 THE LOST

Tips@Poweshiekcosheriff.com

@ISUPD @siouxfallspd @MissingKids @USATODAY
@FBI

#MASA #HRV",[3]
rafiqregi,@mosharrafzaidi Sir thank you very much for your argument on missing persons stance of ptm in @MalickViews show,,[3]
WMUR9,"Girl, 12, missing from DC-area airport is safe, national search center says https://t.co/f7cjfzAPcO https://t.co/6asPejmvZ4",,[3]
therealFranGSF,"@ABC2020 I hope that the moms find the truth and can put their daughters to rest. I would not have delivered $$ without the involvement of a trusted advocate. ABC  is the best representation for abuse, missing persons, crimes when the police drop the ball. Why didn‚Äôt WA police help?",,[3]
mut_khus,Missing persons here in Philippines increases. Killed from war on drugs increases too. Somebody must stop this craziness üåªüòáüåèüòåü§ö‚úåÔ∏è https://t.co/fl2IE5KgeW,,[3]
black_females,"MBF COVER 832018 https://t.co/lmXntUXkIm via @YouTube
Missing Persons Flyers: Unique Harris, Keeshae Jacobs, Allean Moore-Logan and Relisha Rudd",,[3]
ACrystalfate,"On page 78 of 288 of Missing Persons, by Clare O'Donohue https://t.co/79dSjMPVWd",,[3]
B64126489,"ŸÜ€åÿß #Ÿæÿß⁄©ÿ≥ÿ™ÿßŸÜ ÿ®ŸÜÿßÿ¶€í ÿ¨ÿßŸÜ€í ⁄©€í ⁄Üÿ±⁄Ü€í €Å€å⁄∫ ŸÖ⁄Øÿ± missing persons ⁄©€å ÿ™ÿπÿØÿßÿØ ŸÖ€å⁄∫ ÿßÿ∂ÿßŸÅ€Å €ÅŸàÿ±€Åÿß €Å€í.
 ÿ±ŸàŸÖÿßŸÜ€Å ÿ®€ÅŸÜ ⁄©€í ŸÖÿπÿßŸÖŸÑ€í Ÿæÿ± ÿßŸæŸÜ€å ÿ¢Ÿàÿßÿ≤ ÿ®ŸÑŸÜÿØ ⁄©ÿ±€å⁄∫  ÿßŸàÿ± ŸÖÿ≤€åÿØ ŸÑŸà⁄ØŸà⁄∫ ⁄©€í missing €ÅŸàŸÜ€í ÿ≥€í ŸÇÿ®ŸÑ ÿßÿ≥ ŸÖÿπÿßŸÖŸÑ€í Ÿæÿ± ÿ±€åÿßÿ≥ÿ™€å ÿ∫ŸÜ⁄à€Å ⁄Øÿ±ÿØ€å ⁄©Ÿà ÿπŸàÿßŸÖ Ÿæÿ± Ÿàÿßÿ∂ÿ≠ ⁄©ÿ±€å⁄∫.

#FreeSisterRomana
#FreeMisssingPersons",,[3]
mut_khus,"Expect these salvaging, missing persons and the killings from tokhang or war on drugs operations will increase due to that relentless stateme. OMG... Save the Philippines üåªüòáüåèüòåü§ö‚úåÔ∏è https://t.co/1ckWAx8DNH",,[3]
AlanaPinchback,Elderly Arkansas Couple Missing https://t.co/eXOAvmVwak,,[3]
diminishedsixth,"toru, the day before she posted Kiyoko's missing persons file: they're friends, right",,[3]
lynnireland22,"After following the Mollie Tibbetts case as well as many other missing persons cases in Iowa, I‚Äôm starting to think I won‚Äôt be visiting that state anytime soon. #mollietibbets #Iowa https://t.co/mlD7RMuJA1",,[3]
asiansquiggles,"RT @WXII: Girl, 12, missing from DC-area airport is safe, national search center says https://t.co/XIWZNuQWV9 https://t.co/pFLjoA42rR","Girl, 12, missing from DC-area airport is safe, national search center says https://t.co/XIWZNuQWV9 https://t.co/pFLjoA42rR",[3]
LJean2017,"RT @CaroleAlways45: Please tell me why the media doesn't have this on the news 24 hours ??? This is why we do not trust you.
Update: Iowa D‚Ä¶","Please tell me why the media doesn't have this on the news 24 hours ??? This is why we do not trust you.
Update: Iowa DPS says number of missing persons recently is 'in line with historical numbers' https://t.co/jJAuzfSabt",[3]
drmgodwin,https://t.co/xLucB5no2N,,[3]
NorthAmericaNN,"RT @WESH: Girl, 12, missing from DC-area airport is safe, national search center says https://t.co/T7GJRUai2d https://t.co/xJgyZLYvzF","Girl, 12, missing from DC-area airport is safe, national search center says https://t.co/T7GJRUai2d https://t.co/xJgyZLYvzF",[3]
fayobserver,'Person of interest' in Fayetteville missing persons case charged with accessory to murder https://t.co/YgKmcPI3Pq,,[3]
angel_leeeee,"RT @KETV: Girl, 12, missing from DC-area airport is safe, national search center says https://t.co/Qj2kfLcOBK https://t.co/JHCkY4uuq7","Girl, 12, missing from DC-area airport is safe, national search center says https://t.co/Qj2kfLcOBK https://t.co/JHCkY4uuq7",[3]
patriciasinglet,"RT @PixelProject: #Haiti: To report #VAW, missing persons, trafficking or other violence, text to 3803 0303 or visit https://t.co/L6mXFw0csE","#Haiti: To report #VAW, missing persons, trafficking or other violence, text to 3803 0303 or visit https://t.co/L6mXFw0csE",[3]
Makinensuomi,RT @BrianEvans6200: What's behind claims of reports about a rash of missing persons in Iowa? Looks like the FBI needs to get involved in th‚Ä¶,"What's behind claims of reports about a rash of missing persons in Iowa? Looks like the FBI needs to get involved in this. 

https://t.co/iAuRKmzdbH",[3]
WXII,"Girl, 12, missing from DC-area airport is safe, national search center says https://t.co/XIWZNuQWV9 https://t.co/pFLjoA42rR",,[3]
GALEGREGORY97,RT @knowwhentoholde: What's behind claims of reports about a rash of missing persons in Iowa? | Fox News https://t.co/sPH0CZzAYp,What's behind claims of reports about a rash of missing persons in Iowa? | Fox News https://t.co/sPH0CZzAYp,[3]
MaggieGill_,RT @electricpunany: at this point we just gotta file a missing persons report for the bar bc i ain‚Äôt seen the bitch in ages https://t.co/jY‚Ä¶,at this point we just gotta file a missing persons report for the bar bc i ain‚Äôt seen the bitch in ages https://t.co/jYVLJ3SOc3,[3]
Pjdahling,What's behind claims of reports about a rash of missing persons in Iowa? https://t.co/RZK3BqaiT5,,[3]
topmodelxs,Is it all worth getting hurt and going through the same pattern? A persons pattern doesn‚Äôt change. I thought hard saying when will the feeling of missing somebody go away. I was told it wil go away. It takes time to go away. I rather be by myself then miserable but happy.,,[3]
DonnaRich59,What's behind claims of reports about a rash of missing persons in Iowa? https://t.co/qjEt5ZTkhD #FoxNews,,[3]
ravee_120159,RT @QadeerMama: #VBMP has completed 3139 of Hunger Strike Camp for the Missing persons of #Balochistan. Pakistan continues its policy of en‚Ä¶,#VBMP has completed 3139 of Hunger Strike Camp for the Missing persons of #Balochistan. Pakistan continues its policy of enforced disappearance. Worst of all now LEAs are abducting Baloch women. Silence of @UN  &amp; other HR orgs is saddening. @amnesty @hrw @UN_HRC @antonioguterres,[3]
KETV,"Girl, 12, missing from DC-area airport is safe, national search center says https://t.co/Qj2kfLcOBK https://t.co/JHCkY4uuq7",,[3]
WESH,"Girl, 12, missing from DC-area airport is safe, national search center says https://t.co/T7GJRUai2d https://t.co/xJgyZLYvzF",,[3]
PixelProject,"#Haiti: To report #VAW, missing persons, trafficking or other violence, text to 3803 0303 or visit https://t.co/L6mXFw0csE",,[3]
rk70534,"RT @crime_sa: Crime Stoppers SA is pleased to support National Missing Persons Week, starting Sunday 5 August to Saturday 11 August 2018. A‚Ä¶","Crime Stoppers SA is pleased to support National Missing Persons Week, starting Sunday 5 August to Saturday 11 August 2018. Australia has more than 2,600 long-term missing persons. This year's campaign gives insight into what it‚Äôs like to have a loved one go missing. https://t.co/Wh3plG0S6Z",[3]
GLG2705,"RT @FBISaltLakeCity: Help protect your community by locating wanted #fugitives and #missing persons, solving crimes, and identifying unknow‚Ä¶","Help protect your community by locating wanted #fugitives and #missing persons, solving crimes, and identifying unknown suspects using the FBI Wanted App. #FugitiveFriday https://t.co/GETFb08uZV",[3]
wyffnews4,"Girl, 12, missing from DC-area airport is safe, national search center says https://t.co/N6sZ9cL5Um https://t.co/p1NB3NhMSR",,[3]
FrancisWasHere,"UKRAINE / WAR IN DONBAS / IMPACT OF WAR ON THE CIVILIAN POPULATION 
/ WAR DAMAGE TO STANYTSIA LUHANSKA MORGUE / RED CROSS/CRESCENT HUMANITARIAN AID TO REPAIR WAR DAMAGE TO CIVILIAN INFRASTRUCTURE / WORK BY RED CROSS/CRESCENT ON TRACING MISSING PERSONS: https://t.co/9YGPnzod11",,[3]
edbenson98,"What's behind claims of reports about a rash of missing persons in Iowa?

https://t.co/nR5gVgeFYH",,[3]
JeffreyWHills1,@RealAlexJones map lines https://t.co/5kUT9Ok4YR,,[3]
JeffreyWHills1,@RealAlexJones https://t.co/AKmT4IBpqA,,[3]
FrancisWasHere,"UKRAINE / WAR IN DONBAS / IMPACT OF WAR ON THE CIVILIAN POPULATION 
/ MISSING PERSONS: https://t.co/RzaCSQwJ0n",,[3]
KOINNews,"Authorities seek to ID body found in river 
 https://t.co/JLazfxzn7H https://t.co/SJrX6GDONI",,[3]
AlwaysIntegrity,"@TJohn_Tex @AnonymousConst @jtibbs62 @jawnymt @AJaClay Prime example of the mis-handling of missing persons-
The people of Iowa and across this country need to step up to the plate and demand  corrections to  the defunct missing kids systems.",,[3]
Light_Tweeter,#PEDOGATE What's behind claims of reports about a rash of missing persons in Iowa? https://t.co/u3L8meSN3o #FoxNews,,[3]
JeremyWolfe16,RT @KETV: Amber Alert: 12-year-old abducted from DC-area airport is 'in extreme danger' https://t.co/cexcHGJX3h https://t.co/H18BheU8h3,Amber Alert: 12-year-old abducted from DC-area airport is 'in extreme danger' https://t.co/cexcHGJX3h https://t.co/H18BheU8h3,[3]
barbiesewandsew,"@LadyLibertyWDC We have too many missing persons!
Where are they?",,[3]
thbulletinboard,Missing Person's Week is held in the first week of August and helps to raise awareness around the issues that surround Missing Persons. This year is the 30th Anniversary of the first week which started in 1988 with the memorial of Tony Jones who disappeared in 1982.,,[3]
swdetkaveman,"AnonymousAccountId has shared content with you from MSN
https://t.co/dkTRpOeOjR THANK GOD THEY FOUND THIS LOST CHILD, WE RETWEETED AND RETWEETED YESTERDAY, THANK GOD GOOD NEWS, PLEASE FOLLOW MISSING AND EXPLOITED PERSONS ON TWITTER AND ALL SOCIAL MEDIA!!!",,[3]
olivia_garey,"RT @KameronDuncanso: Follow this..... #spreadtheword #MollieTibbetts
Update: Iowa DPS says number of missing persons recently is 'in line w‚Ä¶","Follow this..... #spreadtheword #MollieTibbetts
Update: Iowa DPS says number of missing persons recently is 'in line with historical numbers' https://t.co/6jnVZSRzzS",[3]
Thatchick105,"@eyezick_13 I‚Äôve been listening to The Vanished and Invisibilia. The vanished is missing persons cases. Inivisibilia is a bit more complex but definitely my favorite, I‚Äôd give it a listen for sure!",,[3]
kmbc,"Girl, 12, missing from DC-area airport is safe, national search center says https://t.co/DFvAugAHc2 https://t.co/Tyhfd8Nw9n",,[3]
TeHenderson14,"In Iowa, 48 juveniles have gone missing in July. Here's why that number may be misleading. https://t.co/24lQwUVzKG via @usatoday",,[3]
MyNBC5,"Girl, 12, missing from DC-area airport is safe, national search center says https://t.co/JoYsNOHtDR https://t.co/OcjHTjCxqq",,[3]
AWJ9274,https://t.co/azMGptKXNO (What's behind reports of a rash of missing persons in Iowa?),,[3]
AWJ9274,What's behind claims of reports about a rash of missing persons in Iowa? https://t.co/azMGptKXNO,,[3]
0urQuadCities,Bringing missing persons home https://t.co/61TTAs36pb,,[3]
WilliamSpalsbu1,"RT @WISN12News: Girl, 12, missing from DC-area airport is safe, national search center says https://t.co/s3mzf9LKPV https://t.co/1LOSc6Q7Gu","Girl, 12, missing from DC-area airport is safe, national search center says https://t.co/s3mzf9LKPV https://t.co/1LOSc6Q7Gu",[3]
ConscienceCit,"RT @lionessofsocial: https://t.co/oruNVUrHyM

( Sent from KARK 4 News )","https://t.co/oruNVUrHyM

( Sent from KARK 4 News )",[3]
Tiffany_M_Roa,"@JakeIsToast @NicolasDagherJr @iVyTaroc @ILLUMINATIAM @ThelIluminatii Keep looking ..... Again.... You want to do good. Go to my link in my bio and start looking for some of the missing persons... Try helping , quit hindering... Not interested then move on.... No one is hurting you . Period.",,[3]
WISN12News,"Girl, 12, missing from DC-area airport is safe, national search center says https://t.co/s3mzf9LKPV https://t.co/1LOSc6Q7Gu",,[3]
Local4NewsWHBF,Bringing missing persons home https://t.co/5olUWnfmbb,,[3]
Huey5Huey,RT @WhosGoneGalt2: What's behind claims of reports about a rash of missing persons in Iowa? https://t.co/mwJ8y2Ppgd #FoxNews,What's behind claims of reports about a rash of missing persons in Iowa? https://t.co/mwJ8y2Ppgd #FoxNews,[3]
lionessofsocial,"https://t.co/oruNVUrHyM

( Sent from KARK 4 News )",,[3]
AryannaAzhari,RT @BellaAshlynn: If you think your dad is overprotective I lost my phone for two hours and the guy who answered my dads call told him he‚Äôs‚Ä¶,If you think your dad is overprotective I lost my phone for two hours and the guy who answered my dads call told him he‚Äôs returning my phone to me but my dad called 911 and filed a missing persons report on me so anyways happy Thursday,[3]
BlairvEmerson,Family of Olivia Lone Bear seeks comprehensive missing persons protocol for tribes https://t.co/RW9G2bTm2k,,[3]
jstmejeff,RT @WESH: Amber Alert: 12-year-old abducted from DC-area airport is 'in extreme danger' https://t.co/dGs5f3x7tY https://t.co/TYLXRg78eW,Amber Alert: 12-year-old abducted from DC-area airport is 'in extreme danger' https://t.co/dGs5f3x7tY https://t.co/TYLXRg78eW,[3]
SnippyDragon,RT @TraceLabs: The results of the world's first OSINT CTF for Missing Persons? Located two people. I'd say that is amazing.,The results of the world's first OSINT CTF for Missing Persons? Located two people. I'd say that is amazing.,[3]
patty_mich,"What's behind claims of reports about a rash of missing persons in Iowa?

https://t.co/VUb4bivuQg",,[3]
KameronDuncanso,"Follow this..... #spreadtheword #MollieTibbetts
Update: Iowa DPS says number of missing persons recently is 'in line with historical numbers' https://t.co/6jnVZSRzzS",,[3]
mor57554038,RT @KARK4News: Elderly Couple Missing from Garland County https://t.co/5jRneeEg5O https://t.co/HO3ixpRcyT,Elderly Couple Missing from Garland County https://t.co/5jRneeEg5O https://t.co/HO3ixpRcyT,[3]
Turk182_JCP,"RT @PatriotByGod: What's behind claims of reports about a rash of missing persons in Iowa? ""The vast majority are under 20 years old."" 

ht‚Ä¶","What's behind claims of reports about a rash of missing persons in Iowa? ""The vast majority are under 20 years old."" 

https://t.co/71epTV8P6X",[3]
Atiaprotrue,"RT @Atiaprotrue: What's behind claims of reports about a rash of missing persons in Iowa?

https://t.co/5Ct6kGPP5r

49 other people have be‚Ä¶","What's behind claims of reports about a rash of missing persons in Iowa?

https://t.co/5Ct6kGPP5r

49 other people have been listed as missing on the Iowa Department of Public Safety‚Äôs database. But police said is ‚Äúthe norm there ‚Äú...",[3]
jasonsallese,"Good morning everyone.

If you are in Melbourne this week drop into one of cafes listed below to show your support to all the families and also Missing Persons Advocacy Network - MPAN who have done such an... https://t.co/vuYvjz1BHw",,[3]
WhosGoneGalt2,What's behind claims of reports about a rash of missing persons in Iowa? https://t.co/mwJ8y2Ppgd #FoxNews,,[3]
_VERCOUNTRY_,Family of Olivia Lone Bear seeks comprehensive missing persons protocol for tribes https://t.co/HjVcGflCM2 https://t.co/rArDe2QkQc,,[3]
16WAPTNews,"Girl, 12, missing from DC-area airport is safe, national search center says https://t.co/fQM0SDlB8j https://t.co/ipACfh3dhl",,[3]
4029news,"Girl, 12, missing from DC-area airport is safe, national search center says https://t.co/ikgoZyZGsk https://t.co/ezjp5KdiXS",,[3]
tsviper15,"In Iowa, 48 juveniles have gone missing in July. Here's why that number may be misleading. https://t.co/3MbsGBMo0L via @usatoday",,[3]
don85375,"RT @dbeuv: What's behind claims of reports about a rash of missing persons in Iowa?

https://t.co/ftYivGufrM","What's behind claims of reports about a rash of missing persons in Iowa?

https://t.co/ftYivGufrM",[3]
cmbeachbum,RT @THV11: #THV11MissionHome - John &amp; Linda Hall were last seen in a white 2011 Ford truck. License plate number: 414-PIW. Contact the Garl‚Ä¶,"#THV11MissionHome - John &amp; Linda Hall were last seen in a white 2011 Ford truck. License plate number: 414-PIW. Contact the Garland County Sheriff's Office with information.
Read here: https://t.co/hGZUhJROnr https://t.co/BTJYM9Knds",[3]
akasa821,RT @B64126489: Wise words for all families of missing persons. If you remain quiet over the abduction of your loved ones you will end up lo‚Ä¶,"Wise words for all families of missing persons. If you remain quiet over the abduction of your loved ones you will end up losing. Abducting people is a crime so speak against it rather than remain silent over it &amp; end up prolonging your sufferings
#FreeSisterRomana #Pakistan https://t.co/4xnjtfrrUu",[3]
westernlvr,"RT @FactionJaxson: Amazing the lengths #FakeNews goes to convince KIDS DISAPPEARING isn‚Äôt a big deal. Even if kids are runaways, why not bl‚Ä¶","Amazing the lengths #FakeNews goes to convince KIDS DISAPPEARING isn‚Äôt a big deal. Even if kids are runaways, why not blast it everywhere!? Also 99% of missing kids are in the custody of Social Services. Really makes you think ü§î 

#Qanon #MollyTibbetts 
https://t.co/sm8AbTfxPm",[3]
forlorncaptain,@indolesholmes Some missing persons reported if you want to look at them. [He scrubs a hand through his hair then goes to pour tea for himself.],,[3]
Occupy007,"RT @007Haarp: An update on the search for Kevin Wolfrey: I've been blown off by the Hayward P.D. 3 times over the phone, &amp; one time in pers‚Ä¶","An update on the search for Kevin Wolfrey: I've been blown off by the Hayward P.D. 3 times over the phone, &amp; one time in person (the officer present decided to take lunch, but never really did). The F.B.I. doesn't handle these types of missing persons cases.",[3]
zachzach28,"Missing Persons/Family Friend in Las Vegas, Please Spread and contact me if there is any info?  #LasVegas #MissingPerson https://t.co/TKVp9hWECw",,[3]
JackFromNoDak,Family of Olivia Lone Bear seeks comprehensive missing persons protocol for tribes https://t.co/wn3Lki7JkW via @bistrib,,[3]
Freewheeln,RT @TheFreedom2Live: https://t.co/Cxnvp7dMiA,https://t.co/Cxnvp7dMiA,[3]
mz_zette,@kireau It flucuates but been staying in that ballpark. More acreage and houses every day tho. I'm just glad all missing persons were located.,,[3]
crayons126,RT @jakedraper44: Please read below picture! Our families turning to social media because we can‚Äôt report a missing persons yet. We figured‚Ä¶,"Please read below picture! Our families turning to social media because we can‚Äôt report a missing persons yet. We figured everyone‚Äôs vacation and road tripping it‚Äôs worth a shot. PLEASE RETWEET, and contact the below numbers if you see him. Thank you https://t.co/XorYDdpPvY",[3]
American1299,https://t.co/T0nTOcGEIt,,[3]
cbritt1985,"ARKANSAS #SILVERALERT Elderly couple missing. John &amp; Linda Hall both have dementia and are in their 70's. Believed traveling in 2011 White Ford F 250 Super Duty pickup, Ark. LPN: 414 PIW #ARNews 

(Via KARK 4 News) https://t.co/7YavqamKFx",,[3]
sonriamaria,RT @c_lynn_e: This is a list of the most frequent missing persons in Iowa. 30+ since Mollie Tibbetts. Please be aware of who is around you‚Ä¶,This is a list of the most frequent missing persons in Iowa. 30+ since Mollie Tibbetts. Please be aware of who is around you and try not to go anywhere alone. Human trafficking is real and it is happening all around us. https://t.co/8Gul22X8kK,[3]
MarycYee3,"What's behind claims of reports about a rash of missing persons in Iowa?

https://t.co/Hg459Mr0y3",,[3]
SalleseNicola,"National Missing Persons Week 2018
5th -11th August 2018
#TheUnmissables 
#NMPW2018 https://t.co/kxCHAtxunl",,[3]
Robert04000764,"RT @WMUR9: Girl, 12, missing from DC-area airport is safe, national search center says https://t.co/Dzz9bC257V https://t.co/VlYA4i3aEQ","Girl, 12, missing from DC-area airport is safe, national search center says https://t.co/Dzz9bC257V https://t.co/VlYA4i3aEQ",[3]
ScissormanX,I added a video to a @YouTube playlist https://t.co/DLFEbbNQVu Missing Persons - Words,,[3]
B64126489,"Wise words for all families of missing persons. If you remain quiet over the abduction of your loved ones you will end up losing. Abducting people is a crime so speak against it rather than remain silent over it &amp; end up prolonging your sufferings
#FreeSisterRomana #Pakistan https://t.co/4xnjtfrrUu",,[3]
PulljaanBaloch,"Missing persons who are bearing inhuman torture in pakistani army custody must be given the Status of POWs, UN must immediately intervene #Balochistan",,[3]
WMUR9,"Girl, 12, missing from DC-area airport is safe, national search center says https://t.co/Dzz9bC257V https://t.co/VlYA4i3aEQ",,[3]
KCCINews,"Girl, 12, missing from DC-area airport is safe, national search center says https://t.co/KkSkG8kZwZ https://t.co/CRyu2r8Azq",,[3]
rusdaboss,RT @Alternative80s: Missing Persons - Right Now (1984) https://t.co/4WvZTezmRI,Missing Persons - Right Now (1984) https://t.co/4WvZTezmRI,[3]
TheTornadoNews,"As the disappearance of Mollie Tibbetts makes national headlines, Is there an epidemic of missing children in the state of Iowa? https://t.co/TqCnHMX6ni",,[3]
Alternative80s,Missing Persons - Right Now (1984) https://t.co/4WvZTezmRI,,[3]
mowapello604,"RT @RFannon_KTVO: In light of the high-profile investigation into Brooklyn, Iowa, resident Mollie Tibbits' disappearance, concerns have com‚Ä¶","In light of the high-profile investigation into Brooklyn, Iowa, resident Mollie Tibbits' disappearance, concerns have come to light about what seems to be a high number of juveniles reported missing in Iowa in recent weeks.

https://t.co/lrxr86bNuW

#KTVONews",[3]
Qntkka,I liked a @YouTube video https://t.co/TZHngyt1c2 Allison Mack Of Smallville Linked To Unsolved Missing Persons Case,,[3]
BradleySisters,"Okay the reason I asked that question about missing persons is because I've been accused of making money off Diamond and Tionda Bradley, I've been accused of wanting the spot light, I've been accused of doing... https://t.co/oj9Qb7Vrvw",,[3]
BradleySisters,"Okay the reason I asked that question about missing persons is because I've been accused of making money off Diamond and Tionda Bradley, I've been accused of wanting the spot light, I've been accused of doing too... https://t.co/m3A7dJ8UKD",,[3]
TheGhoulBabe,Don't these old men who accost me in public places to get me to model for them know that I'm obsessed with missing persons cases,,[3]
therealkalb,"@Liv1204 @west_response Well said @Liv1204  I‚Äôve experienced none risk persons walk out of A&amp;E after waiting 3hours and reported missing to us - then being told if found,  they are to attend their GP üò¨",,[3]
1079underground,"#NowPlaying @ 19:19:41 ET: ""Mental Hopscotch"" by Missing Persons from ""Spring Session M"" (1982)",,[3]
SpringsRaff,"RT @Gngerbrdgrl: What's behind claims of reports about a rash of missing persons in Iowa?

https://t.co/PtfWX3Uszv","What's behind claims of reports about a rash of missing persons in Iowa?

https://t.co/PtfWX3Uszv",[3]
pathoflife13,RT @Harry_Kary: Where's the Democrats cry about children being separated from their families? https://t.co/YjqssP70Yj #FoxNews,Where's the Democrats cry about children being separated from their families? https://t.co/YjqssP70Yj #FoxNews,[3]
ardis_snow,"RT @THV11: PLEASE RT - Mother of three, Brooke Allensworth, 37, is missing from the Newark and Oil Trough area. Her car was found near the‚Ä¶","PLEASE RT - Mother of three, Brooke Allensworth, 37, is missing from the Newark and Oil Trough area. Her car was found near the White River in Oil Trough.
#THV11MissionHome
READ: https://t.co/8yKmRmB0ZS https://t.co/gtftV1ikGv",[3]
texaskat2003,What's behind claims of reports about a rash of missing persons in Iowa? https://t.co/JSpZ7JoyiN #FoxNews,,[3]
folsom666,"Missing persons over the age of 17 and/or with drug problems are given much less attention and, more often than not, are swept under the rug and labeled as run-aways. Every life matters. https://t.co/bwN1YZkIDh",,[3]
SAR_1inc,RT @SAR_1inc: @SAR_1inc @ChrisLewisLLS @OPPCommHawkes @Chief_BLarkin @OACPOfficial @mauty @Michael_F_Coyle @KatALaq  Jamie Stirling Ubimodo‚Ä¶,"@SAR_1inc @ChrisLewisLLS @OPPCommHawkes @Chief_BLarkin @OACPOfficial @mauty @Michael_F_Coyle @KatALaq  Jamie Stirling Ubimodo ""The New Standard for Safety"" with Chris Young showing Ubimodo Tech which keeps people safe and free to law enforcement.  
https://t.co/IvDqd3dniA https://t.co/zbA6T8DjpV",[3]
wdsu,"Girl, 12, missing from DC-area airport is safe, national search center says https://t.co/A2W5j2dmWA https://t.co/iXy79tMVM5",,[3]
dan_libell,"What's behind claims of reports about a rash of missing persons in Iowa?

https://t.co/JrqOBggTPN
I don‚Äôt care how they spin it, it is still a lot of missing kids!",,[3]
czyxgirlfriend,"DPS says in fiscal year 2017, 4,311 juveniles were reported missing in Iowa ‚Äì around an average of 12 per day

https://t.co/du9DyDRJgo",,[3]
AwkwardEIephant,Hanging out with real life people my age is interesting i enjoy it but I can‚Äôt talk about the anchovie that says meep and how it changed me forever or about missing persons cases without sounding like a creep,,[3]
BetterThanChump,RT @WXII: Amber Alert: 12-year-old abducted from DC-area airport is 'in extreme danger' https://t.co/xFhzqp7sYf https://t.co/vmdH4LW7a3,Amber Alert: 12-year-old abducted from DC-area airport is 'in extreme danger' https://t.co/xFhzqp7sYf https://t.co/vmdH4LW7a3,[3]
ZEESHANCH009,@sakhtarmengal @HamidMirPAK @mirlashkari1 @jamaldini_zeb @sakhtarmengal  sir we love you &amp; respect u please dont play in hands of people like maulana fazal ur rehman . They dont care for balochistan.Please standby @ImranKhanPTI on this occasion as he he always stood firmly on issue of missing persons &amp; rights of people of Balochistan.,,[3]
KARK4News,Elderly Couple Missing from Garland County https://t.co/5jRneeEg5O https://t.co/HO3ixpRcyT,,[3]
dammit_joe,RT @baseballot: .@perrybaconjr calls Tennessee as a starring witness in the missing-persons case of female Republican politicians: https://‚Ä¶,.@perrybaconjr calls Tennessee as a starring witness in the missing-persons case of female Republican politicians: https://t.co/hFUOl6XBI3,[3]
waybaby,"What's behind claims of reports about a rash of missing persons in Iowa?

https://t.co/1k8NBCFGFn",,[3]
WESH,Amber Alert: 12-year-old abducted from DC-area airport is 'in extreme danger' https://t.co/dGs5f3x7tY https://t.co/TYLXRg78eW,,[3]
WXII,Amber Alert: 12-year-old abducted from DC-area airport is 'in extreme danger' https://t.co/xFhzqp7sYf https://t.co/vmdH4LW7a3,,[3]
BiggMamaof6,"RT @wpgpolice: #Missing Person: Sherisa Robyn GRETSINGER, 16-years-old. Anyone with any information regarding her whereabouts is asked to c‚Ä¶","#Missing Person: Sherisa Robyn GRETSINGER, 16-years-old. Anyone with any information regarding her whereabouts is asked to contact the Winnipeg Police Service Missing Persons Unit at 204-986-6250.
https://t.co/WrqCiz5Fkn https://t.co/iJb4xCLMG9",[3]
BrianEvans6200,"What's behind claims of reports about a rash of missing persons in Iowa? Looks like the FBI needs to get involved in this. 

https://t.co/iAuRKmzdbH",,[3]
Dalizaadame2,@JessiiVee @YouTube Jessii can you do missing persons cases?,,[3]
SteveCusic4,"What's behind claims of reports about a rash of missing persons in Iowa?

https://t.co/Xb8f0SJOF3",,[3]
paphotog,"What's behind claims of reports about a rash of missing persons in Iowa?

https://t.co/eklqubn6YK  be extra careful right now something is up",,[3]
DAYUNITEDSTATES,"What's behind claims of reports about a rash of missing persons in Iowa?

https://t.co/lwpXPTI6q8",,[3]
MarianDClough,What's behind claims of reports about a rash of missing persons in Iowa? https://t.co/EEN7BKZ137 #FoxNews,,[3]
jjvelasquez77,"What's behind claims of reports about a rash of missing persons in Iowa?

https://t.co/vvqERMIdJQ",,[3]
KunleDeCastro,@GenieinaGoblet I was about filing a missing persons report...,,[3]
WA_SusanD,"What's behind claims of reports about a rash of missing persons in #Iowa?

https://t.co/TGuYRq9Poh",,[3]
maryasfuckc,"has melancholy taken you for good? you know that I would save you if I could, watched your laughter turn to tears then you vanished in thin air well we pinned your missing persons picture up on every mother-loving post how's it feel to be a ghost? you're the one I love the most",,[3]
ReynarldoRivera,RT @DopeAssBlasian_: When you're trying to hoe in peace and your nosey ass husband files a missing persons report.  https://t.co/0k4i09fcu8,When you're trying to hoe in peace and your nosey ass husband files a missing persons report.  https://t.co/0k4i09fcu8,[3]
CehBeachActual,@AkkadianTimes A wide sweep of all of their crawlspaces &amp; basements would most likely solve a lot of missing persons cases,,[3]
William51905372,RT @LVMPD: Please HELP US LOCATE #missingperson Arial Watts. Arial is 28 years of age. She was last seen in the area of Silverado Ranch and‚Ä¶,Please HELP US LOCATE #missingperson Arial Watts. Arial is 28 years of age. She was last seen in the area of Silverado Ranch and Bermuda. Anyone with info on her whereabouts¬†should immediately contact the LVMPD Missing Persons Detail at¬†702-828-3111. #LasVegas https://t.co/PjclsbGqtN,[3]
TheFreedom2Live,https://t.co/Cxnvp7dMiA,,[3]
KETV,Amber Alert: 12-year-old abducted from DC-area airport is 'in extreme danger' https://t.co/cexcHGJX3h https://t.co/H18BheU8h3,,[3]
pmailletblogs,What's behind claims of reports about a rash of missing persons in Iowa? https://t.co/ESUftU50pl,,[3]
skkj47,"@PakhairRaghlay People will highly appreciate if Army can do this.. Investigating missing persons case and letting free those who are Free..
Let's move forward with positive Intension.",,[3]
Hmwardle07,RT @drewdraper_: Please read below picture! Our families turning to social media because we can‚Äôt report a missing persons yet. We figured‚Ä¶,"Please read below picture! Our families turning to social media because we can‚Äôt report a missing persons yet. We figured everyone‚Äôs vacation and road tripping it‚Äôs worth a shot. PLEASE RETWEET, and contact the below numbers if you see him. Thank you üíõüíõ https://t.co/b6ZcUKRQoI",[3]
EugeneHirsch,"What's behind claims of reports about a rash of missing persons in Iowa?

https://t.co/99KHgpZ7Th

If this young lady had a firearm and was trained in its use, she would still be alive today!",,[3]
Freechoice16,What's behind claims of reports about a rash of missing persons in Iowa? https://t.co/r3cRPhGuk6 #FoxNews,,[3]
skkj47,@PakhairRaghlay Your definition of missing persons is so simple..I am sorry but I won't agree with you on this missing person case.. Cause military has forcefully taken them from there homes...,,[3]
Gngerbrdgrl,"What's behind claims of reports about a rash of missing persons in Iowa?

https://t.co/PtfWX3Uszv",,[3]
kwqcnews,"""We are truly devasted by the tragedy that occurred on the docks of Schwiebert Park."" https://t.co/7rqqXI5IQv",,[3]
aloveprodctions,Amber Alert: 12-year-old abducted from DC-area airport is 'in extreme danger' https://t.co/s64LLbhPmV,,[3]
SiR_GaMeZaLoT,"RT @Khadimhussain4: 'Missing persons should be called ‚Äòpolitical prisoners‚Äô not ‚Äòpolitical persons‚Äô, since there is no reason for their ill‚Ä¶","'Missing persons should be called ‚Äòpolitical prisoners‚Äô not ‚Äòpolitical persons‚Äô, since there is no reason for their illegal captivity at the hands of the state other than their political views.' https://t.co/Ql6jf4x879",[3]
sabeenbedford,"RT @SheraliTareen: @ImranKhanPTI remember your promise to @HamidMirPAK on missing persons, and assure @sakhtarmengal @johnbrownreborn https‚Ä¶","@ImranKhanPTI remember your promise to @HamidMirPAK on missing persons, and assure @sakhtarmengal @johnbrownreborn https://t.co/2RlKV84Aq9",[3]
PakhairRaghlay,"@skkj47 I GUESS ALL OF YOUR POINTS HAVE BEEN KILLED. 
Missing persons. Well itni bari jang hui hai. 10 Hazar foji shaheed. Hazaron dehshat gard maray gaye. Unka families mostly ko hoskta h pta b na ho. Missing persons tou honge. Hazaron kunar ma bethe hain.",,[3]
mispats2u,"What's behind claims of reports about a rash of missing persons in Iowa?

https://t.co/pW9u14Y4GN",,[3]
Michael77543635,What's behind claims of reports about a rash of missing persons in Iowa? https://t.co/GHQ69ao5dU #FoxNews,,[3]
Nilsawrites,"Within a 10-day period in Iowa 17 girls and 19 boys from the ages of 13-20 have gone missing. 
‚öà
#Missing #MollieTibbetts 
https://t.co/Wu64Fqmu86",,[3]
JJ_BAU,"Despite refusing the promotion twice, JJ, after a missing persons case in Maryland,",,[3]
bobk90,"They should contact Bill Clinton and the Pedophile Ring...
https://t.co/M2Hp78oN0F #FoxNews",,[3]
Wave80radio,Now playing: Missing Persons - Destination Unknown - Hear it now at https://t.co/CvzilQ85Yu #80s #80smusic,,[3]
WendyYRN,"What's behind claims of reports about a rash of missing persons in Iowa?

https://t.co/Nbt6SNLj7w",,[3]
robertstwin1,"RT @BradleySisters: Question, why do so many of you care about missing persons you didn't even know?
Does or should that make a difference?","Question, why do so many of you care about missing persons you didn't even know?
Does or should that make a difference?",[3]
skkj47,"@PakhairRaghlay They are saying that Rao Anwar is bitch of militaryüò≤üò≤
Yes the loooooonnnnggg list was provided to the courts and military but nothing happened( u know military won't let missing persons to appear in front of courts)
Behave nicley on the checkpoints is what they r demanding.",,[3]
jjdpower1970,"What's behind claims of reports about a rash of missing persons in Iowa?

https://t.co/bLjy41SKFR",,[3]
robertstwin1,@BradleySisters My passion for missing persons was ignited when my son went missing when he was 3 (now 38) and thank heavens he was found safe within a couple hours. Pedo loose in the hood that nearly got him. I also have passion for Unidentified persons awareness,,[3]
CarmenGarciaPHX,"RT @JJDJ1187: What's behind claims of reports about a rash of missing persons in Iowa?

https://t.co/4PSezMJn1E","What's behind claims of reports about a rash of missing persons in Iowa?

https://t.co/4PSezMJn1E",[3]
4thWaveAI,What's behind claims of reports about a rash of missing persons in Iowa? https://t.co/SwmA2PrgI4 #FoxNews,,[3]
PatriotByGod,"What's behind claims of reports about a rash of missing persons in Iowa? ""The vast majority are under 20 years old."" 

https://t.co/71epTV8P6X",,[3]
JWBamaFan,"RT @USAHipster: What's behind claims of reports about a rash of missing persons in Iowa?

https://t.co/rrqMSsrGLs","What's behind claims of reports about a rash of missing persons in Iowa?

https://t.co/rrqMSsrGLs",[3]
imdplum,"@PartesanJournal @klwgort @derekahunter Still not constitutional duty or obligation. Nowhere in the Constitution (that I know of) is there an instruction/obligation/duty or other mandate imposed upon persons to report news or propaganda or opine on the state of the country. If I'm missing it, please point it out to me.",,[3]
SweetButterCoo1,"What's behind claims of reports about a rash of missing persons in Iowa?

https://t.co/ma41wFavdT",,[3]
JDSJeremyDaniel,Only 390 missing  ???    ONLY ?   https://t.co/zNkOe6yr3K,,[3]
sandralynnphill,"What's behind claims of reports about a rash of missing persons in Iowa?

https://t.co/2HKoOjfPwM",,[3]
billymjones55,"What's behind claims of reports about a rash of missing persons in Iowa?

https://t.co/HZWS2YHalT",,[3]
THV11,"#THV11MissionHome - John &amp; Linda Hall were last seen in a white 2011 Ford truck. License plate number: 414-PIW. Contact the Garland County Sheriff's Office with information.
Read here: https://t.co/hGZUhJROnr https://t.co/BTJYM9Knds",,[3]
thaiparampil,"What's behind claims of reports about a rash of missing persons in Iowa?

https://t.co/gzpBYPbPMm",,[3]
dbentzjr,https://t.co/B0gKEIwnRv,,[3]
opennGold,What's behind claims of reports about a rash of missing persons in Iowa? https://t.co/1E89mHktJU,,[3]
snyder777,"What's behind claims of reports about a rash of missing persons in Iowa?

https://t.co/SbC84HQE3P",,[3]
YUlookingmeup,"Stabbings , dodgy MPs, missing persons appeals , twitter spats , dealing with a heavily pregnant mum who starting out with nothing , filling in PIP forms, arguing the case of the desperate to loan shark companies.

See in a country where you can anything ? Choose to be kind ,",,[3]
voicefromthetop,"The has over 80 missing persons: Cardona, a rifleman with stands on top of Iwo Jima came to sleigh.",,[3]
rhondac1919,Allison Mack Of Smallville Linked To Unsolved Missing Persons Case https://t.co/neyUCm3Cy6 via @YouTube,,[3]
skkj47,"@PakhairRaghlay Without knowing the demands of them.
Bravo my friend bravo..
1: Hanging criminal Rao Anwar for more than 444 extrajudicial killing.
2: Bring missing persons to the courts and let the courts decide there fate.
3: Soldiers should behave nicley on check post.
4: clearing mines in+++",,[3]
openomroep,What's behind claims of reports about a rash of missing persons in Iowa? https://t.co/6m4vOXsue7,,[3]
GannonShaya,"What's behind claims of reports about a rash of missing persons in Iowa?

https://t.co/Alrn6lzoSQ",,[3]
shirleycolleen,What's behind claims of reports about a rash of missing persons in Iowa? https://t.co/zWkie7Ds32,,[3]
debrand1827,"What's behind claims of reports about a rash of missing persons in Iowa?

https://t.co/CCwc5ZWj09",,[3]
PosiQR,"The Focus on Mollie Tibbett Has Changed!  Media Has Lost Interest!
https://t.co/RDQEAwvLnG
#MollieTibbetts #MissingPerson #Iowa #DesMoines #BrooklynIA",,[3]
gca122,I believe I would be looking for a safer location for my family. https://t.co/yDilfLBNVP #FoxNews,,[3]
FrankELLIS2,I got @KTunnicliff  a petcube for her birthday and she hasn't checked it yet today... I'm considering putting a missing persons report out,,[3]
Harry_Kary,Where's the Democrats cry about children being separated from their families? https://t.co/YjqssP70Yj #FoxNews,,[3]
SaysDana,"@JusticeGirl2950 @zipillinois @JamesFourM @Grzabjj @ericgarland @LouiseMensch @ChrisLutolf @LincolnsBible @counterchekist @MalcolmNance So then we are more alike than we are different.  I spent many of my years in volunteering (firefighting) and spend countless hours helping LE find missing persons, volunteering at food banks.  Supporting Mueller is the one common THREAD we have.",,[3]
BradleySisters,"Question, why do so many of you care about missing persons you didn't even know?
Does or should that make a difference?",,[3]
Kimbagirl4u,"What's behind claims of reports about a rash of missing persons in Iowa?

https://t.co/YliiYzvYeP",,[3]
AudieMcGee6,RT @smillr: What's behind claims of reports about a rash of missing persons in Iowa? | Fox News https://t.co/W8dwS8wNAl,What's behind claims of reports about a rash of missing persons in Iowa? | Fox News https://t.co/W8dwS8wNAl,[3]
Dragon17xrt,What's behind claims of reports about a rash of missing persons in Iowa? https://t.co/kylTHFSH7t #FoxNews,,[3]
smillr,What's behind claims of reports about a rash of missing persons in Iowa? | Fox News https://t.co/W8dwS8wNAl,,[3]
SFC_E7Army,"What's behind claims of reports about a rash of missing persons in Iowa?
https://t.co/2PhtOzg1Kt",,[3]
4ReallyandTruly,What's behind claims of reports about a rash of missing persons in Iowa? https://t.co/F8kIxRFQPf #FoxNews,,[3]
Bangulzai18,@HamidMirPAK Hamid mir bahi please missing persons ke leye kuch kre hmari umeed ap se wabasta hai,,[3]
NGinantya,"What's behind claims of reports about a rash of missing persons in Iowa?

https://t.co/z337eZoBOE",,[3]
JeffreyWHills1,"RT @MAGAChronicle: @shankelly3 What's behind claims of reports about a rash of missing persons in Iowa?
https://t.co/dUnmCWPtGO","@shankelly3 What's behind claims of reports about a rash of missing persons in Iowa?
https://t.co/dUnmCWPtGO",[3]
mightysparty,https://t.co/ZVdKEq4RTk,,[3]
lostom1,"What's behind claims of reports about a rash of missing persons in Iowa?

https://t.co/sjpuuJcmjC",,[3]
JJDJ1187,"What's behind claims of reports about a rash of missing persons in Iowa?

https://t.co/4PSezMJn1E",,[3]
Atiaprotrue,"What's behind claims of reports about a rash of missing persons in Iowa?

https://t.co/5Ct6kGPP5r

49 other people have been listed as missing on the Iowa Department of Public Safety‚Äôs database. But police said is ‚Äúthe norm there ‚Äú...",,[3]
michaelmeans49,"What's behind claims of reports about a rash of missing persons in Iowa?

https://t.co/Dz1d8QlZbl",,[3]
KitchenSinkHold,What's behind claims of reports about a rash of missing persons in Iowa? https://t.co/fXUp6BeUld,,[3]
MAGAChronicle,"@shankelly3 What's behind claims of reports about a rash of missing persons in Iowa?
https://t.co/dUnmCWPtGO",,[3]
godsproperty46,Three teen girls missing from Walker County https://t.co/swnDKFwnvN,,[3]
FoxNews,What's behind claims of reports about a rash of missing persons in Iowa? https://t.co/7mQCGV5uzq,,[3]
GaryMallonee2,"What's behind claims of reports about a rash of missing persons in Iowa?

https://t.co/eG8wI8BTHz",,[3]
Chanologist,"Did they really say ""Don't fret. This is normal here.""? 
That doesn't sound normal to me. Whether it's 1 or a thousand it should never be viewed as the norm when people go missing.
 https://t.co/BSL1RaVoB3",,[3]
Kxqueeen,RT @kcranews: Amber Alert: 12-year-old abducted from DC-area airport is 'in extreme danger' https://t.co/E65YqHxcjD https://t.co/474HMCZEbe,Amber Alert: 12-year-old abducted from DC-area airport is 'in extreme danger' https://t.co/E65YqHxcjD https://t.co/474HMCZEbe,[3]
kmbc,Amber Alert: 12-year-old abducted from DC-area airport is 'in extreme danger' https://t.co/nmPA5hBGXE https://t.co/RmEQhMLCux,,[3]
KXNewsMinot,"RT @KXMB: Scott Davis is the executive director for the Indian Affairs Commission. He hopes these new efforts will help native children, an‚Ä¶","Scott Davis is the executive director for the Indian Affairs Commission. He hopes these new efforts will help native children, and be a step towards improving legislation in all missing persons cases. https://t.co/9tlaKZ2Utn",[3]
KXMB,"Scott Davis is the executive director for the Indian Affairs Commission. He hopes these new efforts will help native children, and be a step towards improving legislation in all missing persons cases. https://t.co/9tlaKZ2Utn",,[3]
ChrisTheAngler,"What's behind claims of reports about a rash of missing persons in Iowa?

https://t.co/uwo6fL0Dk9",,[3]
The_D_Advocate,"Please rewteet posts of missing persons. Even if you're not in that person's area, one of your followers might be. It's such an easy thing to do and it could help save a life. In Noah's case below it was too late. Hopefully next time it wont be. https://t.co/MYthb6jLXp",,[3]
mrlowe2486,RT @WISN12News: Amber Alert: 12-year-old abducted from DC-area airport is 'in extreme danger' https://t.co/MksbKhCckB https://t.co/IULjQBU1‚Ä¶,Amber Alert: 12-year-old abducted from DC-area airport is 'in extreme danger' https://t.co/MksbKhCckB https://t.co/IULjQBU1zv,[3]
Stableharleymom,What's behind claims of reports about a rash of missing persons in Iowa? https://t.co/qFcs3LPNAF #FoxNews,,[3]
WISN12News,Amber Alert: 12-year-old abducted from DC-area airport is 'in extreme danger' https://t.co/MksbKhCckB https://t.co/IULjQBU1zv,,[3]
Microsingular,"12 young people go missing per day in Iowa.  Something involving trafficking is happening.  Sir, let's get the military involved and stop this now.  https://t.co/bDE0IqI0y9 @realDonaldTrump @POTUS @FLOTUS #Qanon",,[3]
The_D_Advocate,@ALomax_1979 Was going to retweet this when I read your update. I am very sorry for your loss and promise that I will continue to retweet all posts of missing persons going forward.,,[3]
dbeuv,"What's behind claims of reports about a rash of missing persons in Iowa?

https://t.co/ftYivGufrM",,[3]
ImNotJeffery,@daveyjallison @BxStepx50 @Jake_WinTheDay Maybe it's time to post a missing persons report. https://t.co/obZ8DIF9q8,,[3]
MAGAChronicle,"more people missing in Iowa
https://t.co/dUnmCWPtGO",,[3]
RebeccaReagan5,What's behind claims of reports about a rash of missing persons in Iowa? https://t.co/tkuQpy3zO5,,[3]
FearNoEvilMinis,"What's behind claims of reports about a rash of missing persons in Iowa?

https://t.co/iyG58pxcqs",,[3]
Method8Corp,"What's behind claims of reports about a rash of missing persons in Iowa?

https://t.co/AgP8USGeah",,[3]
KohmazarMir,"RT @Shahid_Pashteen: #AkhtarMengal has made the recovery of missing persons of #Balochistan a condition for cooperation with parties. 
Than‚Ä¶","#AkhtarMengal has made the recovery of missing persons of #Balochistan a condition for cooperation with parties. 
Thank you @sakhtarmengal for bringing the list of #missingpersons and making the recovery of missing persons one of your conditions with every partyüôè",[3]
hawk144,What's behind claims of reports about a rash of missing persons in Iowa? https://t.co/obgCQ6NkfK #FoxNews,,[3]
fox11news,"@timmywars Locally, we generally report missing-persons cases when law enforcement agencies notify us of them. For cases outside our area, we weigh what is made available to us and how much interest our viewers have in the case.",,[3]
hagenr,"Within the course of one month, FB feed went from being dominated by shares of questionable far-right and far-left posts to shares of missing persons and missing pets.",,[3]
JenSinsley,RT @clarissamehler: What's behind claims of reports about a rash of missing persons in Iowa? 49 people same age like Tedbitts and same time‚Ä¶,"What's behind claims of reports about a rash of missing persons in Iowa? 49 people same age like Tedbitts and same time frame . WTH is going on?

https://t.co/K0JmpaZbS4",[3]
KalaniXbox,"@GuyEPartin I wanted to pass this on to you. Maybe a research project ahead?

What's behind claims of reports about a rash of missing persons in Iowa?

https://t.co/r0cWGqWd11",,[3]
MariaCalleSanti,"Ver ""Missing Persons - Surrender Your Heart"" en YouTube - https://t.co/yMoV2TGmgz",,[3]
spinsahar,"RT @salarzai_: After missing persons sitiation, we now have a missing vote bags situation to deal with.
#KhalaiRiyasat https://t.co/tv1elA8‚Ä¶","After missing persons sitiation, we now have a missing vote bags situation to deal with.
#KhalaiRiyasat https://t.co/tv1elA8uzN",[3]
SheraliTareen,"@ImranKhanPTI remember your promise to @HamidMirPAK on missing persons, and assure @sakhtarmengal @johnbrownreborn https://t.co/2RlKV84Aq9",,[3]
sarimrashid,@TabindaSamar @MashwaniAzhar Wts latest position of PTI on akhtar mengal‚Äôs demands of missing persons etc?,,[3]
clarissamehler,"What's behind claims of reports about a rash of missing persons in Iowa? 49 people same age like Tedbitts and same time frame . WTH is going on?

https://t.co/K0JmpaZbS4",,[3]
LeeKeeling45,"RT @JonReynolds6: What's behind claims of reports about a rash of missing persons in Iowa?

https://t.co/dbYZNZgziT","What's behind claims of reports about a rash of missing persons in Iowa?

https://t.co/dbYZNZgziT",[3]
topnewstodayx,"What's behind claims of reports about a rash of missing persons in Iowa?
https://t.co/XNXkleV8vR https://t.co/bcvnJVSmU6",,[3]
Ga42Boy,"What's behind claims of reports about a rash of missing persons in Iowa?

https://t.co/jykcg450rz",,[3]
DouglasPuett,RT @Trump45awesome: What's behind reports about a rash of missing persons in Iowa since Tibbetts' disappearance? This is very concerning. h‚Ä¶,What's behind reports about a rash of missing persons in Iowa since Tibbetts' disappearance? This is very concerning. https://t.co/vQV5hek46O,[3]
Outhere,What's behind claims of reports about a rash of missing persons in Iowa? https://t.co/JB2IkfEDtM #FoxNews,,[3]
Karli_VanCleave,RT @MattL_JG: #FortWayne police detectives suspect foul play in the missing persons case of Carlos Melgar-Perez.,#FortWayne police detectives suspect foul play in the missing persons case of Carlos Melgar-Perez.,[3]
myno1doodles,RT @tomwoods55: What's behind claims of reports about a rash of missing persons in Iowa? https://t.co/Y5YIxAzXGd #FoxNews,What's behind claims of reports about a rash of missing persons in Iowa? https://t.co/Y5YIxAzXGd #FoxNews,[3]
tomwoods55,What's behind claims of reports about a rash of missing persons in Iowa? https://t.co/Y5YIxAzXGd #FoxNews @vp,,[3]
BinaryNinja7,"What's behind claims of reports about a rash of missing persons in Iowa?

https://t.co/sq3YJ7Fk4S",,[3]
papacs,"Still missing share share share this video.  What's behind claims of reports about a rash of missing persons in Iowa?

https://t.co/fMblIhEVnZ",,[3]
Trump45awesome,What's behind reports about a rash of missing persons in Iowa since Tibbetts' disappearance? This is very concerning. https://t.co/vQV5hek46O,,[3]
SL_Ashton,"What's behind claims of reports about a rash of missing persons in Iowa?

https://t.co/dayRYnbJDA",,[3]
rickwilfong,"Notice how ‚Äúofficials‚Äù are attempting to make you think - ‚Äúthere‚Äôs nothing to see here.‚Äù  How could any believe this staggering number is acceptable.  
https://t.co/xkCz9WX2Im",,[3]
tomwoods55,What's behind claims of reports about a rash of missing persons in Iowa? https://t.co/Y5YIxAzXGd #FoxNews,,[3]
ricenbeanies,What's behind claims of reports about a rash of missing persons in Iowa? https://t.co/Tsy91JwTuA #FoxNews,,[3]
WaywordKnight,"What's behind claims of reports about a rash of missing persons in Iowa?

https://t.co/n3KMHJdLQK",,[3]
toby10987,"RT @campbells53: What's behind claims of reports about a rash of missing persons in Iowa? https://t.co/a5DW2druUY #FoxNews
#Humantraffickin‚Ä¶","What's behind claims of reports about a rash of missing persons in Iowa? https://t.co/a5DW2druUY #FoxNews
#Humantrafficking, #Qanon, #Iowamissing",[3]
JonReynolds6,"What's behind claims of reports about a rash of missing persons in Iowa?

https://t.co/dbYZNZgziT",,[3]
campbells53,"What's behind claims of reports about a rash of missing persons in Iowa? https://t.co/a5DW2druUY #FoxNews
#Humantrafficking, #Qanon, #Iowamissing",,[3]
BadgerSuperhawk,"What's behind claims of reports about a rash of missing persons in Iowa?

https://t.co/P5N011QtZb",,[3]
SaharahTheDog,RT @newschannelnine: #MISSING TEENS - PLEASE SHARE: The Walker County Sheriff's Office needs your help finding 3 teens missing from the cou‚Ä¶,#MISSING TEENS - PLEASE SHARE: The Walker County Sheriff's Office needs your help finding 3 teens missing from the county - please help us spread the word! https://t.co/bFwlvfpOco,[3]
USAHipster,"What's behind claims of reports about a rash of missing persons in Iowa?

https://t.co/rrqMSsrGLs",,[3]
customwww,What's behind claims of reports about a rash of missing persons in Iowa? https://t.co/etUbHRkZr6 #FoxNews,,[3]
jeffery_b,"Hey @FoxNews @brithume @BretBaier What is WRONG with you? Scary &amp; completely misleading headline ""What's behind reports about a rash of missing persons in Iowa since Tibbetts' disappearance?"" Article states ZERO rash, it's historical avg. SHAME ON YOU!!! https://t.co/AItjstnWOL",,[3]
voiceofsindhian,"We Appeal To the World Community To raise The Voice Against Enforced Disappearance of Sindhi Nationalist Political Workers.
Voice for Missing Persons of Sindh
Voice of Sindhi Nation https://t.co/0zY4fhjqS2",,[3]
dougw63,RT @AIIAmericanGirI: What's behind claims of reports about a rash of missing persons in Iowa? https://t.co/P77LsKkrXb @FoxNews #AAG,What's behind claims of reports about a rash of missing persons in Iowa? https://t.co/P77LsKkrXb @FoxNews #AAG,[3]
SheraliTareen,"@sakhtarmengal missing persons ka Mujahid awr Kaptaan, Akhtar Jaan Akhtar Jaan.",,[3]
Winston_Truth,"What's behind claims of reports about a rash of missing persons in Iowa?   
Abominable news that many young people go missing in Iowa!

https://t.co/mVnMAP1YRw",,[3]
magi_nottingham,"The public is urged 'not to fret' because almost 50 missing people under or near the age of 20 have gone missing since 7/18/18 because it's 'the norm'? Read this.

What's behind claims of reports about a rash of missing persons in Iowa? https://t.co/IlNOG92ks4 #FoxNews",,[3]
fox_diff,What's behind claims of reports about a rash of missing persons in Iowa? | Fox News https://t.co/dxjCNzESVs ‚ûú https://t.co/PqwOkcC0Zr https://t.co/PmrtNyXhiK,,[3]
imyanabdulla,"RT @Huzam: RY‚Äôs corruption is not the main issue in this election. 

It‚Äôs State sponsored terrorism!

Including missing persons &amp; governmen‚Ä¶","RY‚Äôs corruption is not the main issue in this election. 

It‚Äôs State sponsored terrorism!

Including missing persons &amp; government supported murders of citizens. 

Those shamelessly out on the streets campaigning to re-elect RY are sponsoring this terrorism! https://t.co/YkvxKVU3Qz",[3]
JoAnnAprile,What's behind claims of reports about a rash of missing persons in Iowa? https://t.co/Jmc6nxMu3d #FoxNews,,[3]
covartsl,"What's behind claims of reports about a rash of missing persons in Iowa?

https://t.co/4s3GpuDRYr",,[3]
minsikai,RT @giriboymv: @minsikai 5 WHOLE DAYS THEYRE GONNA FILE A MISSING PERSONS REPORT,@minsikai 5 WHOLE DAYS THEYRE GONNA FILE A MISSING PERSONS REPORT,[3]
giriboymv,@minsikai 5 WHOLE DAYS THEYRE GONNA FILE A MISSING PERSONS REPORT,,[3]
SERAPH1,"What's behind claims of reports about a rash of missing persons in Iowa?

https://t.co/t1T28yPbku",,[3]
pigdaddy63,What's behind claims of reports about a rash of missing persons in Iowa? https://t.co/UULp2pyYj3 #FoxNews,,[3]
knowwhentoholde,What's behind claims of reports about a rash of missing persons in Iowa? | Fox News https://t.co/sPH0CZzAYp,,[3]
IDAddictUSA,Yes. This case is a model for all the other missing persons cases. https://t.co/jtgUzCSz9I,,[3]
Jeh57John,"What's behind claims of reports about a rash of missing persons in Iowa?

https://t.co/Qok47qJ0SH",,[3]
MyNBC5,Amber Alert: 12-year-old abducted from DC-area airport is 'in extreme danger' https://t.co/8S2sq3KhUC https://t.co/56TPvONKvC,,[3]
kcranews,Amber Alert: 12-year-old abducted from DC-area airport is 'in extreme danger' https://t.co/E65YqHxcjD https://t.co/474HMCZEbe,,[3]
BillofRightsKin,What's behind claims of reports about a rash of missing persons in Iowa? https://t.co/f2E6kD17vM #FoxNews,,[3]
Arwa62653234,"RT @KamranKhan_JI: ÿ¨Ÿà ŸÑŸà⁄Ø ÿ±€åŸÖŸÜ⁄à ⁄à€åŸàÿ≥ ÿßŸàÿ± ÿ¨Ÿàÿ¶ŸÑ ⁄©Ÿà⁄©ÿ≥ Ÿæÿ± ⁄©€Åÿ™€í ÿ™⁄æ€í ""⁄Ü⁄æŸà⁄ë ÿØ€åÿß ÿ™Ÿà ⁄©€åÿß €ÅŸàÿßÿå ÿß€åÿ≥ÿß ÿ®⁄æ€å ⁄©⁄Ü⁄æ ŸÜ€Å€å⁄∫ ⁄©€åÿß ÿ™⁄æÿß"" €î€î€î
Ÿà€Å€å missing persons Ÿæÿ±‚Ä¶","ÿ¨Ÿà ŸÑŸà⁄Ø ÿ±€åŸÖŸÜ⁄à ⁄à€åŸàÿ≥ ÿßŸàÿ± ÿ¨Ÿàÿ¶ŸÑ ⁄©Ÿà⁄©ÿ≥ Ÿæÿ± ⁄©€Åÿ™€í ÿ™⁄æ€í ""⁄Ü⁄æŸà⁄ë ÿØ€åÿß ÿ™Ÿà ⁄©€åÿß €ÅŸàÿßÿå ÿß€åÿ≥ÿß ÿ®⁄æ€å ⁄©⁄Ü⁄æ ŸÜ€Å€å⁄∫ ⁄©€åÿß ÿ™⁄æÿß"" €î€î€î
Ÿà€Å€å missing persons Ÿæÿ± ⁄©€Åÿ™€í €Å€å⁄∫ ""⁄©⁄Ü⁄æ ÿ™Ÿà ⁄©€åÿß €ÅŸà⁄Øÿß""

€åÿß ŸÖŸÜÿßŸÅŸÇÿ™ ÿ™€åÿ±ÿß €Å€å ÿ¢ÿ≥ÿ±ÿß€Å€î

#FreeSisterRomana
#FreeAtifBaig https://t.co/v3tlHDFi3x",[3]
AIIAmericanGirI,What's behind claims of reports about a rash of missing persons in Iowa? https://t.co/P77LsKkrXb @FoxNews #AAG,,[3]
sparxx,"@IAmUnrepentant @AtheistRepublic You‚Äôre missing the point. Mocking a persons belief system is mocking them personally. It matters not if the beliefs are valid to you or not. If you don‚Äôt believe me, ask a female Muslim why it‚Äôs important for her to wear a hijab. She has every right to her own beliefs.",,[3]
twowhittwopips,"@WMPFedChair Time has come for @NPCC to commit greater resource to higher threat and risk. 

We must now draw a line and force partners and commerce to step up and take responsibility for their own areas of business.

Non-high risk missing persons - business crime - mental health - TSS .....",,[3]
lolhayd,@_rebeccarose17 Could well be a missing persons case. Not 100% sure though,,[3]
RedAlertsBlog,What's behind claims of reports about a rash of missing persons in Iowa? https://t.co/PzJVlN63Wo #FoxNews,,[3]
Shauna33R,https://t.co/LbItozLjNG,,[3]
InvictusManeoTX,"They should ask the folks in Omaha, Nebraska. #FranklinCoverUp
https://t.co/zsS8Xe8eJ1 #FoxNews",,[3]
misstozak,"RT @MariaBonanno9: What's behind claims of reports about a rash of missing persons in Iowa?

https://t.co/yPHZvlApev","What's behind claims of reports about a rash of missing persons in Iowa?

https://t.co/yPHZvlApev",[3]
MianFaran6,CJP calls for resolving missing persons issue under law | The Express Tribune https://t.co/KS6sfoWjC4,,[3]
Gander_News_c2,What's behind claims of reports about a rash of missing persons in Iowa? https://t.co/UrMOckazh6,,[3]
TayxxMichelle,Wow @phoenixpolice ... Idek why I‚Äôm shocked because you guys can‚Äôt even contact me back after countless messages. Now I am hearing what is happening regarding the missing persons cases. To say that I am disgusted is an understatement..SAD! #JusticeForAlissa #JusticeForBrandyMyers,,[3]
MariaBonanno9,"What's behind claims of reports about a rash of missing persons in Iowa?

https://t.co/yPHZvlApev",,[3]
newschannelnine,#MISSING TEENS - PLEASE SHARE: The Walker County Sheriff's Office needs your help finding 3 teens missing from the county - please help us spread the word! https://t.co/bFwlvfpOco,,[3]
HasaanShafqat,"Akhtar mengal baluchistan üëçüëçüëç‚ù§Ô∏è‚ù§Ô∏è‚ù§Ô∏è
Missing personsüò¢
Baluchistan rightsüòî
Afghanio ghadar ko nikalu üò¢
and vote and supports is your
that is called leader",,[3]
PoliticsCisco,What's behind claims of reports about a rash of missing persons in Iowa? https://t.co/Wh2L8WzeSp https://t.co/5MjsVbb6vD,,[3]
noxhanti,RT @TraceLabs: Hacker Summer Camp at @defcon is almost upon us. Register with @TraceLabs to do an OSINT CTF for missing persons. Slack chan‚Ä¶,"Hacker Summer Camp at @defcon is almost upon us. Register with @TraceLabs to do an OSINT CTF for missing persons. Slack channels will be dc26-op-01, dc26, dc26-op-2, dc26-op-3 and dc-op-4.",[3]
SteveRogersNEWS,"Since Mollie Tibbetts vanished July 18, 49 other people have been listed as missing on the Iowa Department of Public Safety‚Äôs database. https://t.co/O52C1ePaEA",,[3]
KevinDonopka,Missing persons report lmao https://t.co/WXKSRbjdYl,,[3]
FBISaltLakeCity,"Help protect your community by locating wanted #fugitives and #missing persons, solving crimes, and identifying unknown suspects using the FBI Wanted App. #FugitiveFriday https://t.co/GETFb08uZV",,[3]
frostyplum,"Replicants - ""Destination Unknown"" (Missing Persons)
St. Etienne - ""Only Love Can Break Your Heart"" (Neil Young)
Foo Fighters - ""Baker Street"" (Gerry Rafferty) https://t.co/LzI7ZB9atZ",,[3]
Fabiolucv,What's behind claims of reports about a rash of missing persons in Iowa? https://t.co/3BZZCoJIQv https://t.co/SVQt9iFdwQ,,[3]
jaywright811,"@LDYDLJD20 @FoxNews Don't be callous, and yes you did imply that because she's white it shouldn't be a big deal, no case is the same, this is the process that this particular police Dept is in and no one should be questioning WHY the police are looking for missing persons.",,[3]
LederHals,What's behind claims of reports about a rash of missing persons in Iowa? https://t.co/cesIRM50bB,,[3]
CuppaPg,"RT @Jennycroft12: Iowa's list of missing people contains more than 300 names, including Mollie Tibbetts. Here's what we know about them. ht‚Ä¶","Iowa's list of missing people contains more than 300 names, including Mollie Tibbetts. Here's what we know about them. https://t.co/XaVqb5NE9G via @DMRegister",[3]
iam_Joakin,@charlezkcee @Adeleshosho @Mayoral_OP Am very good at finding missing persons. I can track anything,,[3]
andy_brim,"@takeyourchits @BoardGameCloset Its like a sad Missing Persons poster

Have you seen @takeyourchits at #GenCon2018? Last seen in the LARP room. No reward for information. Answers to the names Steve, Captain Incorrigible, or @PlumpyThimble",,[3]
jfkeeler,"Texx Lone Bear at family Press Conference: ""I appreciate the chairman. He really came through The one thing is the protocol for missing persons was not really followed."" #OliviaLoneBear #MMIWG",,[3]
LandMinIC,Florence Bear-Runner is no longer listed on the NE Missing Persons site. Hoping she made it home safely. Her poster has been removed.,,[3]
CoSky99,"@WGultiano @yolyong @PinoyAkoBlog Nasaan ang human rights Violation nila kung Ground Commander ang nagdecision? Wala rin naman sila policy na pumatay ng nag-rarally.

Di tulad ng ML - warrantless arrests! Missing persons! Tortures! Well documented: meron suppreme court decision: 
MARCOS = HR Violator= FACT",,[3]
MascaraNMace,Iowa missing persons pinpoint map. https://t.co/sVmsnAGurI,,[3]
_YvonneBurton,RT @RPK_Richard: @FBI - Why can't we use GPS and triangulate cell phone pings better these days.  It's 2018.  I heard the FBI can pinpoint‚Ä¶,"@FBI - Why can't we use GPS and triangulate cell phone pings better these days.  It's 2018.  I heard the FBI can pinpoint a shooter location with a special equipt van with only a single shot!  Yet, the FBI still searches for missing persons using 1980's mindset.  #mollietibbetts",[3]
jfkeeler,"Olivia Lone Bear family's Press Conference: ""We would like to implement a comprehensive missing persons protocol for our tribe."" #MMIWG",,[3]
Shees14756431,"RT @KarimaBaloch: If the HR groups cant raise their voice for the Baloch women and children, cant highlight the issue of thousands of Baloc‚Ä¶","If the HR groups cant raise their voice for the Baloch women and children, cant highlight the issue of thousands of Baloch missing persons by the hands of Pakistani army and its intelligence agencies. Then what is the point of their existence spending million of @UN dollars.",[3]
SheppeyKAB,RT @KFRSWaterRescue: In @kentfirerescue we have been working with PolSA‚Äôs from @kent_police for the past 6 months on the Search for Missing‚Ä¶,In @kentfirerescue we have been working with PolSA‚Äôs from @kent_police for the past 6 months on the Search for Missing Persons in and around water. To ensure that we are working in line with what the @collegepnsc experts teach! @jesip999 #Interoperability,[3]
MSpan10,RT @eevriviades: Day 3 of #OverseasCypriots continues. Moving presentations on humanitarian issue of missing persons both GCs &amp; TCs. Insigh‚Ä¶,Day 3 of #OverseasCypriots continues. Moving presentations on humanitarian issue of missing persons both GCs &amp; TCs. Insightful presentations by Ambs #Israel üáÆüá±#USAüá∫üá∏ #Egyptüá™üá¨ #Greece üá¨üá∑ Depty HC of UK üá¨üáß. #CyprusDiaspora #NEPOMAK #POMAK #PSEKA #Cyprus üá®üáæüá™üá∫ https://t.co/Ak414BUhJ3,[3]
lithohedron,"@VirtualEMA A6: Evacuation messages should always link to a definitive, authoritative source. That way old messages can contain an updated link.

Same as with missing persons.

We use this technique for ongoing SAR operations.",,[3]
RemboxPlays,Ich mag das @YouTube-Video: https://t.co/uzYyTgUCUA Missing Persons....Looking for one Nicola Berti somewhere in Hyde Park,,[3]
seniroz,"RT @G_sentinelNg: Conflicts: 17,000 missing persons in Nigeria still a mystery-Red Cross #17000missingpersons #cyclesofdisplacement #ICRC #‚Ä¶","Conflicts: 17,000 missing persons in Nigeria still a mystery-Red Cross #17000missingpersons #cyclesofdisplacement #ICRC #InternationalCommitteeontheRedCross #LakeChad #NigeriaRedCrossSociety #Northeast #NRCS https://t.co/vIx12poqu7 https://t.co/dhWIivHvtH",[3]
sicularpop,@AsYouNotWish @ShefVaidya @Atheist_Krishna @muglikar_ @AndColorPockeT not sure on whose timeline I saw the below mentioned missing persons message. He is been found as per the message shared on FB. FYI üôè https://t.co/9x256e10XU,,[3]
raortiger,@AbrarKh89457340 @JamilaGillani @a_siab @a_baittani I suppoting PTM just for missing persons.....along with other related issues....,,[3]
paknews,"CJP, COAS asked to help recover two missing persons of Bakrani https://t.co/0U4mpXtTRq",,[3]
austinbrittunc,RT @fuckpiperr: im absolutely hooked on this mollie tibbetts missing persons case. for some reason it‚Äôs extremely unsettling .,im absolutely hooked on this mollie tibbetts missing persons case. for some reason it‚Äôs extremely unsettling .,[3]
ThinkResist_X,RT @soychicka: @Intentionality4 @reversedimages and that's the reason why finding the missing persons case is important - it puts a timesta‚Ä¶,@Intentionality4 @reversedimages and that's the reason why finding the missing persons case is important - it puts a timestamp and location on the disappearance.,[3]
MissinginAZ,https://t.co/MVce4h3bML https://t.co/MVce4h3bML,,[3]
alvi_haris,"@KainatFarooq_ Except funds from fed, which demand u think is in the domain of federal government? And missing persons are missing ü§î",,[3]
daniyalsaeed411,"Is the ""Missing persons"" on the agenda of PTI government.
#Baluchistan
#Pakistan
#Missingpersons",,[3]
jolipixel,@Eurostar @BossEyedLemon Exactly the same ! We are like 50 persons missing the train because they prevent us to go to the platform !!!,,[3]
KimLarock1,@justiceseek35 Who says they haven't? Lots of missing persons in Wisconsin.,,[3]
jaff_yaqoob,"RT @MiskaanB: @UN your silence on abduction of mens resulted thousands of dead bodies and 20+ thousand missing persons, and now #pakistani‚Ä¶","@UN your silence on abduction of mens resulted thousands of dead bodies and 20+ thousand missing persons, and now #pakistani army has come in abduction of womens and children in #balochistan .@amnesty your silence will Repeat the history of Bangladesh.

#saveBalochWomen https://t.co/KdNktZYuAr",[3]
kakeenan,RT @IowaGir22472312: The Missing Persons rep downplayed the number of young ppl ‚Äúmissing.‚Äù  They‚Äôre in denial at least publicly on human tr‚Ä¶,The Missing Persons rep downplayed the number of young ppl ‚Äúmissing.‚Äù  They‚Äôre in denial at least publicly on human trafficking in Iowa. https://t.co/RjNP8E44Vj,[3]
IowaGir22472312,The Missing Persons rep downplayed the number of young ppl ‚Äúmissing.‚Äù  They‚Äôre in denial at least publicly on human trafficking in Iowa. https://t.co/RjNP8E44Vj,,[3]
EAMIRJ2018,RT @west_response: ‚Äò....the hospital‚Äôs missing persons policy was already under review but had how now been updated so that a safeguarding‚Ä¶,‚Äò....the hospital‚Äôs missing persons policy was already under review but had how now been updated so that a safeguarding phone call is always made to police when a patient absconds.‚Äô What is a ‚Äòsafeguarding phonecall?‚Äô #allcarenoresponsibility  https://t.co/ijEXxLl67l,[3]
S0phyCakes,"RT @ChastityGrace1: #Greecefires #PrayForGreece  #PrayForAthens
 Firefighters &amp; volunteers against the rage of the lethal flames... ..heart‚Ä¶","#Greecefires #PrayForGreece  #PrayForAthens
 Firefighters &amp; volunteers against the rage of the lethal flames... ..heartbreaking photos of those super Humans..
üôè
1 picture.. 74 at least dead..187 injured..number of missing persons unclear.. 0 words.. https://t.co/nevXoF5j8X",[3]
LarsenSydney,Allison Mack Of Smallville Linked To Unsolved Missing Persons Case https://t.co/4p6kZtvEbg via @YouTube,,[3]
west_response,‚Äò....the hospital‚Äôs missing persons policy was already under review but had how now been updated so that a safeguarding phone call is always made to police when a patient absconds.‚Äô What is a ‚Äòsafeguarding phonecall?‚Äô #allcarenoresponsibility  https://t.co/ijEXxLl67l,,[3]
jccrochester,See the amazing work of the Israel Dog Unit and how they help protect Israel and find missing persons. https://t.co/LEneQaQ12p,,[3]
ShafaqnaUrdu,"Issue of missing persons could be declared as serious human rights violations: CJP
https://t.co/LZb5CW6Yoz https://t.co/LZb5CW6Yoz",,[3]
GaryWKinsman,"Contested Terrains: Of Terms of Reference, The Police,  and Missing Persons. https://t.co/wD2DD9wOav",,[3]
pigeonfighter98,"After nearly 8 months, Logan has finally come home üñ§‚ú® with no thanks to the police (as usual) who refused to put out a missing persons case because Logan is severely mentally ill and an addict. In their words, Logan is a ‚Äúloss cause‚Äù https://t.co/td6zXsxfyp",,[3]
Lizseeds0311,"3/To cover,they 1st see if its ""just a runaway""or if theres an actual story there.I will be called out for using the""race card""but the truth is so manyPoC go missing&amp;arent reported onTV that there was a show developed specifically 2 fill that gap.https://t.co/kHfOptP4uX #Equality",,[3]
baseballot,.@perrybaconjr calls Tennessee as a starring witness in the missing-persons case of female Republican politicians: https://t.co/hFUOl6XBI3,,[3]
Karl80896607,@FoxNews They don't tell anything so that the ones involved don't know how close they are.... don't u watch ncis or law and order? To the one who ask why is this getting so much attention. I ask you this? Why shouldn't it? Why shouldn't all missing persons get this kind of attention!!!,,[3]
sopeyeol,if yoongi and seokjin don‚Äôt post something today im calling the police about two missing persons,,[3]
bombaybhuna,RT @MerseyPolice: We are appealing for help in finding missing 17 y/o Chloe Smith from #Prescot. Chloe is known to frequeny the #Huyton are‚Ä¶,"We are appealing for help in finding missing 17 y/o Chloe Smith from #Prescot. Chloe is known to frequeny the #Huyton area, but it is believed she may have travelled to #Cambridgeshire or #London. Please contact @MerPolCC, 101 or @missingpeople with info. https://t.co/rJaQdvQZaE https://t.co/7BFDMf1CAB",[3]
RPK_Richard,"@FBI - Why can't we use GPS and triangulate cell phone pings better these days.  It's 2018.  I heard the FBI can pinpoint a shooter location with a special equipt van with only a single shot!  Yet, the FBI still searches for missing persons using 1980's mindset.  #mollietibbetts",,[3]
keyfocus,"Strong reason to SUSPECT it was ""DESIGNED"" 
The persons responsible 4 ensuring compliance to ""NORMS"" are missing 4m the work area-some outside officer was entrusted the JOB 

@HMOIndia being over all responsible 4PM security must cause suspension of ""FAILED"" officers &amp; probe them https://t.co/uVKUpueeZS",,[3]
BNP_Official_,"RT @balochistanaffa: Missing persons, CPEC top-most party priority for alliance: Akhtar Mengal - https://t.co/neC84UAEv7 https://t.co/S6ghO‚Ä¶","Missing persons, CPEC top-most party priority for alliance: Akhtar Mengal - https://t.co/neC84UAEv7 https://t.co/S6ghOJh72c",[3]
BarberreeMike,@FoxNews @MattFinnFNC Why are you giving us girls so much attention. You should focus on all missing persons this way it would make a difference,,[3]
kayaniha,@RajaJav85387502 @Senator_Baloch @sakhtarmengal he is the only politician who is asking ministries but missing persons only,,[3]
ArbazAzhar,#Missing_Persons https://t.co/1SmCKXZwqR,,[3]
tijohnson,"RT @iowacoldcases: Jodi Ewing...spends hours each day poring through media reports of cases of unsolved murders and missing persons.
‚ÄúI‚Äôve‚Ä¶","Jodi Ewing...spends hours each day poring through media reports of cases of unsolved murders and missing persons.
‚ÄúI‚Äôve seen it time and... https://t.co/UgEi8mYYrs",[3]
ThatGuruBeing,RT @MaybeDrewMagic: Not trynna be funny but has anybody ever been found because we retweeted a missing persons tweet?,Not trynna be funny but has anybody ever been found because we retweeted a missing persons tweet?,[3]
twowhittwopips,"The difficulty will be around forcing other agencies to step up to the plate. Advance notice required to partners to put measures in place: mental health, missing persons (non-high risk), business crime. https://t.co/93TUu783va",,[3]
mrs_shabbir3,@KainatFarooq_ Na jhotay siyasi cases ki aseero ki rehai ki bat h na hi missing persons ki welldone üëèüèªüëèüèªüëèüèªüëåüèªüëåüèª,,[3]
prayingprophet7,"In light of the high-profile investigation into Brooklyn, Iowa, resident Mollie Tibbits' disappearance, concerns have come to light about what seems to be a high number of juveniles reported missing in Iowa in recent weeks.

https://t.co/CduNAcEPsS

#KTVONews",,[3]
ZayraOfUSA,"QUESTION: Does the U.S. Government have an official Internet website listing real time KNOWN DETAILS of ALL ACTIVE MISSING PERSONS in the USA filed officially by lawful local, county, and state authorities?

Let's deal with ALL missing persons &amp; CRIMINALS with the same intensity! https://t.co/cJ1mp5PdvV",,[3]
jamalfarshid1,"@Maryam_Rajavi Ms. Rajavi noted the expansion of protests for the families of prisoners and missing persons
#1988Massacre
#ÿ™ÿßÿ®ÿ≥ÿ™ÿßŸÜ_ÿÆŸàŸÜ€åŸÜ€∂€∑  
#ŸÖÿ¨ÿ±ÿ≤ÿ©€±€π€∏€∏ https://t.co/hOf40k6g1b",,[3]
_Girlyoucrazy,"I‚Äôve never followed a missing persons case like I have with the Mollie Tibbetts case the last couple weeks. Gives me major goosebumps, I hope more than anything that this girl is found. üíî #FindingMollieTibbetts",,[3]
lyb32351,"I do not understand why a ""news"" conference was called by Iowa authorities this morning in the missing persons case of Mollie Tibbetts. There was no ""news."" So sad for her family.",,[3]
GolightlyGrl427,"RT @ASalcedoNews: #MollieTibbetts Presser:
- Investigative response not slowed down
- Officials NOT releasing new case facts
- As of yester‚Ä¶","#MollieTibbetts Presser:
- Investigative response not slowed down
- Officials NOT releasing new case facts
- As of yesterday: 390 missing persons from IA. 225 were juveniles, the majorities run aways. 26 cases, involuntary. Cases like these are rare in IA. #FindingMollieTibbetts",[3]
LisaAMorris2,Your building is leaning...has been for days...missing persons... https://t.co/gBl6lEpPr3,,[3]
HomerJones711,@BillHemmer What is the purpose of these briefings all.we got was education of the purpose of Iowa missing persons commission and questions can't be answered,,[3]
DrZin14,@FoxNews this press conference was irresponsible. It should not have happened. They came on to tell the public that they're working on it but had no information on what they're working on. And brought on somebody from missing persons to prove that Iowa doesn't have a lot of them. https://t.co/QgCwZAiQw9,,[3]
eclark23,@fox28Iowa A very poor press conference.  Are they doing PR about missing persons in Iowa? Who cares? No information?  Why have a press conference?,,[3]
Shinichi_Conan4,RT @ShroomMeister: We have a missing persons case. #LongLiveCaseClosed https://t.co/Lv7AMw1trJ,We have a missing persons case. #LongLiveCaseClosed https://t.co/Lv7AMw1trJ,[3]
ASalcedoNews,"#MollieTibbetts Presser:
- Investigative response not slowed down
- Officials NOT releasing new case facts
- As of yesterday: 390 missing persons from IA. 225 were juveniles, the majorities run aways. 26 cases, involuntary. Cases like these are rare in IA. #FindingMollieTibbetts",,[3]
KSmitty1445,"Look, I'm in no way trying to be asympathetic to the #MollieTibbetts situation, but can someone please explain how this disappearance is any more important than the countless missing persons cases across the country currently?",,[3]
PortugueseMamaC,"I have often thought about this..
Mollie Tibbetts gets far more coverage than other missing persons. Is media bias to blame? https://t.co/Ot8qHxd2wO via @gbpressgazette",,[3]
ShroomMeister,We have a missing persons case. #LongLiveCaseClosed https://t.co/Lv7AMw1trJ,,[3]
homecoming_the,"Missing Persons Alert: Mollie Tibbetts, 20 yrs., missing since 7/18/18--https://t.co/Ue5f6b8Mvw https://t.co/HizHfMOosN",,[3]
usmanzafarkhan,RT @URDUVOA: ŸÑÿßŸæÿ™ÿß ÿßŸÅÿ±ÿßÿØ ⁄©ÿß ŸÖÿπÿßŸÖŸÑ€Å ŸÇÿßŸÜŸàŸÜ ⁄©€í ŸÖÿ∑ÿßÿ®ŸÇ ÿ≠ŸÑ ⁄©€åÿß ÿ¨ÿßÿ¶€í: ⁄Ü€åŸÅ ÿ¨ÿ≥Ÿπÿ≥ #pakistan #MissingPersons #critics #facts #alarming #case #DaytoDay‚Ä¶,ŸÑÿßŸæÿ™ÿß ÿßŸÅÿ±ÿßÿØ ⁄©ÿß ŸÖÿπÿßŸÖŸÑ€Å ŸÇÿßŸÜŸàŸÜ ⁄©€í ŸÖÿ∑ÿßÿ®ŸÇ ÿ≠ŸÑ ⁄©€åÿß ÿ¨ÿßÿ¶€í: ⁄Ü€åŸÅ ÿ¨ÿ≥Ÿπÿ≥ #pakistan #MissingPersons #critics #facts #alarming #case #DaytoDayCourtHearing https://t.co/i9PagTSy5S,[3]
Clay_Masters,"RT @KatarinaSos: Important article about how bias (media, law enforcement and public) plays into which missing persons cases get the most a‚Ä¶","Important article about how bias (media, law enforcement and public) plays into which missing persons cases get the most attention. via @DMRegister  https://t.co/BQGr1XZQD3",[3]
SindhjeeMeera,"ŸÑÿß⁄ô⁄™ÿß⁄ªŸä ŸÖÿßŸÜ ŸáŸê⁄™ Ÿà⁄åŸä⁄™ ŸÇŸàŸÖŸä ⁄™ÿßÿ±⁄™ŸÜ ⁄™ÿßÿ¥ŸÅ ŸΩ⁄≥⁄ô ÿ±Ÿäÿßÿ≥ÿ™Ÿä ÿßÿØÿßÿ±ŸÜ ŸáŸøÿßŸÜ ⁄©ŸÜ⁄Äÿ¨Ÿä ŸàŸäŸà...!
Voice for Missing Persons of Sindh",,[3]
ZenderCage94,RT @BNP_Office: @sakhtarmengal put forward a set of six demands that includes ‚Äúsolid assurance fromImran Khan about the recovery of missing‚Ä¶,@sakhtarmengal put forward a set of six demands that includes ‚Äúsolid assurance fromImran Khan about the recovery of missing persons from the province and putting an end to enforced disappearances by the future government‚Äù in return of his party‚Äôs support for the PTI at the Centre,[3]
balochistanaffa,"Missing persons, CPEC top-most party priority for alliance: Akhtar Mengal - https://t.co/neC84UAEv7 https://t.co/S6ghOJh72c",,[3]
GIowNeverFades,No need to file for a missing persons report because yours truly has been in catering stuffing her face with chocolate chip cookies. I‚Äôm all good y‚Äôall. üòÇ,,[3]
TheJQWay,"RT @Saif0137: Today is 3136 days #Voice for #Baloch Missing persons Camp front of Press Club #Quetta #Balochistan till Victory.
@QadeerMama‚Ä¶","Today is 3136 days #Voice for #Baloch Missing persons Camp front of Press Club #Quetta #Balochistan till Victory.
@QadeerMama https://t.co/AYUoPsv6IK",[3]
TheJQWay,RT @balosuh: #Today 3135 days #Voice for Baloch Missing persons Camp front of Press Club Quetta Balochistan till Victor https://t.co/FQMjHi‚Ä¶,#Today 3135 days #Voice for Baloch Missing persons Camp front of Press Club Quetta Balochistan till Victor https://t.co/FQMjHiFs5E,[3]
TheJQWay,"RT @pakistanmyfoot: Retweeted Kulbar Baloch Rindüí¶ (@Kulbar_Baloch):

#Today is 3136 days #Voice for Baloch Missing persons Camp front of Pr‚Ä¶","Retweeted Kulbar Baloch Rindüí¶ (@Kulbar_Baloch):

#Today is 3136 days #Voice for Baloch Missing persons Camp front of Press Club Quetta Balochistan till Victor

#FreeBalochistan https://t.co/vyafHA80bQ",[3]
WYP_1999SHARMAN,"First late of the set, all staff are briefed and deployed on logs, including missing persons and neighbour issues. Clerical time for me today. #PolicingBradford https://t.co/R7BfhtcrLU",,[3]
necessaryevil31,@RoverRadio should we file the missing persons report now?,,[3]
kalirajat,"RT @Kulbar_Baloch: #Today is 3136 days #Voice for Baloch Missing persons Camp front of Press Club Quetta Balochistan till Victor

#FreeBalo‚Ä¶","#Today is 3136 days #Voice for Baloch Missing persons Camp front of Press Club Quetta Balochistan till Victor

#FreeBalochistan https://t.co/Q0KT5e7TgJ",[3]
Alexsmith10,@ChrisMNee Last seen getting fucked up the backside by a fat cockney bastard. It's like a missing persons advert!,,[3]
azizabadi,"⁄Ü€åŸÅ ÿ¨ÿ≥Ÿπÿ≥ ÿµÿßÿ≠ÿ® ! ŸÑÿßŸæÿ™€Å ÿßŸÅÿ±ÿßÿØ ⁄©€å ÿ®ÿßÿ≤€åÿßÿ®€å ⁄à€åŸÖ ⁄©€í ŸÜÿßŸÖ Ÿæÿ± ÿ®⁄æÿ™€Å ŸàÿµŸàŸÑ ⁄©ÿ±ŸÜ€í ÿ≥€í ⁄©€Å€å⁄∫ ÿ≤€åÿßÿØ€Å ÿßŸÅÿ∂ŸÑ ÿßŸàÿ± ÿ®ÿßÿπÿ´ ÿπÿ≤ÿ™ €Å€í€î €Åÿ≤ÿßÿ±Ÿà⁄∫ ÿÆÿßŸÜÿØÿßŸÜŸà⁄∫ ⁄©€å ÿØÿπÿßÿ¶€å⁄∫ ŸÑ€í ŸÑ€å⁄∫€î ÿßÿ≥ ÿ≥€í ⁄ØŸÜÿß€Å ÿ®⁄æ€å ÿØ⁄æŸÑ ÿ¨ÿßÿ¶€å⁄∫ ⁄Ø€í ÿßŸàÿ± ÿ¢ÿÆÿ±ÿ™ ÿ®⁄æ€å ÿ≥ŸÜŸàÿ± ÿ¨ÿßÿ¶€í ⁄Ø€å
 https://t.co/KXj59j01RR",,[3]
