janinel83,"Yesterday the minister of civil protection resigned, as the death toll from the deadly fires reached 91 persons. Many survived the horrific events, mainly because of solidarity shown by others. #Greece #Mati  https://t.co/a7HSiURFJ4",,[3]
Captain_SCC,"RT @ColSeaCadets: So proud of our Cadets! Yet again putting their First Aid skills to great use! BZ Cdt Olly! 

#neverordinary https://t.co‚Ä¶","So proud of our Cadets! Yet again putting their First Aid skills to great use! BZ Cdt Olly! 

#neverordinary https://t.co/6lUJQflzWN",[3]
mtun324,"RT @geo_manna: Amazing news!GeoManna pre-sale has already started üöÄ
Now you will have a chance to become one of the first persons, who will‚Ä¶","Amazing news!GeoManna pre-sale has already started üöÄ
Now you will have a chance to become one of the first persons, who will change the history of our world.
If you are ready to make a valuable contribution to our common future - welcome to the our site https://t.co/7asyEczPom https://t.co/FaTYka7Bdv",[3]
BobLen10,RT @MerseyPolice: Have you seen #missing teenager Lois Elliot? She was last seen on Tuesday at 9pm ‚Äì get in touch via @MerPolCC or call 101‚Ä¶,Have you seen #missing teenager Lois Elliot? She was last seen on Tuesday at 9pm ‚Äì get in touch via @MerPolCC or call 101 if you have any info that could help us bring her home safely.  https://t.co/CaipfR4dWu https://t.co/I0OLFML67K,[3]
PCKJ3627,RT @LaCroixInt: Prosecutors call for Vatican assistance in investigating nine church officials suspected of pedophile acts https://t.co/jaN‚Ä¶,Prosecutors call for Vatican assistance in investigating nine church officials suspected of pedophile acts https://t.co/jaNxgtI4iB,[3]
THBengaluru,"Attack on #BBMP staff while removing flexes ‚Äòchallenge posed to law and courts‚Äô: #KarnatakaHighCourt
@BlrCityPolice asked to find persons behind attackers and finish probe by August 7.
@BBMP_MAYOR @BBMPCOMM https://t.co/qEY2tckFw5 https://t.co/qEY2tckFw5",,[3]
THBengaluru,"Attack on #BBMP staff while removing flexes ‚Äòchallenge posed to law and courts‚Äô: #KarnatakaHighCourt
@BlrCityPolice asked to find persons behind attackers and finish probe by August 7.
@BBMP_MAYOR @BBMPCOMM https://t.co/qEY2tckFw5",,[3]
Randria10214634,"RT @Atayeshe: With support of the Government of Spain, @UNFPA launched the WE DECIDE global programme to promote the empowerment and rights‚Ä¶","With support of the Government of Spain, @UNFPA launched the WE DECIDE global programme to promote the empowerment and rights of women and young persons with disabilities, like Korotimi in Burkina Faso: https://t.co/edViCxMbRg

@SpainMFA @SpainUN

#DisabilitySummit #NowIsTheTime https://t.co/dy4wtYGTPw",[3]
grhusys,"One Step Up. Sports schools to Sports University. Wish much more research and tools are available to build International level sports persons and teams. 
More power to sports Rajyavardhan Rathore Sports Authority of India MYAS GOI https://t.co/IVIT6jyLju",,[3]
ebonycat1,"RT @MissingKids: In Iowa, 48 juveniles have gone missing in July. Here's why that number may be misleading. https://t.co/5b0117YAas via @us‚Ä¶","In Iowa, 48 juveniles have gone missing in July. Here's why that number may be misleading. https://t.co/5b0117YAas via @usatoday",[3]
amritworld,"Burqa-clad suicide bombers struck a Shia mosque in Afghanistan on Friday as it was crowded with worshippers for weekly prayers, killing at least 29 persons and wounding more than 80,¬†with children among the victims. Taliban have denied involvement.

https://t.co/DprL5Cye8u https://t.co/Aile92bg6V",,[3]
Tooty110,RT @birkett_elaine: So delighted this young persons stand worked and he overturned the governments decision on BSL at GCSE level so he can‚Ä¶,"So delighted this young persons stand worked and he overturned the governments decision on BSL at GCSE level so he can be taught in his first language. Ireland will need to be progressive too around mainstreaming ISL in schools #Deafrights @Kevostan  

https://t.co/AwElKRVbFV",[3]
News_234,"The former caretaker Chairman of the Peoples Democratic Party, Ahmed Makarfi, has warned the party to be careful about the type of persons it accepts back into the party.",,[3]
WolisiP,"@npower_ng  I'm one of the  N-tax 2017 selected persons, any news about deployment?",,[3]
WizkidCoder,"RT @chessmartinez: Dear UK Govt,
Maybe before you host a #DisabilitySummit, you should stop killing disabled people. 
And address being fou‚Ä¶","Dear UK Govt,
Maybe before you host a #DisabilitySummit, you should stop killing disabled people. 
And address being found guilty by the UN of 'grave and systematic violations of disabled people‚Äôs rights' due to welfare reform.
Just a thought,
Francesca
https://t.co/GcNksZ2THn",[3]
daveunger3,"RT @pieglue: Nearly three decades ago, the Jack family disappeared in BC. Police still believe someone knows something. ""We do believe that‚Ä¶","Nearly three decades ago, the Jack family disappeared in BC. Police still believe someone knows something. ""We do believe that there are persons out there who have information and just haven't come forward or, for whatever reason, are reluctant to."" 
https://t.co/Q6mTsJLBsu",[3]
kizzymay58,"RT @HumanRtsV: #MissingKids

IT TAKES 2-SECONDS To RT:

48 kids missing in #IOWA!!
https://t.co/JKQ8bUy7al

Call: 800 452 1111‚Ä¶","#MissingKids

IT TAKES 2-SECONDS To RT:

48 kids missing in #IOWA!!
https://t.co/JKQ8bUy7al

Call: 800 452 1111            
         641 623 5679
         515 223 1400
         800 THE LOST

Tips@Poweshiekcosheriff.com

@ISUPD @siouxfallspd @MissingKids @USATODAY
@FBI

#MASA #HRV",[3]
HUSO2341_AL_Moo,"@Lucie_VDB @HumanHeadline @DonateLifeToday @theheraldsun Um yeah because its not the lens or cornea that is the problem! Although OS are doing brilliant work creating a new eye &amp; vision using a blind persons tooth-bloody brilliant I say! 
.https://t.co/LuWhUgZEIw",,[3]
francvs,"RT @canonlaw: Before it is lost in the cacaphony of bad news, could the Irish bishops please confirm or deny reports that they have agreed‚Ä¶","Before it is lost in the cacaphony of bad news, could the Irish bishops please confirm or deny reports that they have agreed to give government-funded ""marriage counseling"" to persons in civilly-recognized 'same-sex marriages'?",[3]
ColSeaCadets,"So proud of our Cadets! Yet again putting their First Aid skills to great use! BZ Cdt Olly! 

#neverordinary https://t.co/6lUJQflzWN",,[3]
SurajPrSingh,"RT @ARanganathan72: THANK YOU, Supreme Court, for standing firm. It doesn't matter that you stand alone. You stand, and Civil Liberty stand‚Ä¶","THANK YOU, Supreme Court, for standing firm. It doesn't matter that you stand alone. You stand, and Civil Liberty stands because of you. 

""It is better that ten guilty persons escape than that one innocent suffer."" - The Blackstone Ratio.
https://t.co/1veGuq525g",[3]
newstogoGNTV,VIDEO: Panawagan: Missing persons https://t.co/0rxVHf7FWL https://t.co/Vg3c7JMr8a,,[3]
THV11,"Mother of three missing, car found near White River https://t.co/B6yxSwTK22 https://t.co/xQD9mBZrH4",,[3]
BinaPattel,"#UK - MODERN #SLAVERY COST ¬£4.3 BILLION A YEAR

#LAW TO BE REVIEWED AS #CRIMINAL GANGS FIND NEW WAYS TO EXPLOIT #VICTIMS

WHY ARE CRIMINAL #NETWORKS ON THE FRONT FOOT

TIME TO ASK #QUESTIONS
https://t.co/thBlAJh7Hm

READ THIS BLOG
https://t.co/VjuR8iUCqC

https://t.co/66MFH2nBHh",,[3]
RosemarieKims,"RT @lifebloomserv1: Here is the link for the talk on World Day against Trafficking in persons on KTN News.
The CEO, Life Bloom Services enl‚Ä¶","Here is the link for the talk on World Day against Trafficking in persons on KTN News.
The CEO, Life Bloom Services enlightening more about Human Trafficking and call for Action on KTN News live. Kindly follow up the link and watch the discussion. 
https://t.co/N3pOT5tx2A",[3]
FOCUSmagazineJH,"Jharkhand News:

Police on Friday lodged an FIR against seven persons including five juveniles for allegedly gang-raping a 13-year-old girl in her village, about nine kilometres from Chaibasa in Jharkhand‚Äôs West Singhbhum district.
https://t.co/M7WYPFhLSi",,[3]
Suresh37557480,@ANI Best way to remain relevant for persons who irrelevant.  First stage manage attack then grumble for publicity. There r media sharks all around jump on fake news for their survival. Now media is fighting for survival. It also is not their fault. Pet ka sawal ha.,,[3]
byamydalrymple,RT @JackFromNoDak: Family of Olivia Lone Bear seeks comprehensive missing persons protocol for tribes https://t.co/wn3Lki7JkW via @bistrib,Family of Olivia Lone Bear seeks comprehensive missing persons protocol for tribes https://t.co/wn3Lki7JkW via @bistrib,[3]
medic8211,"RT @THV11: Garland Co. deputies searching for couple in mid-70s, last seen July 30 https://t.co/VeBzZAWzgV https://t.co/XbfPsw4YNR","Garland Co. deputies searching for couple in mid-70s, last seen July 30 https://t.co/VeBzZAWzgV https://t.co/XbfPsw4YNR",[3]
Velox_News,Sport can change the black person‚Äôs¬†world https://t.co/vzu2ExXohM,,[3]
THV11,"Garland Co. deputies searching for couple in mid-70s, last seen July 30 https://t.co/VeBzZAWzgV https://t.co/XbfPsw4YNR",,[3]
roguetrooper000,AUSTRALIA-NATIONAL MISSING PERSONS WEEK 2018 https://t.co/fXOjO5ZUAh https://t.co/Rqzx9HY4tw,,[3]
mamagerka,"RT @HumanRtsV: #MissingKids

IT TAKES 2-SECONDS To RT:

48 kids missing in #IOWA!
https://t.co/JKQ8bUy7al

Call: 800 452 1111‚Ä¶","#MissingKids

IT TAKES 2-SECONDS To RT:

48 kids missing in #IOWA!
https://t.co/JKQ8bUy7al

Call: 800 452 1111            
         641 623 5679
         515 223 1400
         800 THE LOST

Tips@Poweshiekcosheriff.com

@ISUPD @siouxfallspd @MissingKids @USATODAY
@FBI

#MASA #HRV",[3]
TheFreemanNews,TOP STORY: 12 persons nabbed in separate buy-busts | The Freeman https://t.co/cZDgNep7IP via @po_st,,[3]
Kindacalm,RT @2Rarely: Chilean investigators target 158 persons in child sex abuse inquiry- La Croix International #Catholic #ChildAbuse #SexualAssau‚Ä¶,"Chilean investigators target 158 persons in child sex abuse inquiry- La Croix International #Catholic #ChildAbuse #SexualAssault #CSA #CoverUp #Chile
@ENDCLERGYABUSE @Peter_Fox59 @SthrnSurvivors @ChrissieFoster7 @Smartcairns11 https://t.co/CXCptvWgx3 via @LaCroixInt",[3]
tdguardian,"COPS arrested two wanted persons in separate operations in Iloilo and Aklan.

Read More: https://t.co/2ZgTCdL2CE https://t.co/2ZgTCdL2CE",,[3]
mhays17,"RT @Reaproy: Toadies to dictators, #European populist bottom-feeders, #zombie election monitor industry. ""It's a sad state of affairs when‚Ä¶","Toadies to dictators, #European populist bottom-feeders, #zombie election monitor industry. ""It's a sad state of affairs when you have illiberal persons from around the world basically flocking to #Cambodia to become cogs in Hun Sen's propaganda machine"" https://t.co/Eic5UxnlKe",[3]
AlanaPinchback,Elderly Arkansas Couple Missing https://t.co/eXOAvmVwak,,[3]
OtroEnfoque2018,"RT @DiplomaticCounc: Ending marginalization of persons with disabilities ‚Äòa matter of justice‚Äô, UN-backed summit told  https://t.co/nmhHVeu‚Ä¶","Ending marginalization of persons with disabilities ‚Äòa matter of justice‚Äô, UN-backed summit told  https://t.co/nmhHVeuVTf https://t.co/nmhHVeuVTf",[3]
PeerAsifamin,RT @YawarShafi4: Five militants have been killed so far in Shopian Encounter. Several persons injured during intense clashes in the area. I‚Ä¶,Five militants have been killed so far in Shopian Encounter. Several persons injured during intense clashes in the area. Internet services snapped. @news_anm,[3]
LJean2017,"RT @CaroleAlways45: Please tell me why the media doesn't have this on the news 24 hours ??? This is why we do not trust you.
Update: Iowa D‚Ä¶","Please tell me why the media doesn't have this on the news 24 hours ??? This is why we do not trust you.
Update: Iowa DPS says number of missing persons recently is 'in line with historical numbers' https://t.co/jJAuzfSabt",[3]
drmgodwin,https://t.co/xLucB5no2N,,[3]
YawarShafi4,Five militants have been killed so far in Shopian Encounter. Several persons injured during intense clashes in the area. Internet services snapped. @news_anm,,[3]
fayobserver,'Person of interest' in Fayetteville missing persons case charged with accessory to murder https://t.co/YgKmcPI3Pq,,[3]
SEARCHTRUEPEAC1,"https://t.co/UJdm2Y2aOj SHAME ON ISRAELI &amp; AMERICAN ZIONIST JEWS FOR MISUSING &amp; ABUSING THE WORDS ‚ÄúHOLOCAUST, HOLOCAUST DENIER, ANTISEMITISM‚Äù FOR DESTROYING THE PERSONS THEY DON‚ÄôT LIKE IN ORDER TO SUPPRESS, HARASS, DISTORT, BLAME, KILL IMAGES &amp; REPUTATIONS. SHAME ON ZIONIST JEWS!",,[3]
GALEGREGORY97,RT @knowwhentoholde: What's behind claims of reports about a rash of missing persons in Iowa? | Fox News https://t.co/sPH0CZzAYp,What's behind claims of reports about a rash of missing persons in Iowa? | Fox News https://t.co/sPH0CZzAYp,[3]
AnniceJ6,RT @ncpedp_india: What companies and Government are doing to #empower persons with #disabilities! ‚Å¶@Youth4Jobs‚Å© ‚Å¶@Flipkart‚Å© ‚Å¶@IBM‚Å© ‚Å¶@saplab‚Ä¶,What companies and Government are doing to #empower persons with #disabilities! ‚Å¶@Youth4Jobs‚Å© ‚Å¶@Flipkart‚Å© ‚Å¶@IBM‚Å© ‚Å¶@saplabsindia‚Å©  https://t.co/TsQP5osHKK,[3]
skinnergj,Chilean investigators target 158 persons in child sex abuse inquiry- La Croix International https://t.co/zg6jtli8vb via @skinnergj,,[3]
nkjourneyman,"RT @CSEINDIA: ‚ÄúWe are of the view that on account of great reverence to great Ganga, innocent persons may drink and bathe without knowing t‚Ä¶","‚ÄúWe are of the view that on account of great reverence to great Ganga, innocent persons may drink and bathe without knowing that the water is unfit for consumption."" National Green Tribunal 
#MondayMotivaton 

https://t.co/fLcPBz4cJE",[3]
AtlantaNewsFeed,AJC: Cops seek persons of interest in fatal hit-and-run near Paulding County... https://t.co/A9FdJjjj3I,,[3]
JeffreyWHills1,@RealAlexJones map lines https://t.co/5kUT9Ok4YR,,[3]
DiniduG,"RT @AngryBlackLady: The due process and equal protection clauses in the Fifth and 14th Amendments--as well as the 4th Amendment--apply to ""‚Ä¶","The due process and equal protection clauses in the Fifth and 14th Amendments--as well as the 4th Amendment--apply to ""persons."" Not ""citizens."" Not ""Americans."" Not ""people we like.""

PERSONS.

https://t.co/Rbj9WRTgZy",[3]
JeffreyWHills1,@RealAlexJones https://t.co/AKmT4IBpqA,,[3]
KOINNews,"Authorities seek to ID body found in river 
 https://t.co/JLazfxzn7H https://t.co/SJrX6GDONI",,[3]
ManasSh73159713,@bhaiyyajispeaks @WelcmSir Some persons r there who r believable... But mostly r fake news anchor,,[3]
Reaproy,"Toadies to dictators, #European populist bottom-feeders, #zombie election monitor industry. ""It's a sad state of affairs when you have illiberal persons from around the world basically flocking to #Cambodia to become cogs in Hun Sen's propaganda machine"" https://t.co/Eic5UxnlKe",,[3]
swdetkaveman,"AnonymousAccountId has shared content with you from MSN
https://t.co/dkTRpOeOjR THANK GOD THEY FOUND THIS LOST CHILD, WE RETWEETED AND RETWEETED YESTERDAY, THANK GOD GOOD NEWS, PLEASE FOLLOW MISSING AND EXPLOITED PERSONS ON TWITTER AND ALL SOCIAL MEDIA!!!",,[3]
wwmtnews,"The Humane Society of the United States is offering a reward of up to $5,000 for information leading to the identification, arrest and conviction of the person or persons responsible for the fireworks attack that killed four calves in Sanilac County. https://t.co/Q6MG6JP8MY",,[3]
olivia_garey,"RT @KameronDuncanso: Follow this..... #spreadtheword #MollieTibbetts
Update: Iowa DPS says number of missing persons recently is 'in line w‚Ä¶","Follow this..... #spreadtheword #MollieTibbetts
Update: Iowa DPS says number of missing persons recently is 'in line with historical numbers' https://t.co/6jnVZSRzzS",[3]
KarenMi52596689,"GOP senator: Trump willing to 'listen' to concerns about race - The Hillü§ÆYOU ARE A SUCKER IF YOU BELIEVE THISü§Æ. IF YOU AREN‚ÄôT A SUCKER, THEN YOU ARE SUSPECT BECAUSE TRUMP CARES FOR NO ONE-ESPECIALLY PERSONS OF COLORüêçüêç https://t.co/VMlvrO2ERj",,[3]
sweetsmithie01,RT @ajc: Cops seek persons of interest in fatal hit-and-run near Paulding County school https://t.co/myFwePUsvQ,Cops seek persons of interest in fatal hit-and-run near Paulding County school https://t.co/myFwePUsvQ,[3]
mahi_2709,RT @Swamy39: The real story in the India Times Rafael fake news fraud on the public is how could a reporter publish it without the editor‚Äôs‚Ä¶,The real story in the India Times Rafael fake news fraud on the public is how could a reporter publish it without the editor‚Äôs clearance and fact checking. In other words it was a conspiracy at the highest level. If so conspiracy of which persons?,[3]
cloudyjudy,"it‚Äôs sad to refer dating news as ‚Äúscandals‚Äù,,, it‚Äôs not morally and legally wrong for these people to date so why?? and there‚Äôs nothing malicious when it comes to dating someone (unless there are underlying issues in the persons involved)",,[3]
ajc,Cops seek persons of interest in fatal hit-and-run near Paulding County school https://t.co/myFwePUsvQ,,[3]
TeHenderson14,"In Iowa, 48 juveniles have gone missing in July. Here's why that number may be misleading. https://t.co/24lQwUVzKG via @usatoday",,[3]
stereooff,"@jilevin This is harrowing for the parent and child that saw it, and for the pony and the persons family that did it. But we submit it is not news and maybe doesnt need to be discussed lol. Anyway HAPPY FRIDAY AMERICA!",,[3]
SouthernBorn101,@Technologyoffe4 No real news or real investigations! 24/7 I hate Trump rhetoric that is as plain as the nose on every persons face in the world. Trump Derangement Syndrome is REAL and they have it bad! They are kidding no one but themselves! Common sense has left the building!!!,,[3]
0urQuadCities,Bringing missing persons home https://t.co/61TTAs36pb,,[3]
ConscienceCit,"RT @lionessofsocial: https://t.co/oruNVUrHyM

( Sent from KARK 4 News )","https://t.co/oruNVUrHyM

( Sent from KARK 4 News )",[3]
Local4NewsWHBF,Bringing missing persons home https://t.co/5olUWnfmbb,,[3]
IgorHTP,"RT @IPUparliament: Speakers of South Asian parliaments met to talk about #greengrowth and jobs for all, including the marginalized, young p‚Ä¶","Speakers of South Asian parliaments met to talk about #greengrowth and jobs for all, including the marginalized, young people and persons with disabilities. #sustainablegrowth #SDGs @ParliamentLK  https://t.co/xkNam0FsyH https://t.co/HdjpuJzJoh",[3]
lionessofsocial,"https://t.co/oruNVUrHyM

( Sent from KARK 4 News )",,[3]
BlairvEmerson,Family of Olivia Lone Bear seeks comprehensive missing persons protocol for tribes https://t.co/RW9G2bTm2k,,[3]
sandhu476,RT @H_NAILI: #DRCongo's North Kivu faces a new Ebola outbreak. The virus could have fatal consequences among the several thousands of displ‚Ä¶,#DRCongo's North Kivu faces a new Ebola outbreak. The virus could have fatal consequences among the several thousands of displaced persons who fled violence:  https://t.co/zT0myebspJ,[3]
KameronDuncanso,"Follow this..... #spreadtheword #MollieTibbetts
Update: Iowa DPS says number of missing persons recently is 'in line with historical numbers' https://t.co/6jnVZSRzzS",,[3]
TheCobraMiller,"@ColinCowherd Where are your facts that he beat his wife? This is the problem with the media, you‚Äôve already picked your narrative and thats what you report on. Remember when the news and media reported on solid facts instead of just one persons side of the story.",,[3]
mor57554038,RT @KARK4News: Elderly Couple Missing from Garland County https://t.co/5jRneeEg5O https://t.co/HO3ixpRcyT,Elderly Couple Missing from Garland County https://t.co/5jRneeEg5O https://t.co/HO3ixpRcyT,[3]
BmfTaB,@Amy_Siskind @davidmweissman It is a sad sign when a judge ordering the government not to ruin the lifes of several hundred thousand persons is considered great news...,,[3]
riazakbarr,RT @GBeeNews: About 12 schools have been set on fire by unknown persons in the #Diamer district of #GilgitBaltistan. According to initial r‚Ä¶,"About 12 schools have been set on fire by unknown persons in the #Diamer district of #GilgitBaltistan. According to initial reports, explosives have also been used while a search operation by police is currently underway.

Photos: @SaleemMehsud

#GBee #News #Education #Chilas https://t.co/rsGW8kJcko",[3]
_VERCOUNTRY_,Family of Olivia Lone Bear seeks comprehensive missing persons protocol for tribes https://t.co/HjVcGflCM2 https://t.co/rArDe2QkQc,,[3]
comeonshiv,I'm surprised to know that @GulPanag became a mother six months ago. Many congratulations to the beautiful mother and one of the persons I admire a lot. You have done an incredible job by keeping such news away from media. Read the news via @MissMalini,,[3]
tsviper15,"In Iowa, 48 juveniles have gone missing in July. Here's why that number may be misleading. https://t.co/3MbsGBMo0L via @usatoday",,[3]
cmbeachbum,RT @THV11: #THV11MissionHome - John &amp; Linda Hall were last seen in a white 2011 Ford truck. License plate number: 414-PIW. Contact the Garl‚Ä¶,"#THV11MissionHome - John &amp; Linda Hall were last seen in a white 2011 Ford truck. License plate number: 414-PIW. Contact the Garland County Sheriff's Office with information.
Read here: https://t.co/hGZUhJROnr https://t.co/BTJYM9Knds",[3]
westernlvr,"RT @FactionJaxson: Amazing the lengths #FakeNews goes to convince KIDS DISAPPEARING isn‚Äôt a big deal. Even if kids are runaways, why not bl‚Ä¶","Amazing the lengths #FakeNews goes to convince KIDS DISAPPEARING isn‚Äôt a big deal. Even if kids are runaways, why not blast it everywhere!? Also 99% of missing kids are in the custody of Social Services. Really makes you think ü§î 

#Qanon #MollyTibbetts 
https://t.co/sm8AbTfxPm",[3]
JackFromNoDak,Family of Olivia Lone Bear seeks comprehensive missing persons protocol for tribes https://t.co/wn3Lki7JkW via @bistrib,,[3]
ummee_wali,RT @Maaryam_Ado: I received this in the early hours of today. The media seems to be underreporting the situation in Zamfara state. #Zamfara‚Ä¶,"I received this in the early hours of today. The media seems to be underreporting the situation in Zamfara state. #ZamfaraMassacre is beyond what is being reported in the news. We‚Äôre soliciting emergency clothing, foodstuffs, and money for displaced persons in Zamfara. Pls üôèüèº https://t.co/YgrvKtKtDt",[3]
cbritt1985,"ARKANSAS #SILVERALERT Elderly couple missing. John &amp; Linda Hall both have dementia and are in their 70's. Believed traveling in 2011 White Ford F 250 Super Duty pickup, Ark. LPN: 414 PIW #ARNews 

(Via KARK 4 News) https://t.co/7YavqamKFx",,[3]
mowapello604,"RT @RFannon_KTVO: In light of the high-profile investigation into Brooklyn, Iowa, resident Mollie Tibbits' disappearance, concerns have com‚Ä¶","In light of the high-profile investigation into Brooklyn, Iowa, resident Mollie Tibbits' disappearance, concerns have come to light about what seems to be a high number of juveniles reported missing in Iowa in recent weeks.

https://t.co/lrxr86bNuW

#KTVONews",[3]
ardis_snow,"RT @THV11: PLEASE RT - Mother of three, Brooke Allensworth, 37, is missing from the Newark and Oil Trough area. Her car was found near the‚Ä¶","PLEASE RT - Mother of three, Brooke Allensworth, 37, is missing from the Newark and Oil Trough area. Her car was found near the White River in Oil Trough.
#THV11MissionHome
READ: https://t.co/8yKmRmB0ZS https://t.co/gtftV1ikGv",[3]
ginodjick,"RT @michele_audette: Nearly three decades ago, the Jack family disappeared in BC. Police still believe someone knows something. ""We do beli‚Ä¶","Nearly three decades ago, the Jack family disappeared in BC. Police still believe someone knows something. ""We do believe that there are persons out there who have information and just haven't come forward or, for whatever reason, are reluctant to."" https://t.co/d6eNGKJjkC",[3]
RisingKashmir,Motorized tricycles issued among specially-abled persons in Samba https://t.co/wk4DhP2LBK,,[3]
EmeraldGibson1,RT @HIVandRehab: First-ever global disability summit leads to commitments to end stigma and tackle discrimination against persons with disa‚Ä¶,First-ever global disability summit leads to commitments to end stigma and tackle discrimination against persons with disabilities. https://t.co/iP6Vxh0lMW,[3]
KARK4News,Elderly Couple Missing from Garland County https://t.co/5jRneeEg5O https://t.co/HO3ixpRcyT,,[3]
JackserMoore,RT @1GaryGannon: This is absolutely horrific. We can‚Äôt allow direct provision to continue- Nobody should profit from another persons incarc‚Ä¶,This is absolutely horrific. We can‚Äôt allow direct provision to continue- Nobody should profit from another persons incarceration. Absolutely disgusted by this news- direct provision is an abomination on our national character. It must be ended. https://t.co/5apXK70fzM,[3]
colasanti_kate,"RT @IWillRedPillU: Texas Democrat Mark Benavides Guilty of Six-Counts of Continuous Trafficking of Persons
#HumanTrafficking #PedoGate #Dem‚Ä¶","Texas Democrat Mark Benavides Guilty of Six-Counts of Continuous Trafficking of Persons
#HumanTrafficking #PedoGate #Democrats #SexCrimes #MeToo #TimesUp 
#TheLastOG #RealMadrid
#QAnon #GreatAwakening #VoteDemsOut #VoteThemOut 
https://t.co/bAjry5JoFy #news",[3]
rdjstark_stark,"Hopefully, persons who have integrity, will realize the hateful, racist agenda of the dying NYTs and NYTs' employees, treat this fish wrap as the bird cage liner it is, and then obtain their news from other sources.",,[3]
kwqcnews,"""We are truly devasted by the tragedy that occurred on the docks of Schwiebert Park."" https://t.co/7rqqXI5IQv",,[3]
horiguchikesazo,RT @Kremlin_E: Law ratifying Russia-Nigeria agreement on¬†transfer of¬†sentenced persons https://t.co/ldL4c6SA31,Law ratifying Russia-Nigeria agreement on¬†transfer of¬†sentenced persons https://t.co/ldL4c6SA31,[3]
thefirstmail,"Unknown persons hacked the website of Delhi University's Maharaja Agrasen College on Friday and posted ""Pakistan Zindabad"" slogan and a warning ""stop killing Muslims"".
https://t.co/tJO0FelWbO",,[3]
Nilsawrites,"Within a 10-day period in Iowa 17 girls and 19 boys from the ages of 13-20 have gone missing. 
‚öà
#Missing #MollieTibbetts 
https://t.co/Wu64Fqmu86",,[3]
KhemaniShiksha,RT @scottrobo: Today is UN World Day Against Trafficking in Persons (or Modern Slavery). What will you do this year to #EndHumanTrafficking‚Ä¶,Today is UN World Day Against Trafficking in Persons (or Modern Slavery). What will you do this year to #EndHumanTrafficking? @YCI_Global will be working to support more survivors of trafficking to sustain their freedom. @BITC @ITP_News #WorldDayAgainstTrafficking,[3]
imdplum,"@PartesanJournal @klwgort @derekahunter Still not constitutional duty or obligation. Nowhere in the Constitution (that I know of) is there an instruction/obligation/duty or other mandate imposed upon persons to report news or propaganda or opine on the state of the country. If I'm missing it, please point it out to me.",,[3]
PCKJ3627,RT @Smartcairns11: Chilean investigators target 158 persons in child sex abuse inquiry- La Croix International https://t.co/vRFxkitlnI via‚Ä¶,Chilean investigators target 158 persons in child sex abuse inquiry- La Croix International https://t.co/vRFxkitlnI via @LaCroixInt,[3]
michele_audette,"Nearly three decades ago, the Jack family disappeared in BC. Police still believe someone knows something. ""We do believe that there are persons out there who have information and just haven't come forward or, for whatever reason, are reluctant to."" https://t.co/d6eNGKJjkC",,[3]
THV11,"#THV11MissionHome - John &amp; Linda Hall were last seen in a white 2011 Ford truck. License plate number: 414-PIW. Contact the Garland County Sheriff's Office with information.
Read here: https://t.co/hGZUhJROnr https://t.co/BTJYM9Knds",,[3]
RideMCTS,@robertx004 Sorry about that. A GoPass lets seniors or persons with disabilities have unlimited rides for $1 per day. Sounds like the driver accidentally put that on your card instead of the normal daypass. The good news is that you should be fine to ride the bus the rest of the day today.,,[3]
AudieMcGee6,RT @smillr: What's behind claims of reports about a rash of missing persons in Iowa? | Fox News https://t.co/W8dwS8wNAl,What's behind claims of reports about a rash of missing persons in Iowa? | Fox News https://t.co/W8dwS8wNAl,[3]
smillr,What's behind claims of reports about a rash of missing persons in Iowa? | Fox News https://t.co/W8dwS8wNAl,,[3]
godsproperty46,Three teen girls missing from Walker County https://t.co/swnDKFwnvN,,[3]
Crypto_News___,RT @FoxNews: What's behind claims of reports about a rash of missing persons in Iowa? https://t.co/7mQCGV5uzq,What's behind claims of reports about a rash of missing persons in Iowa? https://t.co/7mQCGV5uzq,[3]
KXNewsMinot,"RT @KXMB: Scott Davis is the executive director for the Indian Affairs Commission. He hopes these new efforts will help native children, an‚Ä¶","Scott Davis is the executive director for the Indian Affairs Commission. He hopes these new efforts will help native children, and be a step towards improving legislation in all missing persons cases. https://t.co/9tlaKZ2Utn",[3]
AremoFisayo,"@Rotankwot this is the investment in people, not dashing them cash. Don't listen to news report, listen to the persons involved. #MAGA https://t.co/wyPvKZ8IM7",,[3]
KXMB,"Scott Davis is the executive director for the Indian Affairs Commission. He hopes these new efforts will help native children, and be a step towards improving legislation in all missing persons cases. https://t.co/9tlaKZ2Utn",,[3]
InsideTheCracks,"RT @alexhaagaard: @mssinenomine @theresa_may If anything, I'd say this illuminates the connection between enthusiastic advocacy of straw ba‚Ä¶","@mssinenomine @theresa_may If anything, I'd say this illuminates the connection between enthusiastic advocacy of straw ban and eugenicist thinking rather nicely...

https://t.co/fE5mXgqncd",[3]
alexhaagaard,"@mssinenomine @theresa_may If anything, I'd say this illuminates the connection between enthusiastic advocacy of straw ban and eugenicist thinking rather nicely...

https://t.co/fE5mXgqncd",,[3]
ScottySaks,"@berman_sid @georgelily @brianstelter It‚Äôs compiled from Federal records, not by a news source or individual.  The indictments are an outgrowth of an Executive Order dated 12/21/17.  MSM won‚Äôt report this s&amp;*t as they are complicit  https://t.co/Oftj9aKtGK",,[3]
man115tn,"@MajidOukacha @NeferShelby One Italienne on answer. Je suis desole non escrive en francaise , en angle. News talk about 2 idiots kids throwin eggs to unknow persons walkin on streets. One of these 2 kids is a son of local political member 
 of ( left )  Partito Democratico.  Like a  B- movie.",,[3]
dworakt,RT @FelixNater: Monroe Co. Schools improves security in Mary Persons High School | https://t.co/zBVHhB2gkO https://t.co/ZemUU5SKMB,Monroe Co. Schools improves security in Mary Persons High School | https://t.co/zBVHhB2gkO https://t.co/ZemUU5SKMB,[3]
Saibhegan,@hat_dogg @rtenews Thats awful like. This should be top news of the hour in RTE. This is a persons life.,,[3]
HIVandRehab,First-ever global disability summit leads to commitments to end stigma and tackle discrimination against persons with disabilities. https://t.co/iP6Vxh0lMW,,[3]
wajhawk,RT @Miss_Wisconsin: Yet another hoax that almost destroyed an innocent persons life. The only thing wrong with this story is that the liar‚Ä¶,Yet another hoax that almost destroyed an innocent persons life. The only thing wrong with this story is that the liar wasn‚Äôt named. https://t.co/ofdSH9VmVd,[3]
pieglue,"Nearly three decades ago, the Jack family disappeared in BC. Police still believe someone knows something. ""We do believe that there are persons out there who have information and just haven't come forward or, for whatever reason, are reluctant to."" 
https://t.co/Q6mTsJLBsu",,[3]
AroosaShaukat,"""The media regularly publicises police raids to recover bonded labour  and their success rate in releasing persons trafficked for forced labour  is relatively higher. But one doesn‚Äôt hear of the media reporting  police raids on brothels.""

https://t.co/YoDmm1hwHp",,[3]
KokuNanegbe,Free SHS: Persons who can pay must be excluded - Ofori-Atta suggests https://t.co/DtRO4dl486,,[3]
Mahendr43168807,"@AmitShah @narendramodi @BJP4India Sir ji, why no other category persons selected except General.
#UPPSC - 2018#RESULTS /917#whatup news",,[3]
BounceNewsNg,"‚ÄúA boat carrying over 30 persons capsized in Rabah Local Government Area of Sokoto State, leaving at least 21 persons dead.¬†

Rescuers recovered the dead bodies after the boat capsized‚Äù

&gt;&gt;&gt; https://t.co/fVCxQtHMCd https://t.co/s2bUIyxFWX",,[3]
SaharahTheDog,RT @newschannelnine: #MISSING TEENS - PLEASE SHARE: The Walker County Sheriff's Office needs your help finding 3 teens missing from the cou‚Ä¶,#MISSING TEENS - PLEASE SHARE: The Walker County Sheriff's Office needs your help finding 3 teens missing from the county - please help us spread the word! https://t.co/bFwlvfpOco,[3]
Miss_Wisconsin,Yet another hoax that almost destroyed an innocent persons life. The only thing wrong with this story is that the liar wasn‚Äôt named. https://t.co/ofdSH9VmVd,,[3]
Winston_Truth,"What's behind claims of reports about a rash of missing persons in Iowa?   
Abominable news that many young people go missing in Iowa!

https://t.co/mVnMAP1YRw",,[3]
fox_diff,What's behind claims of reports about a rash of missing persons in Iowa? | Fox News https://t.co/dxjCNzESVs ‚ûú https://t.co/PqwOkcC0Zr https://t.co/PmrtNyXhiK,,[3]
MohsinMeer10,RT @shahid_iqbal452: @ShabazGil Sir you clarified very well on 24 news about Imran stay in PM house as any other place cant be declared as‚Ä¶,"@ShabazGil Sir you clarified very well on 24 news about Imran stay in PM house as any other place cant be declared as PM Secretariat due to security concerns.
You should start giving tution to other PTI spokes persons. Nobody else explains the issues like you do.",[3]
shahid_iqbal452,"@ShabazGil Sir you clarified very well on 24 news about Imran stay in PM house as any other place cant be declared as PM Secretariat due to security concerns.
You should start giving tution to other PTI spokes persons. Nobody else explains the issues like you do.",,[3]
ICInclusion,"Check out this @ThinkWorkICI article in ""Research and Practice for Persons with Severe Disabilities"" (part of @SAGE_News) that discusses a framework for organizing state and federal investments in research, practice, and systems change:  https://t.co/oJDyEszmKT",,[3]
knowwhentoholde,What's behind claims of reports about a rash of missing persons in Iowa? | Fox News https://t.co/sPH0CZzAYp,,[3]
MyBeautae,@katsxxi @ReveASoshi @exotickara Also the persons you are talking about are huge trolls and are not sones or fany fans. They never talked about about the girls before. It's weird esp with the sub unit news. Anyway they have been reported you can check @Better_Sone https://t.co/gI06B4NoSd,,[3]
pndblog,Social Connections Critical When Protecting Vulnerable Persons From Climate-Change Fueled Heat Waves https://t.co/4s6BJoRFx8 @kresgefdn #climatechange,,[3]
lc30128549,"@RoseAJacob @ddayen @Ocasio2018 lol yes because I am so uniformed if I don‚Äôt watch the news and get another persons biased opinion! Shame on me for actually doing the work myself and looking for full interviews and not cherry picked 20 sec clips!! Every network says it, it must be true!",,[3]
GrokaSebastian,"There is nothing inherently wrong about have qualified persons determine real news v. fake news. However, liberals are never qualified, and must be excluded from such decisions. Obviously. https://t.co/nX2YD4lWqx",,[3]
CinnamonGurl73,"@washingtonpost Those who attend these rallies are as anxious to get on TV as Trump. As you can see, these persons are probably not network or cable news demographics. Coverage for rallies is not warranted.",,[3]
Kremlin_E,Law ratifying Russia-Nigeria agreement on¬†transfer of¬†sentenced persons https://t.co/ldL4c6SA31,,[3]
based_patrick,"@ksc02 @jasonjwilde @Twitter I mean it‚Äôs nothing to really argue over but he didn‚Äôt reply to one persons tweet, he teed off on what sounded like a lot of people. Just seemed like bad business and whining to me, so I told him. Didn‚Äôt expect to get blocked I like his camp news lol",,[3]
NShakfeh,"RT @maitelsadany: As Assad takes over frmr opposition-controlled areas, #Syria|ns are facing a new challenge. Certificates registered with‚Ä¶","As Assad takes over frmr opposition-controlled areas, #Syria|ns are facing a new challenge. Certificates registered with opposition-run institutions are not recognized and it's as if babies, couples, deceased persons who were born, married, died never did https://t.co/QO9dXvXpXJ https://t.co/tvP0s2Ha6h",[3]
atension2living,Chilean investigators target 158 persons in child sex abuse inquiry https://t.co/RYRbdQnvvW https://t.co/yCr21VQUpD,,[3]
Gander_News_c2,What's behind claims of reports about a rash of missing persons in Iowa? https://t.co/UrMOckazh6,,[3]
Bussani_,"RT @BespokeChili: @Bro_Pair @loudmouthjulia Or to young LGBTQIA+ persons who aspire to write, but see him as among the foremost out voices‚Ä¶","@Bro_Pair @loudmouthjulia Or to young LGBTQIA+ persons who aspire to write, but see him as among the foremost out voices in news media and recoil in disgust.",[3]
newschannelnine,#MISSING TEENS - PLEASE SHARE: The Walker County Sheriff's Office needs your help finding 3 teens missing from the county - please help us spread the word! https://t.co/bFwlvfpOco,,[3]
PulseNigeria247,Mrs Aborishade said five of the accused persons have nothing to do with the death of the late Adeniyi Aborishade. https://t.co/Gbcbt23FAC https://t.co/iZYt8hvP3w,,[3]
IFESDisability,Learn about how the Election Commission of #India is including persons with disabilities in this interview with the Chief Election Commissioner: https://t.co/KrdlEVbHeU,,[3]
ZeMike09,"@Eriitrea91 @ybaggioo @BrhanAndai @Salem_Shikorina @AbdoruhmanM @tewerwari_1 @DekiSawa @EriNatey91 @Ternafi @stesfamariam @meronina @Selkid @amona_hassab @drhaben777 1 example of a persons family that is ok.

How about the 1000s that are not?

Let me guess.. ""Fake news"" lol",,[3]
State_Times,DC provides motorised tricycles to 11 specially-abled persons - https://t.co/UjPIs3fgEc https://t.co/fCr3Y1J7cN,,[3]
Boatoptional2,"RT @dcloughney: @SethAbramson INFO WARS
The following is for entertainment purposes only. All persons presenting are ‚ÄúPerformance Artists‚Äù.‚Ä¶","@SethAbramson INFO WARS
The following is for entertainment purposes only. All persons presenting are ‚ÄúPerformance Artists‚Äù. No persons should watch this program and fee they have received any sort of real information or news.

Please do not try this from home.",[3]
CuppaPg,"RT @Jennycroft12: Iowa's list of missing people contains more than 300 names, including Mollie Tibbetts. Here's what we know about them. ht‚Ä¶","Iowa's list of missing people contains more than 300 names, including Mollie Tibbetts. Here's what we know about them. https://t.co/XaVqb5NE9G via @DMRegister",[3]
XooIns_News,21 Persons Including Young Children Perish As Boat Capsizes In Sokoto River¬†(Photos) https://t.co/eAIySyLOTU https://t.co/dp2eofd5J1,,[3]
meslioui_mounir,"Jesus Christ That The God Bless My First Mother1, My Wife Hillary Rodham Clinton, For America Champion President, And For The Bible 101, And My Sister Chelsea Victoria Clinton&amp;And My Wife Katheryn &amp;Jennifer Lawrence¬ßDr.MounirClinton. https://t.co/H7K3lBeeFL",,[3]
maitelsadany,"As Assad takes over frmr opposition-controlled areas, #Syria|ns are facing a new challenge. Certificates registered with opposition-run institutions are not recognized and it's as if babies, couples, deceased persons who were born, married, died never did https://t.co/QO9dXvXpXJ https://t.co/tvP0s2Ha6h",,[3]
ElzendejasMr,@dRiveraCash @mschlapp @jaketapper One persons tolerance level is no indicator. My comparison was the reference of the two scoops scandal. Every cnn show for nearly a week and was even considered ‚Äúbreaking news.‚Äù  I stand by my comment.,,[3]
BespokeChili,"@Bro_Pair @loudmouthjulia Or to young LGBTQIA+ persons who aspire to write, but see him as among the foremost out voices in news media and recoil in disgust.",,[3]
callgirlnargis,Chilean investigators target 158 persons in child sex abuse inquiry https://t.co/IFAJzV4LKi https://t.co/aSokvSg1ZW,,[3]
jcgonegolfin,"@JedediahBila If the persons that are expected to report the news become the news, then they have failed in there responsibilities.",,[3]
budagovska,RT @R2Protection: @R2Protection presents ‚ÄòCrossing the line of contact‚Äô #report covering January-June 2018. It's based on data collected du‚Ä¶,"@R2Protection presents ‚ÄòCrossing the line of contact‚Äô #report covering January-June 2018. It's based on data collected during 236 visits to the 5 entry-exit checkpoints (#EECP's). A total of 12,326 persons were surveyed https://t.co/JHtZhiHntg https://t.co/LAdpqR7sUf",[3]
dabbs346,"Mike Braun wants to dismantle protections for persons with pre-existing conditions. #INSen

https://t.co/cwzhw9tYlf",,[3]
taytay3593,"RT @NHThinker1: @secupp Only persons I can see, other than Fox News persons, putting their NAME to the wrongness of the Obama Admin action‚Ä¶","@secupp Only persons I can see, other than Fox News persons, putting their NAME to the wrongness of the Obama Admin action are:
Dana Milbank
Jake Tapper
""NYT Editorial Board""",[3]
rpbreakingnews,"‡§¶‡•Å‡§∞‡•ç‡§ò‡§ü‡§®‡§æ ‡§Æ‡•á‡§Ç ‡§ò‡§æ‡§Ø‡§≤ ‡§π‡•Å‡§è ‡§¶‡•ã ‡§ú‡§®‡•ã‡§Ç ‡§ï‡•Ä ‡§â‡§™‡§ö‡§æ‡§∞ ‡§ï‡•á ‡§¶‡•å‡§∞‡§æ‡§® ‡§π‡•Å‡§à ‡§Æ‡•å‡§§, ‡§™‡•Å‡§≤‡§ø‡§∏ ‡§®‡•á ‡§Æ‡§æ‡§Æ‡§≤‡§æ ‡§¶‡§∞‡•ç‡§ú ‡§ï‡§∞ ‡§ú‡§æ‡§Ç‡§ö ‡§ï‡•Ä ‡§∂‡•Å‡§∞‡•Å #Tonk #Roadaccident
https://t.co/l1zxf2r9Hw",,[3]
MissinginAZ,https://t.co/MVce4h3bML https://t.co/MVce4h3bML,,[3]
JAMMULINKS,"SAMBA: Social Welfare department today provided motorized tricycles to eleven specially-abled persons here at a simple function.

Read more at: https://t.co/xm1FAoiYXg https://t.co/75QcVkJdOo",,[3]
NHThinker1,"@secupp Only persons I can see, other than Fox News persons, putting their NAME to the wrongness of the Obama Admin action are:
Dana Milbank
Jake Tapper
""NYT Editorial Board""",,[3]
JRSUK,"Catch up with all the news and events @JRSUK this week with our recent e-update. This week's issue contains our celebrations for the Feast of St. Ignatius and our reflection on the World Day against the Trafficking of persons.
Catch up here: https://t.co/eJVdMZ0msb",,[3]
1GaryGannon,This is absolutely horrific. We can‚Äôt allow direct provision to continue- Nobody should profit from another persons incarceration. Absolutely disgusted by this news- direct provision is an abomination on our national character. It must be ended. https://t.co/5apXK70fzM,,[3]
EAMIRJ2018,RT @west_response: ‚Äò....the hospital‚Äôs missing persons policy was already under review but had how now been updated so that a safeguarding‚Ä¶,‚Äò....the hospital‚Äôs missing persons policy was already under review but had how now been updated so that a safeguarding phone call is always made to police when a patient absconds.‚Äô What is a ‚Äòsafeguarding phonecall?‚Äô #allcarenoresponsibility  https://t.co/ijEXxLl67l,[3]
dederocs,"West African nations must adhere to ECOWAS free movement of persons and legit goods protocols.

Ghana is fond of these bush man antics.

Ecowas principles and laws give Nigerians the right to live and trade in Ghana. https://t.co/3i8kdcHyo7",,[3]
lekanbakare4,"RT @NigeriaNewsdesk: President Buhari invites Imam who saved fleeing persons from Plateau killings for hand shake, national honour https://‚Ä¶","President Buhari invites Imam who saved fleeing persons from Plateau killings for hand shake, national honour https://t.co/xd7PU9XHvw via @todayng https://t.co/BfoMMzx5f9",[3]
west_response,‚Äò....the hospital‚Äôs missing persons policy was already under review but had how now been updated so that a safeguarding phone call is always made to police when a patient absconds.‚Äô What is a ‚Äòsafeguarding phonecall?‚Äô #allcarenoresponsibility  https://t.co/ijEXxLl67l,,[3]
mrsshinde,"#makeindia @AgriGoI @CimGOI #eauction hills barrenland to couples, persons, villages, institutions or companies to #harvestforest cultivate agriculture crops @rajnathsingh @PTI_News",,[3]
THEWILLNG,At Least 20 Persons Killed As Boat Capsizes In Sokoto-https://t.co/OtQcwekkWs https://t.co/cWuqn7ejdz,,[3]
GhorKalyug3,"@narendramodi Sir jee
Get a coverage from ABP news for the persons u have interacted with,now there will be big scoops for each &amp; every planted news by you &amp; your party.The Media has risen.",,[3]
bombaybhuna,RT @MerseyPolice: We are appealing for help in finding missing 17 y/o Chloe Smith from #Prescot. Chloe is known to frequeny the #Huyton are‚Ä¶,"We are appealing for help in finding missing 17 y/o Chloe Smith from #Prescot. Chloe is known to frequeny the #Huyton area, but it is believed she may have travelled to #Cambridgeshire or #London. Please contact @MerPolCC, 101 or @missingpeople with info. https://t.co/rJaQdvQZaE https://t.co/7BFDMf1CAB",[3]
elimin8schisto,"RT @NTDCOUNTDOWN: @WFP_community, @NTDCOUNTDOWN will be there and represented in the persons of @TchuemTchuente @MargaretGyapong @StothardR‚Ä¶","@WFP_community, @NTDCOUNTDOWN will be there and represented in the persons of @TchuemTchuente @MargaretGyapong @StothardRuss with Dr Joe Turner. We will present our work on #PrecisionMapping, #FemaleGenitalSchistosomiasis and #wolbachia. Read more here - https://t.co/UrPdxVEFYz https://t.co/a7bqlfpXCr",[3]
newsheadlinesng,Odegbami: Sport Can Change The Black Person‚Äôs World! READ MORE https://t.co/q7UIFQjqsn,,[3]
ShivaPushpa,@HRD -  Why numerous engineering college are established in our country and spoil the life of young generation.   Who are the persons or organised are running such institute in the country.   Shocked to read such news.,,[3]
azmibinanuar,https://t.co/CWrnxMLTsN,,[3]
rickdanna4719,"1st amendmt guarantees freedom of the press, it doesn't guarantee freedom from CRITICISM of the press. Fake News has it mixed up. Free speech allows agrieved persons to criticize the fake news, and theirs a lot of fake news out there. MOST comes from CNN &amp; MSNBC",,[3]
AvrahamGoodman,"Palestinian media reports: increased to 25 number of injured persons in clashes with IDF forces on the fence &gt; &gt; https://t.co/b4EuWffOpY     
Not enough! https://t.co/e4dCzbhgE7",,[3]
LaCroixInt,Prosecutors call for Vatican assistance in investigating nine church officials suspected of pedophile acts https://t.co/jaNxgtI4iB,,[3]
tijohnson,"RT @iowacoldcases: Jodi Ewing...spends hours each day poring through media reports of cases of unsolved murders and missing persons.
‚ÄúI‚Äôve‚Ä¶","Jodi Ewing...spends hours each day poring through media reports of cases of unsolved murders and missing persons.
‚ÄúI‚Äôve seen it time and... https://t.co/UgEi8mYYrs",[3]
DmitryFermer,"A Network you can Trust
#APRES, connecting people and communities. Issuing news update and report by the people for their communities and the globe. Granting persons with the authority to report, telling each Story as it is whilst protecting their identity and location. #press https://t.co/zSHnE1VKvX",,[3]
dhruvmkt,‚Å¶@DeepikaBhardwaj‚Å©  https://t.co/HyBuDnarxW,,[3]
prayingprophet7,"In light of the high-profile investigation into Brooklyn, Iowa, resident Mollie Tibbits' disappearance, concerns have come to light about what seems to be a high number of juveniles reported missing in Iowa in recent weeks.

https://t.co/CduNAcEPsS

#KTVONews",,[3]
DenisHayes,"RT @ConservHustle: A year later, this article is still very relevant. ""A rich person‚Äôs profession? Young conservationists struggle to make‚Ä¶","A year later, this article is still very relevant. ""A rich person‚Äôs profession? Young conservationists struggle to make it"" https://t.co/adkuhZ9P5k (üì∑ @lucero_vaca_) https://t.co/5AuO78pSuD",[3]
lyb32351,"I do not understand why a ""news"" conference was called by Iowa authorities this morning in the missing persons case of Mollie Tibbetts. There was no ""news."" So sad for her family.",,[3]
PortugueseMamaC,"I have often thought about this..
Mollie Tibbetts gets far more coverage than other missing persons. Is media bias to blame? https://t.co/Ot8qHxd2wO via @gbpressgazette",,[3]
Clay_Masters,"RT @KatarinaSos: Important article about how bias (media, law enforcement and public) plays into which missing persons cases get the most a‚Ä¶","Important article about how bias (media, law enforcement and public) plays into which missing persons cases get the most attention. via @DMRegister  https://t.co/BQGr1XZQD3",[3]
J_Gooder,RT @nbcchicago: Man charged with biting off part of person‚Äôs ear in front of Art Institute https://t.co/0X4DXvxdyH https://t.co/KybT77zPtf,Man charged with biting off part of person‚Äôs ear in front of Art Institute https://t.co/0X4DXvxdyH https://t.co/KybT77zPtf,[3]
Deepakm64716555,"@abpnewstv your channel's show #Masterstroke is not complete without @ppbajjpai so you have to stop it bcz it heart us..you lost two truth spoke persons best news Anker. NOW i think @PMOIndia feeling better and @Ra_THORe complet his task for best Minister.
Your's..Modi bhkt2014",,[3]
wbg_gov,"To help developing countries invest more‚Äîand more effectively‚Äîin persons with disabilities and in accessible services, here are our commitments on disability inclusion: https://t.co/wRFLHeqvHC  #InclusionMatters https://t.co/j5cvAV5ngA",,[3]
rajeevbhaskarht,Embezzling dead person‚Äôs pensions; grievances portal fails to act even after fifteen months https://t.co/8SCx3tZrCr,,[3]
ISExpo18,"@RohdeSchwarz will be bringing their QPS201, a state of the art millimeterwave security scanner, ensuring an unobtrusive and uncomplicated experience for scanned persons. Visit them on stand E51! If youd like to know more about this product, click here! https://t.co/2FNTKHyAY8",,[3]
HEI_mcmaster,RT @MIRAMcMaster: New algorithm developed to help first responders better assist seniors during disasters | CBC News https://t.co/R9B034clXT,New algorithm developed to help first responders better assist seniors during disasters | CBC News https://t.co/R9B034clXT,[3]
FelixNater,Monroe Co. Schools improves security in Mary Persons High School | https://t.co/zBVHhB2gkO https://t.co/ZemUU5SKMB,,[3]
boboncvn70,@jawsfan66 @RealJamesWoods @PressSec @Acosta Yes like getting media organizations proclaiming to produce news from constantly lying to the America and using DNC and other liberally connected persons identifying as journalists from lying daily to the American people Like a propaganda org Otherwise a free pressis great,,[3]
dcloughney,"@SethAbramson INFO WARS
The following is for entertainment purposes only. All persons presenting are ‚ÄúPerformance Artists‚Äù. No persons should watch this program and fee they have received any sort of real information or news.

Please do not try this from home.",,[3]
ultrascanhumint,"IDPs in Libya running out of time and resources: Internally displaced persons from Benghazi are running out of resources, but still fear to return to the city controlled by General Khalifa Haftar. https://t.co/HWOJheUnHx",,[3]
ncpedp_india,What companies and Government are doing to #empower persons with #disabilities! ‚Å¶@Youth4Jobs‚Å© ‚Å¶@Flipkart‚Å© ‚Å¶@IBM‚Å© ‚Å¶@saplabsindia‚Å©  https://t.co/TsQP5osHKK,,[3]
Occupy_FL_HOA,THE ART OF DECEPTION: ‚ÄúTransgender Persons In Puerto Rico Can Change Their Birth Certificates According To Identity‚Äù - The Daily Caller https://t.co/VnapwovHzb,,[3]
THV11,"PLEASE RT - Mother of three, Brooke Allensworth, 37, is missing from the Newark and Oil Trough area. Her car was found near the White River in Oil Trough.
#THV11MissionHome
READ: https://t.co/8yKmRmB0ZS https://t.co/gtftV1ikGv",,[3]
DavidJaxonJr,"I don't blame it on them, but I do say they should look for and apply  information that is proven to help them. https://t.co/pcTlSX9n4F",,[3]
MerseyPolice,Have you seen #missing teenager Lois Elliot? She was last seen on Tuesday at 9pm ‚Äì get in touch via @MerPolCC or call 101 if you have any info that could help us bring her home safely.  https://t.co/CaipfR4dWu https://t.co/I0OLFML67K,,[3]
Seosamh_777,@FryskeFreon IDPs in Libya running out of time and resources Internally displaced persons fro  https://t.co/x9Mmg9fXMA,,[3]
Belizean777,@Belizean_bz IDPs in Libya running out of time and resources Internally displaced persons fro  https://t.co/AowJgjRpFB,,[3]
Mejicano_Mx,@Kattavernd IDPs in Libya running out of time and resources Internally displaced persons fro  https://t.co/DebUE1KNnK,,[3]
iowacoldcases,"Jodi Ewing...spends hours each day poring through media reports of cases of unsolved murders and missing persons.
‚ÄúI‚Äôve seen it time and... https://t.co/UgEi8mYYrs",,[3]
PinochetballMK2,"@0ncefutur3 @altskull_ @C4tos_Veng5ance @Outsider__14 @iddqdan ...the mud kids being brought across the southern border.

Anyway heres the article

https://t.co/CmMNvje56f",,[3]
brian_kagema,RT @CofekRebranded: UNHAPPY KENYANS call for urgent reforms at @ImmigrationDept on the offending manner of handling registration of persons‚Ä¶,"UNHAPPY KENYANS call for urgent reforms at @ImmigrationDept on the offending manner of handling registration of persons, literally torturing mothers with their newborn children on queues @FredMatiangi @GKihalangwa @InteriorKE @StateHouseKenya @MarthaKarua 
https://t.co/skD6XnzJeV https://t.co/AGBlviaxdr",[3]
Jakub_Wojsyk,"The Ministry of Foreign Affairs of #Lithuania addressed the #Migration Department, proposing they include in the list of undesirable persons those individuals who contributed to violations of #HumanRights in the occupied territories of #Georgia. https://t.co/oDkAVsZlBO",,[3]
MinmajMarwat,Twelve girls' schools burnt down by unidentified persons in coordinated attacks in #Chilas Gilgit-Baltistan. https://t.co/AMAtUM3dAX,,[3]
mike_wieners,"@SheaSerrano @tatefrazier ... and in other news, a missing persons report has been put out for @tatefrazier",,[3]
DineshSdl,"@imanojprabakar My simple question. If a selected one or two media persons had a hidden (agenda) meeting with Modi( without PT), what will be the reaction?? Won't you leaked the news by yourself??",,[3]
ProjectLifesavr,Project Lifesaver Aids Search For Missing Persons With Alzheimer's And Autism - https://t.co/553S6shlAv https://t.co/1QBBKJ9Yab https://t.co/w9jWlNHQog,,[3]
MIRAMcMaster,New algorithm developed to help first responders better assist seniors during disasters | CBC News https://t.co/R9B034clXT,,[3]
SerendipitySays,"RT @crankymuppet: @GuacamoleyTweet Tashia James, 19, turned herself in and broke parole by doing this so she was already a 'winner' to star‚Ä¶","@GuacamoleyTweet Tashia James, 19, turned herself in and broke parole by doing this so she was already a 'winner' to start with. 
https://t.co/vZC9hND25h",[3]
SajidSb,The Awesome World: Good News For Blind Persons First Eyes Bank in Isl... https://t.co/swRpuQSgcI,,[3]
Newsbeat1,"CHANGE!
The unemployment rate edged down to 3.9 percent, as the number of  employed people reached new heights, and the number of unemployed  persons declined by 284,000 to 6,280,000 in July. 
https://t.co/y7Sbn65TEq
In the old days , 4% unemployment was viewed as full employment",,[3]
magsmiggins,"RT @andrew_gosden: Kodie Yates (12) missing from #StHelens (#Merseyside) last seen July 29, 2018 https://t.co/li3Abp8UBB https://t.co/R71Wm‚Ä¶","Kodie Yates (12) missing from #StHelens (#Merseyside) last seen July 29, 2018 https://t.co/li3Abp8UBB https://t.co/R71Wma3ocW",[3]
ballerinaX,"RT @chrizap: What the retreat of Western liberal values looks like...""illiberal persons from around the world basically flocking to Cambodi‚Ä¶","What the retreat of Western liberal values looks like...""illiberal persons from around the world basically flocking to Cambodia to become cogs in Hun Sen's propaganda machine"" The European populists monitoring 'sham' elections - BBC News https://t.co/zDVv9pnMaD",[3]
BoAdimple,@91jasonng S.E.S in general are a good persons ;; Because I'm fan of S.E.S is so sad see this news :c,,[3]
Jedi4sss,"@jonibetrue @washingtonpost @PressSec Ah yes, pathetic mambee pambee PUBEFLAKE persons are shocked that the first of many coming indictments, began with the VERY FAKE, FAKE DISGUSTING NEWS.  WE ARE AMUSED!üòúüòõ  Once the 20 redacted pages of the FISA application are DECLASSIFIED BY THE POTUS, THE DOOMED SHALL FALL.üòâ https://t.co/TSu2gdo4Mi",,[3]
EmTumilty,"RT @BrigitMV: UNSW‚Äôs Rosemary¬†Kayess¬†has been elected to United Nations Committee on the Rights of Persons with¬†Disabilities.¬†
 https://t.c‚Ä¶","UNSW‚Äôs Rosemary¬†Kayess¬†has been elected to United Nations Committee on the Rights of Persons with¬†Disabilities.¬†
 https://t.co/wF0egQ6LvC",[3]
IndiaBriefing,"Under new regulations, all #Indian companies must maintain an official record of persons holding beneficial shares and file a return with the Registrar of Companies furnishing details about their significant beneficial owners (SBOs). 

https://t.co/la1kxOBPJD

#BusinessRegulation",,[3]
SajidSb,Check out this awesome video: Good News For Blind Persons First Eyes Bank in Islamabad On Express News 2 August 2018 https://t.co/bDPTKad5o6,,[3]
catchsheetal,"An inclusive workplace is what makes us proud,! Bit by bit doing our bit . @Flipkart @WorkAtFlipkart 
https://t.co/uO3LXjUxBa via @economictimes",,[3]
TheJeffBurkett,@LibValuesCanada @foxandfriends https://t.co/CxluYMXHUd,,[3]
simsimbaloch,RT @ZaffarBaloch: #ChiefJusticePakistan cautioned that Supreme Court might consider taking the issue of missing persons as a serious violat‚Ä¶,"#ChiefJusticePakistan cautioned that Supreme Court might consider taking the issue of missing persons as a serious violation of #humanrights under Article 184(3) of the Constitution in case no improvement was shown to arrest the alarming situation.
 https://t.co/3wnuGIbU8c",[3]
SureReality,"@shankelly3 @PolitiScoop The stats are complicated, so it may be very bad‚Äîor this year may not be unusual (though any is horrible, I agree).

https://t.co/kkgZ75XtrA",,[3]
FactionJaxson,"Amazing the lengths #FakeNews goes to convince KIDS DISAPPEARING isn‚Äôt a big deal. Even if kids are runaways, why not blast it everywhere!? Also 99% of missing kids are in the custody of Social Services. Really makes you think ü§î 

#Qanon #MollyTibbetts 
https://t.co/sm8AbTfxPm",,[3]
MSF_seAsia,"Political disputes over ports of disembarkation led to extended stay of #Aquarius in port. After the stay, Aquarius is heading back to the Central #Mediterranean in order to render assistance to persons in distress at sea. Read full article : https://t.co/sLiD1GieoU #MSF https://t.co/7CUCjPcIUD",,[3]
SERVE_ie,RT @APD_India: What companies and government are doing to empower persons with disabilities https://t.co/IMCRAj9ggB #DisabilityRights #Disa‚Ä¶,What companies and government are doing to empower persons with disabilities https://t.co/IMCRAj9ggB #DisabilityRights #DisabilityInclusion #DisabilityEmployment https://t.co/EgWQ6ctz9b,[3]
masoodalam72,"A very sad news from district Diamer(chilas) #Gilgit_Baltistan, where some unknown persons blown up 12 girl schools last night in various areas of the district. #CondemnthisshamefullACT",,[3]
Mohabkady,"RT @JTIP_State: U.S. Department Of State Recognizes World Day Against Trafficking In Persons With Report, Video https://t.co/OpNJBeokz4  Wa‚Ä¶","U.S. Department Of State Recognizes World Day Against Trafficking In Persons With Report, Video https://t.co/OpNJBeokz4  Watch the full video here:  https://t.co/8abH8udglV  #EndTrafficking @KaiserFamFound",[3]
Smartcairns11,Chilean investigators target 158 persons in child sex abuse inquiry- La Croix International https://t.co/vRFxkitlnI via @LaCroixInt,,[3]
KebretNegash,"RT @IOMatUN: Trafficking in persons is so pervasive it can only be tackled with a global, all-hands approach involving consumers, governmen‚Ä¶","Trafficking in persons is so pervasive it can only be tackled with a global, all-hands approach involving consumers, governments, private sector and civil society, says @IOMchief

Full statement: https://t.co/gLyHHrWbKU 

#EndHumanTrafficking https://t.co/YgURhkOfgF",[3]
NL_Official,"Boko Haram‚Äôs Leader Shekau‚Äôs Second In Command &amp; 17 Persons Killed In Borno

https://t.co/basE2zEzvP",,[3]
deyiga,"Boko Haram‚Äôs Leader Shekau‚Äôs Second In Command &amp; 17 Persons Killed In Borno

https://t.co/vrmDkx7TRL https://t.co/vrmDkx7TRL",,[3]
ImKanhaiyaKumar,"‡§∂‡§∞‡•ç‡§Æ‡§®‡§æ‡§ï: ‡§Æ‡§ú‡•Å‡§´‡•ç‡§´‡§∞‡§™‡•Å‡§∞ ‡§∞‡•á‡§™ ‡§ï‡§æ‡§Ç‡§° ‡§ï‡•ã ‡§≤‡•á‡§ï‡§∞ ‡§®‡•Ä‡§§‡•Ä‡§∂ ‡§ï‡•Ä ‡§Æ‡§Ç‡§§‡•ç‡§∞‡•Ä ‡§∏‡•á ‡§∏‡§µ‡§æ‡§≤ ‡§™‡•Ç‡§õ‡§®‡•á ‡§™‡§∞ ‚Äò‡§™‡§§‡•ç‡§∞‡§ï‡§æ‡§∞‡•ã‡§Ç‚Äô ‡§ï‡•Ä ‡§™‡§ø‡§ü‡§æ‡§à, 3 ‡§ò‡§æ‡§Ø‡§≤ https://t.co/wc6lifpRbG",,[3]
RedtenguKane,"‚ÄúOrder reigns‚Äù.

""The Syrian Correspondent news site reported that the information was leaked from a meeting chaired by the head of Air Force Intelligence... https://t.co/D87Thv3fJ1",,[3]
deyiga,"HEARTBREAKING!! One Year Old Child, 20 Other Persons Killed In Sokoto

https://t.co/bSvwqIMcln https://t.co/bSvwqIMcln",,[3]
APD_India,What companies and government are doing to empower persons with disabilities https://t.co/IMCRAj9ggB #DisabilityRights #DisabilityInclusion #DisabilityEmployment https://t.co/EgWQ6ctz9b,,[3]
NL_Official,"HEARTBREAKING!! One Year Old Child, 20 Other Persons Killed In Sokoto

https://t.co/lwcJy5BJnz",,[3]
shrewdshrewd,RT @shrewdshrewd: About 12 schools have been set on fire by unknown persons in the #Diamer district of #GilgitBaltistan. According to initi‚Ä¶,"About 12 schools have been set on fire by unknown persons in the #Diamer district of #GilgitBaltistan. According to initial reports, explosives have also been used while a search operation by police is currently underway.

#GBee #News #Education #Chilas https://t.co/SvEsLGiwuP",[3]
lindaws,Chilean investigators target 158 persons in child sex abuse inquiry- La Croix International https://t.co/ozSD3SekfV via @LaCroixInt,,[3]
Truevoice2019,@ImranKhanPTI @UN @un_news @UNHumanRights @WSJ @BBCWorld https://t.co/a30fZQZa1o,,[3]
1_Persons,RT @TheDailyShow: PROPAGAND-OFF! Fox News vs. North Korean State TV https://t.co/B9CfxgN0XC,PROPAGAND-OFF! Fox News vs. North Korean State TV https://t.co/B9CfxgN0XC,[3]
QurbanaliJatoi2,"RT @SAMAATV: Mengal‚Äôs six-point agenda presented to the PTI delegation includes a demand for recovery of missing persons in the province
ht‚Ä¶","Mengal‚Äôs six-point agenda presented to the PTI delegation includes a demand for recovery of missing persons in the province
https://t.co/NML906byP4",[3]
snehashrins,"#MyTwitterAnniversary So today is my Twitter handle's birthday.. .. Why am I here ?...Among many things.. this is short, small thoughts &amp; news delivering medium...also instant connect..Here I mate many  unknown but great persons..My understandings grew manifolds.. Still learning! https://t.co/gA4r9ftT5f",,[3]
thefirstmail,"12 girls' schools have been burnt down by unidentified persons in coordinated attacks in Pakistan's restive Gilgit-Baltistan, triggering protest by local residents who sought safety for educational institutions which are often attacked by the militants..
https://t.co/1hn81XwPgK",,[3]
CofekRebranded,"UNHAPPY KENYANS call for urgent reforms at @ImmigrationDept on the offending manner of handling registration of persons, literally torturing mothers with their newborn children on queues @FredMatiangi @GKihalangwa @InteriorKE @StateHouseKenya @MarthaKarua 
https://t.co/skD6XnzJeV https://t.co/AGBlviaxdr",,[3]
shrewdshrewd,"About 12 schools have been set on fire by unknown persons in the #Diamer district of #GilgitBaltistan. According to initial reports, explosives have also been used while a search operation by police is currently underway.

#GBee #News #Education #Chilas https://t.co/SvEsLGiwuP",,[3]
afrasianews,Afrasianet - On World Day against Trafficking in Persons https://t.co/4FNMDbZ43N,,[3]
raj2viji,"RT @Arunpaandiya: News: Some Media persons are outraged that editors have been asked to step down for criticizing govt.

TamilMedia: Athula‚Ä¶","News: Some Media persons are outraged that editors have been asked to step down for criticizing govt.

TamilMedia: Athulam Maanam ullavanga panrathu. Namma dan Vaangi kudichitome........... Tea
@news7tamil @News18TamilNadu @the_hindu @polimernews @PTTVOnlineNews 
#SoldOutTNMedia",[3]
hassnain_jokhio,"About 12 schools have been set on fire by unknown persons in the #Diamer district of #GilgitBaltistan. According to initial reports, explosives have also been used while a search operation by police is currently underway.
#News #Education #Chilas 
@DuaBhuttoPTI @ArifAlvi https://t.co/LY4jTW73h6",,[3]
DjordjeTodorov5,"RT @Reaproy: ""It's a sad state of affairs when you have illiberal persons from around the world basically flocking to #Cambodia to become c‚Ä¶","""It's a sad state of affairs when you have illiberal persons from around the world basically flocking to #Cambodia to become cogs in Hun Sen's propaganda machine"" says @hrw. No wonder #CambodiaElection2018 was an opposition free,  125 to 0 #CPP wipeout! https://t.co/Eic5UxnlKe",[3]
SriSundaram,So good to see you here Asha Sreedhar. Really proud of you and your team. Thanks for being an awesome Autism advocate. #autismatwork¬†#sap https://t.co/h3gVtRKT9V,,[3]
1rims_channel,RT @JuniorVikatan: ‡Æ™‡Øá‡Æ∞‡ØÅ‡Æ®‡Øç‡Æ§‡Æø‡Æ≤‡Øç ‡Æ§‡Æô‡Øç‡Æï‡ÆÆ‡Øç ‡Æï‡Æü‡Æ§‡Øç‡Æ§‡Æø‡ÆØ‡Æµ‡Æ∞‡Øç‡Æï‡Æ≥‡ØÅ‡Æï‡Øç‡Æï‡ØÅ ‡ÆÖ‡Æ§‡Æø‡Æ∞‡Øç‡Æö‡Øç‡Æö‡Æø ‡Æï‡Øä‡Æü‡ØÅ‡Æ§‡Øç‡Æ§ ‡ÆÖ‡Æ§‡Æø‡Æï‡Ææ‡Æ∞‡Æø‡Æï‡Æ≥‡Øç! - ‡Æ∞‡ØÇ.3.32 ‡Æï‡Øã‡Æü‡Æø ‡ÆÆ‡Æ§‡Æø‡Æ™‡Øç‡Æ™‡ØÅ‡Æ≥‡Øç‡Æ≥ ‡Æ§‡Æô‡Øç‡Æï‡ÆÆ‡Øç ‡Æ™‡Æ±‡Æø‡ÆÆ‡ØÅ‡Æ§‡Æ≤‡Øç | #GoldSmugg‚Ä¶,‡Æ™‡Øá‡Æ∞‡ØÅ‡Æ®‡Øç‡Æ§‡Æø‡Æ≤‡Øç ‡Æ§‡Æô‡Øç‡Æï‡ÆÆ‡Øç ‡Æï‡Æü‡Æ§‡Øç‡Æ§‡Æø‡ÆØ‡Æµ‡Æ∞‡Øç‡Æï‡Æ≥‡ØÅ‡Æï‡Øç‡Æï‡ØÅ ‡ÆÖ‡Æ§‡Æø‡Æ∞‡Øç‡Æö‡Øç‡Æö‡Æø ‡Æï‡Øä‡Æü‡ØÅ‡Æ§‡Øç‡Æ§ ‡ÆÖ‡Æ§‡Æø‡Æï‡Ææ‡Æ∞‡Æø‡Æï‡Æ≥‡Øç! - ‡Æ∞‡ØÇ.3.32 ‡Æï‡Øã‡Æü‡Æø ‡ÆÆ‡Æ§‡Æø‡Æ™‡Øç‡Æ™‡ØÅ‡Æ≥‡Øç‡Æ≥ ‡Æ§‡Æô‡Øç‡Æï‡ÆÆ‡Øç ‡Æ™‡Æ±‡Æø‡ÆÆ‡ØÅ‡Æ§‡Æ≤‡Øç | #GoldSmuggling | https://t.co/DilBMy2MwG https://t.co/5uslLG4SMj,[3]
integlad1,@WileMac @Acosta So many idiotic persons there are in the US. Read and learn about how dictators have used FAKE News over the years. Mussolino and Hitler for example.,,[3]
birkett_elaine,"So delighted this young persons stand worked and he overturned the governments decision on BSL at GCSE level so he can be taught in his first language. Ireland will need to be progressive too around mainstreaming ISL in schools #Deafrights @Kevostan  

https://t.co/AwElKRVbFV",,[3]
Raviseetha,"There are such persons too in our country!

Former judge opts for greener pastures  https://t.co/7QN63l02XN",,[3]
H_NAILI,#DRCongo's North Kivu faces a new Ebola outbreak. The virus could have fatal consequences among the several thousands of displaced persons who fled violence:  https://t.co/zT0myebspJ,,[3]
LPBelgrave,Morning folks. Local Officers assisted our EMOPS colleagues last night. Persons arrested and now in custody. In other news Ben and Andy were on arrest attempts whilst other officers conducted patrols and local enquiries. It's a hot one today. Don't forget #CoverUpCampaign thanks https://t.co/FLKmO9mJ5m,,[3]
vinayainch,"@siddaramaiah @INCKarnataka As we know these news  channels belongs to BJP party persons, so they will definatelywork for rising image of bjp . So there should be no hesitation to condemn news anchor for his double-standard questions publically in debate",,[3]
gaw101,RT @MarcTennant: YES.  I was told of these and did not believe it when first told.  These are privacy breaches - it would be clasified as s‚Ä¶,YES.  I was told of these and did not believe it when first told.  These are privacy breaches - it would be clasified as so in any health org I know of.  https://t.co/XkdIfQpLtg  One persons data was handed to another unrelated person.,[3]
Bivi_17,"RT @SyrCoalition: Moussa: Return of Displaced Persons to their Homes Requires Safe &amp; Neutral Environment
https://t.co/kk2l43Omue
#Syria #ID‚Ä¶","Moussa: Return of Displaced Persons to their Homes Requires Safe &amp; Neutral Environment
https://t.co/kk2l43Omue
#Syria #IDPs #Refugess #SyrianRefugees https://t.co/F9iu67a9Tn",[3]
jerrymordy,The NPA says it has in collaboration with National Security and the Ghana Armed Forces arrested 17 persons engaged in smuggling and syphoning of oil in two separate operations. https://t.co/Terrf0ISRM,,[3]
MarcTennant,YES.  I was told of these and did not believe it when first told.  These are privacy breaches - it would be clasified as so in any health org I know of.  https://t.co/XkdIfQpLtg  One persons data was handed to another unrelated person.,,[3]
vikatanfan,"RT @vikatan: ‡Æ≤‡Æû‡Øç‡Æö ‡Æµ‡Æ¥‡Æï‡Øç‡Æï‡Æø‡Æ≤‡Øç ‡Æö‡Æø‡ÆÜ‡Æ∞‡Øç‡Æ™‡Æø‡Æé‡Æ™‡Øç ‡Æü‡Æø‡Æê‡Æú‡Æø ‡Æâ‡Æ≥‡Øç‡Æ≥‡Æø‡Æü‡Øç‡Æü 3 ‡Æ™‡Øá‡Æ∞‡ØÅ‡Æï‡Øç‡Æï‡ØÅ ‡Æö‡Æø‡Æ±‡Øà - ‡Æö‡Æø‡Æ™‡Æø‡Æê ‡Æ®‡ØÄ‡Æ§‡Æø‡ÆÆ‡Æ©‡Øç‡Æ±‡ÆÆ‡Øç ‡ÆÖ‡Æ§‡Æø‡Æ∞‡Æü‡Æø!
https://t.co/OdJNxrJgiN https://t.co/nRM2G7‚Ä¶","‡Æ≤‡Æû‡Øç‡Æö ‡Æµ‡Æ¥‡Æï‡Øç‡Æï‡Æø‡Æ≤‡Øç ‡Æö‡Æø‡ÆÜ‡Æ∞‡Øç‡Æ™‡Æø‡Æé‡Æ™‡Øç ‡Æü‡Æø‡Æê‡Æú‡Æø ‡Æâ‡Æ≥‡Øç‡Æ≥‡Æø‡Æü‡Øç‡Æü 3 ‡Æ™‡Øá‡Æ∞‡ØÅ‡Æï‡Øç‡Æï‡ØÅ ‡Æö‡Æø‡Æ±‡Øà - ‡Æö‡Æø‡Æ™‡Æø‡Æê ‡Æ®‡ØÄ‡Æ§‡Æø‡ÆÆ‡Æ©‡Øç‡Æ±‡ÆÆ‡Øç ‡ÆÖ‡Æ§‡Æø‡Æ∞‡Æü‡Æø!
https://t.co/OdJNxrJgiN https://t.co/nRM2G7W5rf",[3]
vikatanfan,RT @vikatan: ‡Æ™‡Øá‡Æ∞‡ØÅ‡Æ®‡Øç‡Æ§‡Æø‡Æ≤‡Øç ‡Æ§‡Æô‡Øç‡Æï‡ÆÆ‡Øç ‡Æï‡Æü‡Æ§‡Øç‡Æ§‡Æø‡ÆØ‡Æµ‡Æ∞‡Øç‡Æï‡Æ≥‡ØÅ‡Æï‡Øç‡Æï‡ØÅ ‡ÆÖ‡Æ§‡Æø‡Æ∞‡Øç‡Æö‡Øç‡Æö‡Æø ‡Æï‡Øä‡Æü‡ØÅ‡Æ§‡Øç‡Æ§ ‡ÆÖ‡Æ§‡Æø‡Æï‡Ææ‡Æ∞‡Æø‡Æï‡Æ≥‡Øç! - ‡Æ∞‡ØÇ.3.32 ‡Æï‡Øã‡Æü‡Æø ‡ÆÆ‡Æ§‡Æø‡Æ™‡Øç‡Æ™‡ØÅ‡Æ≥‡Øç‡Æ≥ ‡Æ§‡Æô‡Øç‡Æï‡ÆÆ‡Øç ‡Æ™‡Æ±‡Æø‡ÆÆ‡ØÅ‡Æ§‡Æ≤‡Øç | #GoldSmuggling |‚Ä¶,‡Æ™‡Øá‡Æ∞‡ØÅ‡Æ®‡Øç‡Æ§‡Æø‡Æ≤‡Øç ‡Æ§‡Æô‡Øç‡Æï‡ÆÆ‡Øç ‡Æï‡Æü‡Æ§‡Øç‡Æ§‡Æø‡ÆØ‡Æµ‡Æ∞‡Øç‡Æï‡Æ≥‡ØÅ‡Æï‡Øç‡Æï‡ØÅ ‡ÆÖ‡Æ§‡Æø‡Æ∞‡Øç‡Æö‡Øç‡Æö‡Æø ‡Æï‡Øä‡Æü‡ØÅ‡Æ§‡Øç‡Æ§ ‡ÆÖ‡Æ§‡Æø‡Æï‡Ææ‡Æ∞‡Æø‡Æï‡Æ≥‡Øç! - ‡Æ∞‡ØÇ.3.32 ‡Æï‡Øã‡Æü‡Æø ‡ÆÆ‡Æ§‡Æø‡Æ™‡Øç‡Æ™‡ØÅ‡Æ≥‡Øç‡Æ≥ ‡Æ§‡Æô‡Øç‡Æï‡ÆÆ‡Øç ‡Æ™‡Æ±‡Æø‡ÆÆ‡ØÅ‡Æ§‡Æ≤‡Øç | #GoldSmuggling | https://t.co/2BfL1cp17n https://t.co/UBbPo2rGZQ,[3]
JaniceHolstein,National Missing Persons Week 2018 https://t.co/koi0GG6MKm,,[3]
vikatanfan,"RT @vikatan: ‡Æµ‡Ææ‡Æü‡Øç‡Æ∏‡Øç‡ÆÖ‡Æ™‡Øç‡Æ™‡Æø‡Æ≤‡Øç ‡Æ§‡Æï‡Æµ‡Æ≤‡Øç... ‡Æï‡Øà‡ÆÆ‡Ææ‡Æ±‡ØÅ‡ÆÆ‡Øç ‡Æö‡ØÜ‡Æ≤‡Øç‡Æ™‡Øã‡Æ©‡Øç, ‡Æ™‡Æ£‡ÆÆ‡Øç! - ‡Æï‡Æ∞‡Øà‡Æµ‡Øá‡Æü‡Øç‡Æü‡Æø ‡Æï‡Æü‡Øç‡Æü‡Æø ‡Æ§‡Æø‡Æ∞‡ØÅ‡Æü‡Æø‡ÆØ ‡Æï‡Æø‡Æ≤‡Øç‡Æ≤‡Ææ‡Æü‡Æø‡Æï‡Æ≥‡Æø‡Æ©‡Øç ‡Æï‡Æ§‡Øà #ChennaiPolice #KaveryHospital

ht‚Ä¶","‡Æµ‡Ææ‡Æü‡Øç‡Æ∏‡Øç‡ÆÖ‡Æ™‡Øç‡Æ™‡Æø‡Æ≤‡Øç ‡Æ§‡Æï‡Æµ‡Æ≤‡Øç... ‡Æï‡Øà‡ÆÆ‡Ææ‡Æ±‡ØÅ‡ÆÆ‡Øç ‡Æö‡ØÜ‡Æ≤‡Øç‡Æ™‡Øã‡Æ©‡Øç, ‡Æ™‡Æ£‡ÆÆ‡Øç! - ‡Æï‡Æ∞‡Øà‡Æµ‡Øá‡Æü‡Øç‡Æü‡Æø ‡Æï‡Æü‡Øç‡Æü‡Æø ‡Æ§‡Æø‡Æ∞‡ØÅ‡Æü‡Æø‡ÆØ ‡Æï‡Æø‡Æ≤‡Øç‡Æ≤‡Ææ‡Æü‡Æø‡Æï‡Æ≥‡Æø‡Æ©‡Øç ‡Æï‡Æ§‡Øà #ChennaiPolice #KaveryHospital

https://t.co/lKxnDCHs2M https://t.co/prpdtAuG9n",[3]
2Rarely,"Chilean investigators target 158 persons in child sex abuse inquiry- La Croix International #Catholic #ChildAbuse #SexualAssault #CSA #CoverUp #Chile
@ENDCLERGYABUSE @Peter_Fox59 @SthrnSurvivors @ChrissieFoster7 @Smartcairns11 https://t.co/CXCptvWgx3 via @LaCroixInt",,[3]
cmalathi74,"RT @AnandaVikatan: ‡Æ≤‡Æû‡Øç‡Æö ‡Æµ‡Æ¥‡Æï‡Øç‡Æï‡Æø‡Æ≤‡Øç ‡Æö‡Æø‡ÆÜ‡Æ∞‡Øç‡Æ™‡Æø‡Æé‡Æ™‡Øç ‡Æü‡Æø‡Æê‡Æú‡Æø ‡Æâ‡Æ≥‡Øç‡Æ≥‡Æø‡Æü‡Øç‡Æü 3 ‡Æ™‡Øá‡Æ∞‡ØÅ‡Æï‡Øç‡Æï‡ØÅ ‡Æö‡Æø‡Æ±‡Øà - ‡Æö‡Æø‡Æ™‡Æø‡Æê ‡Æ®‡ØÄ‡Æ§‡Æø‡ÆÆ‡Æ©‡Øç‡Æ±‡ÆÆ‡Øç ‡ÆÖ‡Æ§‡Æø‡Æ∞‡Æü‡Æø!
https://t.co/fgjMcnnQch https://t.co/‚Ä¶","‡Æ≤‡Æû‡Øç‡Æö ‡Æµ‡Æ¥‡Æï‡Øç‡Æï‡Æø‡Æ≤‡Øç ‡Æö‡Æø‡ÆÜ‡Æ∞‡Øç‡Æ™‡Æø‡Æé‡Æ™‡Øç ‡Æü‡Æø‡Æê‡Æú‡Æø ‡Æâ‡Æ≥‡Øç‡Æ≥‡Æø‡Æü‡Øç‡Æü 3 ‡Æ™‡Øá‡Æ∞‡ØÅ‡Æï‡Øç‡Æï‡ØÅ ‡Æö‡Æø‡Æ±‡Øà - ‡Æö‡Æø‡Æ™‡Æø‡Æê ‡Æ®‡ØÄ‡Æ§‡Æø‡ÆÆ‡Æ©‡Øç‡Æ±‡ÆÆ‡Øç ‡ÆÖ‡Æ§‡Æø‡Æ∞‡Æü‡Æø!
https://t.co/fgjMcnnQch https://t.co/Wn8tHZmID4",[3]
teikokurecords,"Incl Burning Lazy Persons Remix
2x12 inch Vinyl Amiga Shock Force: Jump Subroutines EP
https://t.co/ZC3dI62D3a",,[3]
VoteVoice_News,"97 hurt in Mexican plane crash.

An Aeromexico flight carrying 103 persons crashed soon after takeoff due to heavy hailstorm in northern Mexico. https://t.co/khfam5iSgW

#Mexico #planecrash #hailstorm #worldnews #opinionpoll https://t.co/gmTg2qo3Lx",,[3]
Arunpaandiya,"News: Some Media persons are outraged that editors have been asked to step down for criticizing govt.

TamilMedia: Athulam Maanam ullavanga panrathu. Namma dan Vaangi kudichitome........... Tea
@news7tamil @News18TamilNadu @the_hindu @polimernews @PTTVOnlineNews 
#SoldOutTNMedia",,[3]
Rishilious22333,What companies and government are doing to empower persons with disabilities https://t.co/MUdrgUGdzB https://t.co/RWhWWY1hhv,,[3]
MuraleN,"‚Ä¢It is our responsibility to increase awareness &amp; create more opportunities for #PWD to rise up the corporate ladder, says @DeepaNarasimhan @DellEMCIndia #TrueAbility https://t.co/xLdzV2nstg",,[3]
MuraleN,"Our biggest learning has been to adopt a case-by-case approach to understand what each employee needs to be independent and empowered &amp; provide assistive technology or infrastructure accordingly, says @DeepaNarasimhan @DellEMCIndia #TrueAbility https://t.co/xLdzV2nstg",,[3]
beena4ever,Our biggest learning has been to adopt a case-by-case approach to understand what each employee needs to be independent/empowered &amp; provide assistive tech or infrastructure accordingly - @DeepaNarasimhan @DellEMCIndia #TrueAbility https://t.co/1C05FuT0qY via @EconomicTimes,,[3]
kapoorsatish45,"NO DOUBT FREE MEDIA IS LIFE LINE OF DEMOCRACY, BUT WHAT ABOUT PAID MEDIA ? WHAT ABOUT MEDIA PERSONS WHO BLACK MAIL &amp; EXTORT MONEY ? WHAT ABOUT MEDIA PERSONS WHO PLAY FALSE NEWS OR PLAY NEWS ON PARTICULAR AGENDA ? IN INDIA MOST OF MEDIA IS NOT FREE , FAIR &amp; HONEST. https://t.co/IpmZZfBeDy",,[3]
livenewskerala,‡¥µ‡¥£‡µç‡¥£‡¥™‡µç‡¥™‡µÅ‡¥±‡¥Ç ‡¥ï‡µä‡¥≤‡¥™‡¥æ‡¥§‡¥ï‡¥Ç: ‡¥∞‡¥£‡µç‡¥ü‡µÅ‡¥™‡µá‡¥∞‡µç‚Äç ‡¥ï‡¥∏‡µç‡¥±‡µç‡¥±‡¥°‡¥ø‡¥Ø‡¥ø‡¥≤‡µç‚Äç https://t.co/YBwH9hPz3J https://t.co/68axQ253Vy,,[3]
NewsMathrubhumi,"‡¥µ‡¥£‡µç‡¥£‡¥™‡µç‡¥™‡µÅ‡¥±‡¥Ç ‡¥ï‡µä‡¥≤‡¥™‡¥æ‡¥§‡¥ï‡¥Ç: ‡¥∞‡¥£‡µç‡¥ü‡µÅ‡¥™‡µá‡¥∞‡µç‚Äç ‡¥ï‡¥∏‡µç‡¥±‡µç‡¥±‡¥°‡¥ø‡¥Ø‡¥ø‡¥≤‡µç‚Äç 

https://t.co/P6pCpsO1R1 https://t.co/kotya3FkkY",,[3]
JoukoIkonen,"RT @AIU_Athletics: We have updated our list of persons serving a period of ineligibility in #Athletics, including those serving a sanction‚Ä¶","We have updated our list of persons serving a period of ineligibility in #Athletics, including those serving a sanction as a result of national level decisions. See the full list here https://t.co/2n07yZl9M8 #antidoping #FairPlay #trackandfield #news #sports",[3]
JohnTerryTresh,RT @Graphicgh: The National Petroleum Authority (NPA) say it has in collaboration with National Security and the Ghana Armed Forces arreste‚Ä¶,The National Petroleum Authority (NPA) say it has in collaboration with National Security and the Ghana Armed Forces arrested 17 persons engaged in smuggling and siphoning of oil in two separate operations. https://t.co/dQeOUcHAFq,[3]
lucero_vaca_,A rich person‚Äôs profession? Young conservationists struggle to make it https://t.co/TyLKsR31sp via @Mongabay,,[3]
mathrubhumi,"‡¥¨‡µÅ‡¥ß‡¥®‡¥æ‡¥¥‡µç‡¥ö ‡¥∞‡¥æ‡¥µ‡¥ø‡¥≤‡µÜ‡¥Ø‡¥æ‡¥£‡µç ‡¥µ‡¥£‡µç‡¥£‡¥™‡µç‡¥™‡µÅ‡¥±‡¥Ç ‡¥ï‡¥Æ‡µç‡¥™‡¥ï‡¥ï‡µç‡¥ï‡¥æ‡¥®‡¥Ç ‡¥ï‡¥æ‡¥®‡¥æ‡¥ü‡µç‡¥ü‡µç ‡¥µ‡µÄ‡¥ü‡µç‡¥ü‡¥ø‡¥≤‡µç‚Äç ‡¥ï‡µÉ‡¥∑‡µç‡¥£‡¥®‡µç‚Äç (54), ‡¥≠‡¥æ‡¥∞‡µç‡¥Ø ‡¥∏‡µÅ‡¥∂‡µÄ‡¥≤ (50), ‡¥Æ‡¥ï‡µç‡¥ï‡¥≥‡¥æ‡¥Ø ‡¥Ü‡¥∞‡µç‚Äç‡¥∑ (21), ‡¥Ö‡¥∞‡µç‚Äç‡¥ú‡µÅ‡¥®‡µç‚Äç (17) ‡¥é‡¥®‡µç‡¥®‡¥ø‡¥µ‡¥∞‡µÜ ‡¥µ‡µÄ‡¥ü‡¥ø‡¥®‡µÅ ‡¥∏‡¥Æ‡µÄ‡¥™‡¥Ç ‡¥ï‡µä‡¥®‡µç‡¥®‡µç ‡¥ï‡µÅ‡¥¥‡¥ø‡¥ö‡µç‡¥ö‡µÅ‡¥Æ‡µÇ‡¥ü‡¥ø‡¥Ø‡¥®‡¥ø‡¥≤‡¥Ø‡¥ø‡¥≤‡µç‚Äç ‡¥ï‡¥£‡µç‡¥ü‡µÜ‡¥§‡µç‡¥§‡¥ø‡¥Ø‡¥§‡µç. https://t.co/nsiRYOapqq https://t.co/8bdEmOXs1O",,[3]
EastCoast911IA,MAGA News! Thank you for following us!! check us out on facebook at East Coast 911 Incident Alerts or East Coast 911 Missing Persons and Amber Alerts,,[3]
JamieAtSR,"Think of everyone this weekend when #HeatwaveUK hits. No one knows the next persons story, you can't read a book by just looking at the cover! As the man says at the end, give food and water, not just money! 

#homelessness #foodbanks
#givewater #heatwave

https://t.co/br9CJvSkT8",,[3]
Mugerwa_Ahmed,"RT @newvisionwire: A day in the life of a crippled

""We came here as a result of insurgency in northern Uganda by Kony rebels. It was not e‚Ä¶","A day in the life of a crippled

""We came here as a result of insurgency in northern Uganda by Kony rebels. It was not easy for the disabled persons like me. When the rebels attached our area, people would run and leave me behind,‚Äù he... https://t.co/oqG4l7Udl0",[3]
Graphicgh,The National Petroleum Authority (NPA) say it has in collaboration with National Security and the Ghana Armed Forces arrested 17 persons engaged in smuggling and siphoning of oil in two separate operations. https://t.co/dQeOUcHAFq,,[3]
GBeeNews,"About 12 schools have been set on fire by unknown persons in the #Diamer district of #GilgitBaltistan. According to initial reports, explosives have also been used while a search operation by police is currently underway.

Photos: @SaleemMehsud

#GBee #News #Education #Chilas https://t.co/rsGW8kJcko",,[3]
friendsofeyeway,"Appoint independent State Commissioner for persons with disabilities, UT Admn told https://t.co/6cCjWwDvTw via @thetribunechd",,[3]
ScoFoIndia,"Appoint independent State Commissioner for persons with disabilities, UT Admn told https://t.co/mDqMAI7Pyc via @thetribunechd",,[3]
suresh_hemnani7,"‡§®‡§∏‡§¨‡§Ç‡§¶‡•Ä ‡§ï‡•á ‡§¨‡§æ‡§¶ ‡§≠‡•Ä ‡§Ü‡§† ‡§ú‡§®‡•ã‡§Ç ‡§∏‡•á ‡§∞‡§ö‡§æ‡§à ‡§•‡•Ä ‡§∂‡§æ‡§¶‡•Ä
https://t.co/LAi63sNvGb",,[3]
twtyho,"@JPNadda
@PiyushGoyal @LabourMinistry
What companies and government are doing to empower persons with disabilities
https://t.co/D7s48zbgZq",,[3]
truevisionnews,‡¥µ‡¥£‡µç‡¥£‡¥™‡µç‡¥™‡µÅ‡¥±‡¥§‡µç‡¥§‡µÜ ‡¥®‡¥æ‡¥≤‡¥Ç‡¥ó ‡¥ï‡µÅ‡¥ü‡µÅ‡¥Ç‡¥¨‡¥Ç ‡¥ï‡µä‡¥≤‡µç‡¥≤‡¥™‡µç‡¥™‡µÜ‡¥ü‡µç‡¥ü ‡¥ï‡µá‡¥∏‡¥ø‡¥≤‡µç‚Äç ‡¥∞‡¥£‡µç‡¥ü‡µç ‡¥™‡µá‡¥∞‡µç‚Äç ‡¥ï‡¥∏‡µç‡¥±‡µç‡¥±‡¥°‡¥ø‡¥Ø‡¥ø‡¥≤‡µç‚Äç read more...https://t.co/x8FcYLfiaA https://t.co/x8FcYLfiaA,,[3]
DGAP_News_Int,PJSC Magnitogorsk Iron and Steel Works: Notification and public disclosure of transactions by person... https://t.co/kTrxHVfs3p,,[3]
DGAP_UK_Reg,PJSC Magnitogorsk Iron and Steel Works: Notification and public disclosure of transactions by person... https://t.co/PdjN2yIFt7,,[3]
news_umu,"RT @DeeOneAyekooto: President Buhari has invited 83-year-old Imam of Nghar village, Alh Abdullahi Abubakar, to Abuja for a handshake and na‚Ä¶","President Buhari has invited 83-year-old Imam of Nghar village, Alh Abdullahi Abubakar, to Abuja for a handshake and national honour. The Imam saved about 300 persons on June 24 when suspected herdsmen invaded about 15 communities in Barkin Ladi LGA, killing over 200 persons.",[3]
IndianNews__,#India #Indiabiz What companies and government are doing to empower persons with disabilities https://t.co/R1LIFVSusR,,[3]
whispers_news,Persons with disabilities in Central Govt eligible to draw Transport Allowance at double rates https://t.co/6SvZwG8cOL,,[3]
whispers_news,"In 45 days, 5 persons awarded death sentence in Madhya Pradesh https://t.co/FMa58JcSyD",,[3]
ZaffarBaloch,"#ChiefJusticePakistan cautioned that Supreme Court might consider taking the issue of missing persons as a serious violation of #humanrights under Article 184(3) of the Constitution in case no improvement was shown to arrest the alarming situation.
 https://t.co/3wnuGIbU8c",,[3]
shaigle,"Missing persons, CPEC top-most party priority for alliance: Akhtar Mengal
#Balochistan #News #CPEC #MissingPersons
 https://t.co/A9JJZnBfM6 https://t.co/jzp38ph63U",,[3]
NYCTSubway,@p_moos Sorry for the late reply. Here is information regarding the handling of persons in need of medical assistance in stations with different scenarios: https://t.co/1x0MjrcAqs ^JG,,[3]
shuja98,"The chief justice, who presided over a high-profile meeting on the issue of missing persons at the Supreme Court, also emphasised that it was the duty of the departments concerned to guard their image and clear the issue to the extent of... https://t.co/MHOT6GEukO",,[3]
JagbirS50684281,"@Narendramodi_PM @htTweets @HinduNatl @PTI_News @ZeeNews @RohitSardanaAjT @ndtv @IndianExpress @timesofindia @indiatvnews ‡§ö‡•Å‡§®‡§æ‡§µ‡•ã‡§Ç ‡§¨‡•Ç‡§•-‡§≤‡•Ç‡§ü ‡§™‡§æ‡§∞‡•ç‡§ü‡•Ä ‡§®‡§π‡•Ä ‡§ö‡§æ‡§π‡§§‡•Ä SC/ ST,weak
Persons cast their Votes without any
Fears/Criminal Parties 1952 to 2005 are Castings their Votes Booths Capture
SC/St never cast their Votes 2005.EVM'
Villager's cast their Votes? Criminal Party's""Yuga return/By Ballets Both-Cap
Ag?",,[3]
ranatahircol,"@Dawn_News You shd have mentioned Chinese companies being run by Chinese 
Army,by in service , Army persons,. your intentions are very clear.Hate to see incomplete information on paper like you.",,[3]
GoacomBytes,"Goacom Breaking: #Calangute police arrested 3 accused persons absconding in murder &amp; crimes related to Maratha Arakshan Morcha  in Navi- #Mumbai , Mumbai police arrived in #Goa, took custody of trio &amp; left for Mumbai for further investigations #navimumbai #news #crime.",,[3]
GilBlue45,The Cornerstone of freedom is a free press when people start calling the news fake news because it offends their ego and people accept this and follow that persons words that is one more step towards a dictatorship,,[3]
the_hindu,A bank manager was conned by two persons who palmed off a bar of soap after promising to sell a phone https://t.co/AGpbJxf5ub,,[3]
DaddyOfTrump,RT @the_hindu: The prosecution of accused persons in almost 100 confirmed cases instituted under the Benami Transactions (Prohibition) Act‚Ä¶,"The prosecution of accused persons in almost 100 confirmed cases instituted under the Benami Transactions (Prohibition) Act has scuttled 
 https://t.co/gIL7I3nL0f",[3]
MMoazzamAli6,"RT @dawn_com: A far larger number of persons are shown as missing than actual, meeting told.

https://t.co/aXnoSJESpn","A far larger number of persons are shown as missing than actual, meeting told.

https://t.co/aXnoSJESpn",[3]
aadityahbti,RT @EasternSentinel: More than 100 persons without ILP were caught by police during an intensified checking conducted within the twin capit‚Ä¶,"More than 100 persons without ILP were caught by police during an intensified checking conducted within the twin capital cities¬†

https://t.co/KL9NotKhjK",[3]
democracyforAb,While the government has decided we needed a voice it is still silent disabled persons need to stand up. Alberta legislature unanimously approves creation of disability advocate https://t.co/2ziV7MCec1,,[3]
itsMasalaMarkay,CJP stresses improvement in solution of missing persons issue https://t.co/QkrWfLYxth https://t.co/wK64f4YzNe,,[3]
nbcchicago,Man charged with biting off part of person‚Äôs ear in front of Art Institute https://t.co/0X4DXvxdyH https://t.co/KybT77zPtf,,[3]
Pravin24079773,"@SirRavish_ One news channel facilitating its own intrest and some wise persons  even utilising this against Modi
Same shame",,[3]
Positive_bottom,RT @cnnphilippines: Senate OKs mandatory PhilHealth coverage for PWDs https://t.co/MZt1vULWrc https://t.co/akHVZS8gya,Senate OKs mandatory PhilHealth coverage for PWDs https://t.co/MZt1vULWrc https://t.co/akHVZS8gya,[3]
scottpw7,RT @scottpw7: @soledadobrien need to get all persons at sanders news conference to laugh at her every time she lies/ speaks .,@soledadobrien need to get all persons at sanders news conference to laugh at her every time she lies/ speaks .,[3]
EventsDiaryNIG,Displaced persons lament planned withdrawal of police from camps https://t.co/3QFVX4O1LH https://t.co/t1HE42Cvke,,[3]
scottpw7,@soledadobrien need to get all persons at sanders news conference to laugh at her every time she lies/ speaks .,,[3]
socratesj,@freedom_moates Now I understand why Fox is so popular with you folk. It was an opinion piece. It doesn't reflect the views of CNN nor is it a news piece it was that persons opinion. Just like Hannity is opinion journalist so was this piece as far as anyone knows he could be a Republican.,,[3]
happylarka,"A far larger number of persons are shown as missing than actual, meeting told.

https://t.co/qxYmQvVvkW",,[3]
dawn_com,"A far larger number of persons are shown as missing than actual, meeting told.

https://t.co/aXnoSJESpn",,[3]
KHELYY,RT @ChannelNewsAsia: 8 seniors on a social media mission to build a S$15-million home https://t.co/Uvj93O6zNR https://t.co/quiiboT0Mn,8 seniors on a social media mission to build a S$15-million home https://t.co/Uvj93O6zNR https://t.co/quiiboT0Mn,[3]
runswithwaves,"RT @TATKylla: Poverty is driving trafficking of persons. Nearly 80 percent of the victims are women and girls, predominantly trafficked for‚Ä¶","Poverty is driving trafficking of persons. Nearly 80 percent of the victims are women and girls, predominantly trafficked for sexual exploitation. The unemployment rate is high, and all they want... https://t.co/nf9iwWNiTl",[3]
RetireatHomeBG,New algorithm helps first responders better assist seniors in disasters https://t.co/DEUBJvbagw,,[3]
sairaahmad888,@GVS_News Imran will do whatever necessary for Pakistan's stability so he will be on the top list of enemy countries as they love to have persons like NS and Altaf Hussain to do whatever they want.ü§î,,[3]
MyParadiseMoon,NCPD Missing Persons Squad Seeking Female Teen from Oceanside https://t.co/PsAgxCI5OT,,[3]
chrizap,"What the retreat of Western liberal values looks like...""illiberal persons from around the world basically flocking to Cambodia to become cogs in Hun Sen's propaganda machine"" The European populists monitoring 'sham' elections - BBC News https://t.co/zDVv9pnMaD",,[3]
AWiseLatina,"@ShaunKing Might be the same persons. #gangstalking
#TargetedIndividual you will now learn how they operate. You were targeted the day you refused to "" play by their""white"" rules years ago. Daily News should be able to assign reporters and blow wide open this dastardly operation https://t.co/qrhHYjzQyh",,[3]
DebRuprecht,RT @TomokoKinger: One of my #awesome staff @Arsalanafzal1 @WW_LHIN made great contribution to this work with @UWaterloo  https://t.co/cp3em‚Ä¶,One of my #awesome staff @Arsalanafzal1 @WW_LHIN made great contribution to this work with @UWaterloo  https://t.co/cp3em8VjUX,[3]
RichardCrs1932,"@Acosta You are a hypocrite. Any press which pushed its own bias and agenda is the enemy of the people because fake news hurts   All@persons.  CNN supports, condones and encourages attacks on any person who supports Trump. Look in the mirror at yourself and you should then really be sad.",,[3]
gracefkacha,"RT @MarkBareta: Colonial Forces and a Few Hungry Civilians Attend Anti-revolutionary Protest in Buea

In a show of misplaced courage and de‚Ä¶","Colonial Forces and a Few Hungry Civilians Attend Anti-revolutionary Protest in Buea

In a show of misplaced courage and defiance, colonial mayor of Buea brought together less than 100 persons on July... https://t.co/b2ybJ551P6",[3]
curiouswoman3,"RT @Scarlett4281950: @Acosta I am saddened that persons portraying themselves to be journalists, such as yourself, try to BE THE NEWS and n‚Ä¶","@Acosta I am saddened that persons portraying themselves to be journalists, such as yourself, try to BE THE NEWS and not report the news. You need a show all your own so you can be the star you tell yourself you are. It is you who are a shameful HEADLINE GRABBER &amp; enemy of the people.",[3]
vishnu2gandhi,RT @GlobalBizzing: Americans running business overseas face huge bills from tax provisions aimed at corporate behemoths https://t.co/42N90G‚Ä¶,Americans running business overseas face huge bills from tax provisions aimed at corporate behemoths https://t.co/42N90G8uiO #FATCA &amp; #CBT are a Kafkaesque financially ruinous nightmare for US persons abroad @60minutes @lastweektonight,[3]
wlLakenews,"SPECIAL AIR QUALITY STATEMENT , Williams Lake - Persons in or near this area should be on the lookout for adverse weather conditions and take necessary safety precautions. Issued: 12:37 PM PDT Thursday 02 August 2018 - Stay tuned to Share Your News for W‚Ä¶ https://t.co/23pm11V5V3 https://t.co/KxNpeCpM39",,[3]
wlLakenews,"SEVERE THUNDERSTORM WATCH ENDED, Williams Lake - Persons in or near this area should be on the lookout for adverse weather conditions and take necessary safety precautions. Issued: 6:35 PM PDT Thursday 02 August 2018 - Stay tuned to Share Your News for W‚Ä¶ https://t.co/heb9FAnnTw https://t.co/6KVVdSg6gT",,[3]
MissAmiaSays,And it happened again- another white person calls cops on a black persons for.... suspicion and ‚Äúlooks out of place‚Äù but wait.. the cop apologized for the call.. at least he did.. this is fucking ridiculous.  https://t.co/HrHC03hnCR,,[3]
Frizzlefrazz1,"Across the USA in 2017, the National Center for Missing &amp; Exploited Children said it assisted law enforcement and families with more than 27,000 cases of missing children. That averages about 75 a day. https://t.co/5OXDEkIjZD via @usatoday",,[3]
vikatan,"‡Æ≤‡Æû‡Øç‡Æö ‡Æµ‡Æ¥‡Æï‡Øç‡Æï‡Æø‡Æ≤‡Øç ‡Æö‡Æø‡ÆÜ‡Æ∞‡Øç‡Æ™‡Æø‡Æé‡Æ™‡Øç ‡Æü‡Æø‡Æê‡Æú‡Æø ‡Æâ‡Æ≥‡Øç‡Æ≥‡Æø‡Æü‡Øç‡Æü 3 ‡Æ™‡Øá‡Æ∞‡ØÅ‡Æï‡Øç‡Æï‡ØÅ ‡Æö‡Æø‡Æ±‡Øà - ‡Æö‡Æø‡Æ™‡Æø‡Æê ‡Æ®‡ØÄ‡Æ§‡Æø‡ÆÆ‡Æ©‡Øç‡Æ±‡ÆÆ‡Øç ‡ÆÖ‡Æ§‡Æø‡Æ∞‡Æü‡Æø!
https://t.co/OdJNxrJgiN https://t.co/nRM2G7W5rf",,[3]
AnandaVikatan,"‡Æ≤‡Æû‡Øç‡Æö ‡Æµ‡Æ¥‡Æï‡Øç‡Æï‡Æø‡Æ≤‡Øç ‡Æö‡Æø‡ÆÜ‡Æ∞‡Øç‡Æ™‡Æø‡Æé‡Æ™‡Øç ‡Æü‡Æø‡Æê‡Æú‡Æø ‡Æâ‡Æ≥‡Øç‡Æ≥‡Æø‡Æü‡Øç‡Æü 3 ‡Æ™‡Øá‡Æ∞‡ØÅ‡Æï‡Øç‡Æï‡ØÅ ‡Æö‡Æø‡Æ±‡Øà - ‡Æö‡Æø‡Æ™‡Æø‡Æê ‡Æ®‡ØÄ‡Æ§‡Æø‡ÆÆ‡Æ©‡Øç‡Æ±‡ÆÆ‡Øç ‡ÆÖ‡Æ§‡Æø‡Æ∞‡Æü‡Æø!
https://t.co/fgjMcnnQch https://t.co/Wn8tHZmID4",,[3]
TheatreofZen,"All this various news reports about women being placed in these uncomfortable situations with transitioning persons is troubling. If someone doesn't want to be in private settings with someone transitioning, for both of their sake, separate them. Jesus! https://t.co/zV2uWpHCGs",,[3]
wlLakenews,"SEVERE THUNDERSTORM WATCH , Williams Lake - Persons in or near this area should be on the lookout for adverse weather conditions and take necessary safety precautions. Issued: 5:47 PM PDT Thursday 02 August 2018 - Stay tuned to Share Your News for Willia‚Ä¶ https://t.co/kZea4DuPgg https://t.co/eaHFRJGc6R",,[3]
rev_elbee,RT @UMWomen: Spiritual practices can help us be whole persons in Jesus Christ and create space for God in our lives. Read more from the Jul‚Ä¶,Spiritual practices can help us be whole persons in Jesus Christ and create space for God in our lives. Read more from the July/August issue of response magazine: https://t.co/BbwJ9yDgHx https://t.co/It5PVXOWJQ,[3]
MAUDEly51885382,@TimeforTruth16 @realDonaldTrump He is the deep state and the fake news.  God is no respecter of persons.,,[3]
Scarlett4281950,"@Acosta I am saddened that persons portraying themselves to be journalists, such as yourself, try to BE THE NEWS and not report the news. You need a show all your own so you can be the star you tell yourself you are. It is you who are a shameful HEADLINE GRABBER &amp; enemy of the people.",,[3]
ajamuparry,You don‚Äôt mistakenly edit a persons name out a track. Sorry but that don‚Äôt jive ‚Å¶@EA‚Å©  https://t.co/04As9TTnGE,,[3]
EasternSentinel,"More than 100 persons without ILP were caught by police during an intensified checking conducted within the twin capital cities¬†

https://t.co/KL9NotKhjK",,[3]
JWAYNEWW2012,"RT @xjrh20xx: @AmoneyResists Imran Awan. Anthony Weiner. James Wolfe. Joshua Schulte. (more coming)

#WWG1WGA

https://t.co/G2aTfAXS4k

htt‚Ä¶","@AmoneyResists Imran Awan. Anthony Weiner. James Wolfe. Joshua Schulte. (more coming)

#WWG1WGA

https://t.co/G2aTfAXS4k

https://t.co/JrBm4IGdyt",[3]
SUSHIL1402,"@sardesairajdeep @ppbajpai @milindkhandekar Instead of talking about ABP news channel ...y don't raise issues of common man such as price of onion,tomato, grains,pulses etc., MSM, DBT, e-governance?

We hardly watch ABP news.

Note - GoI is answerable to people no a News channel or persons.",,[3]
Vikiv52,"@ABC Way to go Sarah, the people in the media have always been bullies.   They don‚Äôt care, no empathy when someone has lost a loved one.  They go in head first not caring about the persons feelings.  They are harsh and just plain mean.  They report fake news and have no respect.",,[3]
Wired_Social,8 seniors on a #SocialMedia mission to build a S$15-million home https://t.co/ILpM5Fj80Y,,[3]
gr8wheels,"#Ontario's Minister of Social Services Lisa MacLeod calls persons with #disabilities ""unproductive members of society"" #ONpoli

#Resign...#SHAMEFUL 

‚ÄúWe want to get people back on track and make them productive members of society where that‚Äôs possible.‚Äù 

https://t.co/AkJF3OtCZH",,[3]
ChrisCarterKWQC,"Specialized equipment was brought in Thursday to search for Hawk Newberry. The search turned up empty-handed. Now, questions are being raised about the Rock Island Fire Department's response by at least one nonprofit. https://t.co/mEy13RupRX",,[3]
MauriceJaiy,"RT @DrAteghang: Union to embark on action over detained academics - University World News.
""The unlawful repatriation of lawful persons is‚Ä¶","Union to embark on action over detained academics - University World News.
""The unlawful repatriation of lawful persons is a clear case of rights violation,‚Äù said Harstrop.
#FreeAyukTabe #FreeAllArrested #AmbazoniaPrisonersOfConscience @AIPC_HRO @apocsnet https://t.co/iI3e2ZWHtu",[3]
cynthersss,"Pitbulls are NOT vicious, they are not evil dogs, they ARE amazing, loving, dogs. It‚Äôs disgusting that humans blame the animal for the persons mistakes. Put down the human that hurts an animal, NOT the animal. I‚Äôm sick of hearing the news make pitbulls out to be monsters.",,[3]
austinreps,New article: Solicitation for Social Services for Persons Living with HIV: https://t.co/p9aEJacW5S,,[3]
SherazKhanTT,RT @cnewslive: Three persons are now in police custody after four illegal firearms were seized by officers overnight.    https://t.co/aGjdG‚Ä¶,Three persons are now in police custody after four illegal firearms were seized by officers overnight.    https://t.co/aGjdGMZTHw,[3]
fijivillage,"United Blind Persons of Fiji receives $5000 cheque from FNU 
#FijiNews 
https://t.co/dPO6NmUezF https://t.co/6TujTfogmU",,[3]
Vero_Glass,J'ai ajout√© une vid√©o √† une playlist @YouTube¬†- Missing Persons Interview. Dale &amp; Terry Bozzio Headline News?,,[3]
cnewslive,Three persons are now in police custody after four illegal firearms were seized by officers overnight.    https://t.co/aGjdGMZTHw,,[3]
wlLakenews,"SEVERE THUNDERSTORM WATCH , Williams Lake - Persons in or near this area should be on the lookout for adverse weather conditions and take necessary safety precautions. Issued: 3:54 PM PDT Thursday 02 August 2018 - Stay tuned to Share Your News for Willia‚Ä¶ https://t.co/NeEB6BE8mi https://t.co/CWEm0hG60k",,[3]
Calrecord,The man accused of the violent murder of St. Johnsbury resident Tim Persons has given up his fight to be released on bail pending trial. https://t.co/yolJCZqkG4,,[3]
melodile2015,"Frustrated with police, Milwaukee families with missing relatives turn to social media, activists https://t.co/9raL0sWFXT via @journalsentinel",,[3]
