QTweather,RT @Millennial_Rule: Oregon earthquake MAP: Tremors felt as far as Portland as 6.3 magnitude quake hits https://t.co/v3UX0XWGbV https://t.câ€¦,Oregon earthquake MAP: Tremors felt as far as Portland as 6.3 magnitude quake hits https://t.co/v3UX0XWGbV https://t.co/GStnLQEvTq,Wed Aug 22 15:49:22 +0000 2018
dshneiderman,RT @rachellekrygier: Magnitude 7.3 quake hits northern Venezuela coast - USGS https://t.co/ueSxy94MpD,Magnitude 7.3 quake hits northern Venezuela coast - USGS https://t.co/ueSxy94MpD,Wed Aug 22 15:49:09 +0000 2018
theBigSandbox,"QUAKE! Magnitude 4.8, 299km NNE of Ndoi Island, Fiji on August 22nd 2018 at 11:28 am ET. https://t.co/nlIZhjOk8C",,Wed Aug 22 15:49:03 +0000 2018
dshneiderman,RT @rachellekrygier: And a 7 magnitude quake! https://t.co/EXGbetlDXy,And a 7 magnitude quake! https://t.co/EXGbetlDXy,Wed Aug 22 15:48:58 +0000 2018
Hailey_ann97,RT @ThePortlandTrib: A series of earthquakes rattled the Oregon Coast Wed morning. @PNSN1 reported that a 6.2 magnitude quake hit about 2:3â€¦,A series of earthquakes rattled the Oregon Coast Wed morning. @PNSN1 reported that a 6.2 magnitude quake hit about 2:30 a.m. Aug. 22 near Bandon. A 3.5 magnitude aftershock hit at 4:10 a.m. and a 3.2 hit at about 4:25 a.m. No tsunami or damage was reported. #PNSN1 #earthquake https://t.co/pnx9H6DDKB,Wed Aug 22 15:48:19 +0000 2018
ThePortlandTrib,A series of earthquakes rattled the Oregon Coast Wed morning. @PNSN1 reported that a 6.2 magnitude quake hit about 2:30 a.m. Aug. 22 near Bandon. A 3.5 magnitude aftershock hit at 4:10 a.m. and a 3.2 hit at about 4:25 a.m. No tsunami or damage was reported. #PNSN1 #earthquake https://t.co/pnx9H6DDKB,,Wed Aug 22 15:47:00 +0000 2018
dwatchnews_nam,Magnitude 6.2 offshore quake hits west of Oregon: USGS https://t.co/ArWelpgMMI,,Wed Aug 22 15:46:59 +0000 2018
D2webservices,Magnitude 6.2 offshore quake hits west of Oregon:Â USGS https://t.co/3kecVrEmoT https://t.co/KMPCMv7ReD,,Wed Aug 22 15:46:36 +0000 2018
GGG_says,RT @RawStory: Magnitude 6.3 offshore quake hits west of Oregon: USGS https://t.co/ouRAD2lLHk,Magnitude 6.3 offshore quake hits west of Oregon: USGS https://t.co/ouRAD2lLHk,Wed Aug 22 15:43:48 +0000 2018
D2webservices,Magnitude 6.2 offshore quake hits west of Oregon:Â USGS https://t.co/w5jRu8QlGC https://t.co/xMtpZD7UHc,,Wed Aug 22 15:43:43 +0000 2018
exitcrew91,Magnitude 6.2 offshore quake hits west of Oregon: USGS https://t.co/n96aqZAJ0T https://t.co/scdMt1epYq,,Wed Aug 22 15:43:07 +0000 2018
EcoInternet3,Magnitude 6.3 offshore quake hits west of Oregon: USGS: Reuters https://t.co/nrgvc1mQ89,,Wed Aug 22 15:42:58 +0000 2018
1Barbara1,"EARTHQUAKE TERROR Oregon earthquake â€“ Massive 6.3 magnitude tremor rocks US West Coast sparking fears â€˜the Big Oneâ€™ WILL hit America
The quake registered at a depth of six miles and 188 miles off... https://t.co/UWK3tbSxqg",,Wed Aug 22 15:42:48 +0000 2018
ShootersReview1,RT @LegacyPremium: Yellowstoneâ€™s greatest geological threat isnâ€™t a supervolcano. Itâ€™s a magnitude-7 earthquake. https://t.co/Mm78V2qAPf #pâ€¦,Yellowstoneâ€™s greatest geological threat isnâ€™t a supervolcano. Itâ€™s a magnitude-7 earthquake. https://t.co/Mm78V2qAPf #preppers #survival #shtf #earthquake #yellowstone #guns #camping #hiking https://t.co/SH8Jsrsdkh,Wed Aug 22 15:42:02 +0000 2018
LegacyPremium,Yellowstoneâ€™s greatest geological threat isnâ€™t a supervolcano. Itâ€™s a magnitude-7 earthquake. https://t.co/Mm78V2qAPf #preppers #survival #shtf #earthquake #yellowstone #guns #camping #hiking https://t.co/SH8Jsrsdkh,,Wed Aug 22 15:41:46 +0000 2018
vistapostng,"Panic, No Fatalities After 7.3 Magnitude Quake Hit Venezuela https://t.co/IArgJ5u6GC",,Wed Aug 22 15:41:33 +0000 2018
Millennial_Rule,Oregon earthquake MAP: Tremors felt as far as Portland as 6.3 magnitude quake hits https://t.co/v3UX0XWGbV https://t.co/GStnLQEvTq,,Wed Aug 22 15:41:08 +0000 2018
EcoInternet3,Magnitude 6.2 offshore quake hits west of Oregon: USGS: Reuters https://t.co/cYm7egh24H,,Wed Aug 22 15:40:58 +0000 2018
Sisilopez,"RT @ricardodallen: 6.2 Magnitude quake just hit Trinidad! Electricity out in many areas. 

Prayers up to all my T&amp;T friends, family and busâ€¦","6.2 Magnitude quake just hit Trinidad! Electricity out in many areas. 

Prayers up to all my T&amp;T friends, family and business partners!

Trinidad ðŸ‡¹ðŸ‡¹ 

Video Credits: Not sure. But hereâ€™s an earthquake hat just happened. https://t.co/dbeB3GqAQl",Wed Aug 22 15:40:38 +0000 2018
abridgment_new,"Magnitude 7.3 quake strikes off Venezuelan coast - CNN #Venezuela earthquake #news
https://t.co/TZfvvIN7IQ
https://t.co/3zg7ehLPtm https://t.co/pBmGfUgTMT",,Wed Aug 22 15:40:30 +0000 2018
labreagal,This quake was felt in Trinidad at the strength of 6.8 on the Richter scale. They are experiencing aftershocks today. https://t.co/Axy2EwHlnd,,Wed Aug 22 15:40:09 +0000 2018
StarboyOfEarth,RT @ReutersUS: Magnitude 6.2 offshore quake hits west of Oregon: USGS https://t.co/QDwh5Alepp,Magnitude 6.2 offshore quake hits west of Oregon: USGS https://t.co/QDwh5Alepp,Wed Aug 22 15:39:31 +0000 2018
TheArticleTrunk,Magnitude 6.2 offshore quake hits west of Oregon:Â USGS https://t.co/SEC9FtAmfh,,Wed Aug 22 15:38:48 +0000 2018
Twindog4Lavon,RT @Reuters: Magnitude 6.3 offshore quake hits west of Oregon: USGS https://t.co/X2Itysb2Md,Magnitude 6.3 offshore quake hits west of Oregon: USGS https://t.co/X2Itysb2Md,Wed Aug 22 15:38:32 +0000 2018
ChaimIsrael1,Northern Venezuela hit by a magnitude-7.3 quake https://t.co/iGBmkmDyU6 via @WSJ,,Wed Aug 22 15:37:33 +0000 2018
caselvis58,RT @Reuters: Magnitude 6.2 offshore quake hits west of Oregon: USGS https://t.co/BewBoHJahO,Magnitude 6.2 offshore quake hits west of Oregon: USGS https://t.co/BewBoHJahO,Wed Aug 22 15:36:47 +0000 2018
shalbano,Magnitude 6.2 offshore quake hits west of Oregon:Â USGS https://t.co/EbaPVo1Vxb https://t.co/bsjxDIJcRD,,Wed Aug 22 15:35:36 +0000 2018
iscarlaguzman,RT @spectatorindex: BREAKING: Tsunami alert for coastal areas of Venezuela after 7.3 magnitude quake,BREAKING: Tsunami alert for coastal areas of Venezuela after 7.3 magnitude quake,Wed Aug 22 15:34:16 +0000 2018
shalbano,Magnitude 6.2 offshore quake hits west of Oregon:Â USGS https://t.co/H17oe21GvD https://t.co/PGIDxzGlNj,,Wed Aug 22 15:32:03 +0000 2018
WARRIORNUCLEAR,RT @TOIWorld: Magnitude 6.2 offshore quake hits west of Oregon: USGS https://t.co/YGQIoTNf47,Magnitude 6.2 offshore quake hits west of Oregon: USGS https://t.co/YGQIoTNf47,Wed Aug 22 15:30:27 +0000 2018
MikeSchuler,6.2 magnitude quake off Oregon. No tsunami expected. https://t.co/KTb0cVJpYC,,Wed Aug 22 15:30:14 +0000 2018
D2webservices,Magnitude 6.2 offshore quake hits west of Oregon:Â USGS https://t.co/5Nk6aauwk1 https://t.co/TlHLg4KKVi,,Wed Aug 22 15:28:30 +0000 2018
ITNewsRwanda,Magnitude 6.3 offshore quake hits west of Oregon: USGS â€“Â CNBC https://t.co/cETiHfUKqs,,Wed Aug 22 15:26:21 +0000 2018
theBigSandbox,"QUAKE! Magnitude 5, 104km SSE of Shizunai, Japan on August 22nd 2018 at 11:06 am ET. https://t.co/rzxvMlb6MQ",,Wed Aug 22 15:26:03 +0000 2018
kim_iam,RT @AdamsFlaFan: Magnitude 6.2 offshore quake hits west of Oregon: USGS https://t.co/7atwxCw7V7,Magnitude 6.2 offshore quake hits west of Oregon: USGS https://t.co/7atwxCw7V7,Wed Aug 22 15:22:19 +0000 2018
distressedvol,Magnitude 6.2 offshore quake hits west of Oregon: USGS https://t.co/PT7IWwhiGu,,Wed Aug 22 15:21:32 +0000 2018
AngAngieAngela,Magnitude 6.2 offshore quake hits west of Oregon: USGS https://t.co/e8vz50OBt7,,Wed Aug 22 15:21:19 +0000 2018
freedomgirl2011,"Earthquake news for August 22 #WednesdayWisdom 
6.2 magnitude earthquake reported off the Oregon coast in United States
Venezuela 7.3 earthquake: Largest quake of 20th and 21st centuries felt as far as TRINIDAD",,Wed Aug 22 15:20:56 +0000 2018
mark_shim,RT @choonsikyoo: Magnitude 6.2 offshore quake hits west of Oregon: USGS (Reuters) https://t.co/2uZQEBRcwK,Magnitude 6.2 offshore quake hits west of Oregon: USGS (Reuters) https://t.co/2uZQEBRcwK,Wed Aug 22 15:18:45 +0000 2018
MattLorchQ13Fox,"Authorities say there is no tsunami threat associated with the quake.
https://t.co/TtP80L3O0B",,Wed Aug 22 15:18:22 +0000 2018
graham_,Magnitude 6.2 offshore quake hits west of Oregon: USGS https://t.co/Xzqn6XpNhb,,Wed Aug 22 15:17:05 +0000 2018
USRealityCheck,"Magnitude 6.2 offshore quake hits west of Oregon: USGS An offshore earthquake with a magnitude of 6.2 hit 165 miles (265 km) west-northwest of Bandon, Oregon, on Wednesday, the United States Geological Survey said. The quake, which was or... https://t.co/8lvjZSRChb #USNews #USRC https://t.co/6FiV6Hh80u",,Wed Aug 22 15:16:18 +0000 2018
AdamsFlaFan,Magnitude 6.2 offshore quake hits west of Oregon: USGS https://t.co/7atwxCw7V7,,Wed Aug 22 15:15:58 +0000 2018
TOIWorld,Magnitude 6.2 offshore quake hits west of Oregon: USGS https://t.co/YGQIoTNf47,,Wed Aug 22 15:15:35 +0000 2018
notiven,RT: @reuters :Magnitude 6.2 offshore quake hits west of Oregon: USGS https://t.co/oAdFZupdLR,,Wed Aug 22 15:15:07 +0000 2018
TheMovieTheater,Magnitude 6.2 offshore quake hits west of Oregon: USGS https://t.co/wxAdDOy1uO,,Wed Aug 22 15:14:18 +0000 2018
DavidARader,"RT @tictoc: A 7.3-magnitude earthquake rocked Venezuela, the largest to strike the country since 1900. Little damage has been reported #Temâ€¦","A 7.3-magnitude earthquake rocked Venezuela, the largest to strike the country since 1900. Little damage has been reported #Temblor https://t.co/aDCV0RVLaC https://t.co/KEoWTotjMw",Wed Aug 22 15:13:09 +0000 2018
aqLWsddxY0nsPev,Magnitude 6.2 offshore quake hits west of Oregon: USGS https://t.co/q7yv0USeUu,,Wed Aug 22 15:12:51 +0000 2018
thugfun,"https://t.co/3ZFpJEVXYB Magnitude 6.2 offshore quake hits west of Oregon: USGS

(Reuters) â€“ An offshore earthquake with a magnitude of 6.2 hit 165 miles (265 km) west-northwest of Bandon, Oregon, on Wednesday, the United States Geological Survey said. The quake, which was origiâ€¦ https://t.co/DlcRlcTjjq",,Wed Aug 22 15:12:14 +0000 2018
U9EjIjXAJPSltqf,Magnitude 6.2 offshore quake hits west of Oregon: USGS https://t.co/xtyCUMnOIY,,Wed Aug 22 15:12:08 +0000 2018
peteandbrenda,Magnitude 6.3 offshore quake hits west of Oregon: USGS https://t.co/SYpbaxvVu9,,Wed Aug 22 15:11:33 +0000 2018
tggiIGCU9HAIBxG,Magnitude 6.2 offshore quake hits west of Oregon: USGS https://t.co/z64RnG5Ahu,,Wed Aug 22 15:11:13 +0000 2018
uXndQUKIN6NqhmL,Magnitude 6.2 offshore quake hits west of Oregon: USGS https://t.co/4mOWUGwvut,,Wed Aug 22 15:10:25 +0000 2018
gdprpeace,RT @gdpr: Magnitude 6.2 offshore quake hits west of Oregon: USGS https://t.co/oWlvRrmQi7 https://t.co/vhQlytikaN,Magnitude 6.2 offshore quake hits west of Oregon: USGS https://t.co/oWlvRrmQi7 https://t.co/vhQlytikaN,Wed Aug 22 15:09:58 +0000 2018
annasut72089580,Magnitude 6.2 offshore quake hits west of Oregon: USGS https://t.co/wMk4dSCSRr,,Wed Aug 22 15:09:21 +0000 2018
meditelegraph,Magnitude 6.2 offshore #quake hits west of #Oregon - The Medi Telegraph https://t.co/lcH3wQgKuw,,Wed Aug 22 15:09:18 +0000 2018
choonsikyoo,Magnitude 6.2 offshore quake hits west of Oregon: USGS (Reuters) https://t.co/2uZQEBRcwK,,Wed Aug 22 15:09:14 +0000 2018
dokmaiban1,Magnitude 6.2 offshore quake hits west of Oregon: USGS https://t.co/rApSMiTfwm ReutersUS,,Wed Aug 22 15:09:09 +0000 2018
Coleman1Debbie,"ðŸŒŽ Magnitude 6.3 offshore quake hits west of Oregon: USGS
https://t.co/ijaGd4aD5o",,Wed Aug 22 15:08:12 +0000 2018
livingitgreen,Magnitude 6.2 offshore quake hits west of Oregon: USGS https://t.co/VZwkl0UGfH https://t.co/knxNjjRdc2,,Wed Aug 22 15:08:11 +0000 2018
gdpr,Magnitude 6.2 offshore quake hits west of Oregon: USGS https://t.co/oWlvRrmQi7 https://t.co/vhQlytikaN,,Wed Aug 22 15:08:10 +0000 2018
gereywallpaper,Magnitude 6.2 offshore quake hits west of Oregon: USGS https://t.co/ia74l4qflH https://t.co/3UOo20f0jU,,Wed Aug 22 15:08:06 +0000 2018
climatestate,Magnitude 6.3 offshore quake hits west of Oregon: USGS https://t.co/YcbEDDns7U,,Wed Aug 22 15:07:56 +0000 2018
5rQ6fEuWbYATaya,Magnitude 6.2 offshore quake hits west of Oregon: USGS https://t.co/f58Qvge3W6,,Wed Aug 22 15:07:27 +0000 2018
banksalberta141,Magnitude 6.2 offshore quake hits west of Oregon: USGS https://t.co/12Fa8oYuLL,,Wed Aug 22 15:07:21 +0000 2018
69SwT3quDitd9fW,Magnitude 6.2 offshore quake hits west of Oregon: USGS https://t.co/BVzDxaxL7W,,Wed Aug 22 15:07:14 +0000 2018
dayalra,"Oregon earthquake â€“ Massive 6.3 magnitude tremor rocks US West Coast sparking fears â€˜the Big Oneâ€™ WILL hit America

The quake registered at a depth of six miles and 188 miles off the coast of Oregon https://t.co/O5y9yVgKFm",,Wed Aug 22 15:07:03 +0000 2018
321zt3m2QKldwYh,Magnitude 6.2 offshore quake hits west of Oregon: USGS https://t.co/jtPWZYOnf4,,Wed Aug 22 15:06:34 +0000 2018
RTGBreaking,Magnitude 6.2 offshore quake hits west of Oregon: USGS #US | #RTGNews,,Wed Aug 22 15:05:34 +0000 2018
Utnngq7kR8ciUUA,Magnitude 6.2 offshore quake hits west of Oregon: USGS https://t.co/AwGDySU8Jt,,Wed Aug 22 15:05:22 +0000 2018
ZR1Trader,Magnitude 6.2 offshore quake hits west of Oregon: USGS,,Wed Aug 22 15:05:06 +0000 2018
ReutersUS,Magnitude 6.2 offshore quake hits west of Oregon: USGS https://t.co/QDwh5Alepp,,Wed Aug 22 15:04:47 +0000 2018
SJ03RDNEWS,Magnitude 6.2 offshore quake hits west of Oregon:Â USGS https://t.co/W6esjPmuLU,,Wed Aug 22 15:04:34 +0000 2018
joelle_dewulf,Magnitude 6.3 offshore quake hits west of Oregon: USGS - CNBC https://t.co/Bs9VcEW7V1,,Wed Aug 22 15:04:23 +0000 2018
AWwTCewsjflwX0K,Magnitude 6.2 offshore quake hits west of Oregon: USGS https://t.co/5g4nNYrnaB,,Wed Aug 22 15:04:21 +0000 2018
CnHzOsNNJylmMoF,Magnitude 6.2 offshore quake hits west of Oregon: USGS https://t.co/d2PpAjI6pZ,,Wed Aug 22 15:04:15 +0000 2018
Marion_aruaL,"""An offshore earthquake with a magnitude of 6.2 hit 165 miles (265 km) west-northwest of Bandon, Oregon...

The USGS and the National Weather Service both said the quake posed no tsunami threat.

Local media reported no damage"" https://t.co/O1PWx2LFwK",,Wed Aug 22 15:04:09 +0000 2018
iNews24,Magnitude 6.2 offshore quake hits west of Oregon: USGS [RTR https://t.co/vQTIyvkIaE],,Wed Aug 22 15:03:31 +0000 2018
photonuttt,"Massive 7.3 Magnitude Earthquake Strikes Venezuela A major earthquake of magnitude 7.3 struck the northern coast of Venezuela on Tuesday and shook buildings as far away as the capital, Caracas, the U.S. Geological Survey said. The quake was centered nearâ€¦ https://t.co/SqTGQfM6rT",,Wed Aug 22 15:03:22 +0000 2018
ZlbaUeFx04f3QqB,Magnitude 6.2 offshore quake hits west of Oregon: USGS https://t.co/qKbfHJNzkP,,Wed Aug 22 15:03:12 +0000 2018
pZGOhUm51xJiEb9,Magnitude 6.2 offshore quake hits west of Oregon: USGS https://t.co/B6VOfILIjh,,Wed Aug 22 15:02:52 +0000 2018
gxtYx7kvmE5I9DJ,Magnitude 6.2 offshore quake hits west of Oregon: USGS https://t.co/ItxFHzttBd,,Wed Aug 22 15:02:47 +0000 2018
jennvanni,RT @microsoftnews: USGS: Magnitude 6.3 offshore quake hits west of Oregon https://t.co/vEpKVFG9Wf,USGS: Magnitude 6.3 offshore quake hits west of Oregon https://t.co/vEpKVFG9Wf,Wed Aug 22 15:02:23 +0000 2018
4PawShop,Magnitude 6.2 offshore quake hits west of Oregon: USGS https://t.co/lxn7agRSQO https://t.co/GA5oXyiqcm #news #breaking #trump https://t.co/OAOh93zOj6,,Wed Aug 22 15:02:14 +0000 2018
crewislife,Via @Reuters: Magnitude 6.2 offshore quake hits west of Oregon: USGS https://t.co/rTyWKniXNP https://t.co/3254kgqbl2,,Wed Aug 22 15:02:12 +0000 2018
Kleer2go,RT @1shawnster: 6.2 Magnitude quake off the coast of Brandon Oregon https://t.co/nHqy3aoiTj,6.2 Magnitude quake off the coast of Brandon Oregon https://t.co/nHqy3aoiTj,Wed Aug 22 15:01:00 +0000 2018
Reuters,Magnitude 6.2 offshore quake hits west of Oregon: USGS https://t.co/BewBoHJahO,,Wed Aug 22 15:00:23 +0000 2018
Sara_Kurt3,Magnitude 7.3 quake strikes off Venezuelan coast - https://t.co/ohSf25OAhp,,Wed Aug 22 14:59:36 +0000 2018
andytrujillo95,RT @AMR_Social: Local teams in Trinidad and Tobago continue assessing the damage from yesterday's 7.3 magnitude earthquake in the region. Aâ€¦,Local teams in Trinidad and Tobago continue assessing the damage from yesterday's 7.3 magnitude earthquake in the region. AMR's team members have all checked in and are safe. They have been working tirelessly to help those affected by the massive quake. https://t.co/5iuabx36LU,Wed Aug 22 14:59:02 +0000 2018
HicSuntMagae,Seeing as how Venezuela / Trinidad area just had one... and now this one... #huh. https://t.co/D0C0VZrqt8 (Wildfires are God's way of getting ppl out of the area before something worse comes),,Wed Aug 22 14:58:54 +0000 2018
NYTRB,Magnitude 6.3 offshore quake hits west of Oregon: USGS - CNBC https://t.co/mSyGBGvXrV,,Wed Aug 22 14:57:12 +0000 2018
WklyWakeUpCall,https://t.co/eZMI3Box0n,,Wed Aug 22 14:54:36 +0000 2018
matrixpathofneo,"@DrLucyJones Excuse me, the aftershocks in Venezuela quake will always be lower magnitude? we just had one 5.8 Mw , very scary, thanks",,Wed Aug 22 14:53:01 +0000 2018
snmaher,https://t.co/AeHxQinA82,,Wed Aug 22 14:51:16 +0000 2018
LeadershipNGA,https://t.co/zKEbw1GRSK https://t.co/zKEbw1GRSK,,Wed Aug 22 14:51:16 +0000 2018
opennViral,Magnitude 7.3 quake strikes off Venezuelan coast https://t.co/ybSogb8wSn,,Wed Aug 22 14:50:34 +0000 2018
NatlOceanPolicy,"Magnitude 6.3 offshore quake hits west of Oregon, no immediate tsunami warning posted. https://t.co/IynWuqICru https://t.co/LC6u5KvGv1",,Wed Aug 22 14:50:05 +0000 2018
3montMonty,@AP @Newsweek @nytimes @Reuters @USATODAY @Salon @MSNBC @WSJ @CNN https://t.co/4NgMgU30rF,,Wed Aug 22 14:48:13 +0000 2018
TnTHYS,"seems some are comparing Haiti's 2010 quake to ""our"" recent quake. SMH

where was the Haiti earthquake located? the effects of an earthquake depend on three factors, magnitude, distance, local soil condition. why... https://t.co/ux8pjTJhjH",,Wed Aug 22 14:42:35 +0000 2018
invest2_sustain,Magnitude 7 quake hits northern Venezuela coast: USGS https://t.co/7RgOHBfdit,,Wed Aug 22 14:41:04 +0000 2018
Elisabeast,Magnitude 6.3 offshore quake hits west of Oregon https://t.co/OHvjbfY7IO,,Wed Aug 22 14:39:47 +0000 2018
Q13Tim,"Whoa! Not â€˜the big oneâ€™, but certainly a large quake near where scientists expect it to come from. NO tsunami alert for the coast. https://t.co/v6tHZcAkB2",,Wed Aug 22 14:38:45 +0000 2018
hoangkh47085344,Yellowstone EARTHQUAKE: Magnitude 7 quake is Yellowstone's biggest THREAT https://t.co/dhXOFlDkcn qua @YouTube,,Wed Aug 22 14:38:02 +0000 2018
cmwilliams7,Magnitude 6.3 offshore quake hits west of Oregon: USGS https://t.co/wXmTfj2rRF,,Wed Aug 22 14:36:24 +0000 2018
bidyut124,"RT @NewsLiveGhy: #BREAKING | Mild tremors felt around 7:55 pm, magnitude of quake and epicentre yet to be ascertained. No reports of any daâ€¦","#BREAKING | Mild tremors felt around 7:55 pm, magnitude of quake and epicentre yet to be ascertained. No reports of any damage to property or human casualty. https://t.co/xPKWDeSppb",Wed Aug 22 14:34:02 +0000 2018
RevRadioUSA,California earthquake warning: 6.3 magnitude quake rocks US West Coast amid Big One fears - https://t.co/PoMAYXdiyp,,Wed Aug 22 14:33:40 +0000 2018
lopez_smiles,RT @NBCLA: The magnitude 7.3 quake Tuesday was the largest to strike Venezuela since 1900. https://t.co/xD6DFYsdJ7,The magnitude 7.3 quake Tuesday was the largest to strike Venezuela since 1900. https://t.co/xD6DFYsdJ7,Wed Aug 22 14:32:45 +0000 2018
ValerieDouglasA,Magnitude 6.3 offshore quake hits west of Oregon https://t.co/IntLHCQ33q,,Wed Aug 22 14:31:24 +0000 2018
NewsLiveGhy,"#BREAKING | Mild tremors felt around 7:55 pm, magnitude of quake and epicentre yet to be ascertained. No reports of any damage to property or human casualty. https://t.co/xPKWDeSppb",,Wed Aug 22 14:31:24 +0000 2018
robertrite,"8/22/18 - Earthquake: Magnitude 6.3 offshore Quake shakes Portland, Oregon.

https://t.co/Pt0iNMGyQz https://t.co/Pt0iNMGyQz",,Wed Aug 22 14:30:47 +0000 2018
WhyMehrab,"RT @gulf_news: Magnitude 6.2 quake hits off Oregon, US https://t.co/vK3KjoJRsX https://t.co/2kJc7ht4gD","Magnitude 6.2 quake hits off Oregon, US https://t.co/vK3KjoJRsX https://t.co/2kJc7ht4gD",Wed Aug 22 14:30:30 +0000 2018
3rdrockhome,Magnitude 6.3 offshore quake hits west of Oregon: USGS - CNBC https://t.co/vBulcVd14b,,Wed Aug 22 14:30:08 +0000 2018
NBCLA,The magnitude 7.3 quake Tuesday was the largest to strike Venezuela since 1900. https://t.co/xD6DFYsdJ7,,Wed Aug 22 14:30:00 +0000 2018
DayanaA74190256,"RT @tictoc: A 7.3-magnitude earthquake rocks Venezuela, the largest to strike the country since 1900. Little damage reported #Temblor httpsâ€¦","A 7.3-magnitude earthquake rocks Venezuela, the largest to strike the country since 1900. Little damage reported #Temblor https://t.co/IQPovOrU9x https://t.co/JoXED1JxnD",Wed Aug 22 14:29:58 +0000 2018
The_Couve,Magnitude 6.3 offshore quake hits west of Oregon: USGS https://t.co/wSNNsyxiCB,,Wed Aug 22 14:27:17 +0000 2018
arlenemroberts,RT @CPPGeophysics: Historical (~past century) seismicity in area of today's M7.3 quake in Venezuela at intermediate depth (~150 km). Today'â€¦,"Historical (~past century) seismicity in area of today's M7.3 quake in Venezuela at intermediate depth (~150 km). Today's event appears to be at edge of subducting slab (or at least its seismicity), with several historical events of similar magnitude and depth to North. https://t.co/xdnHMKDolM",Wed Aug 22 14:25:46 +0000 2018
venarck,Feel proud GOI will politely decline foreign aid 4 Kerala flood relief.Pinnarayi must take a leaf from China who refused aid in the wake of a massive quake where magnitude of destruction &amp; loss of life was many times more. B a proud Indian.,,Wed Aug 22 14:24:48 +0000 2018
gulf_news,"Magnitude 6.2 quake hits off Oregon, US https://t.co/vK3KjoJRsX https://t.co/2kJc7ht4gD",,Wed Aug 22 14:22:07 +0000 2018
Sisal13,Magnitude 6.3 offshore quake hits west of Oregon: USGS - CNBC https://t.co/DKhC2EbpxO via @GoogleNews,,Wed Aug 22 14:21:27 +0000 2018
penelop86292769,RT @WFSBnews: JUST IN: A 7.3 magnitude earthquake has hit #Venezuela https://t.co/2LwK5U77G1 https://t.co/sngDBDUnGB,JUST IN: A 7.3 magnitude earthquake has hit #Venezuela https://t.co/2LwK5U77G1 https://t.co/sngDBDUnGB,Wed Aug 22 14:20:47 +0000 2018
ASAPTechsSpecs,"Powerful quake hits Venezuela coast, damage so far limited
https://t.co/e6u5vBD9Qg",,Wed Aug 22 14:18:30 +0000 2018
candace31906663,4.3-magnitude quake off coast of B.C. https://t.co/DEYdu6LFSo,,Wed Aug 22 14:17:38 +0000 2018
gdlcolorado,Magnitude 6.3 offshore quake hits west of Oregon: USGS - CNBC https://t.co/GlsD757PTp via @GoogleNews,,Wed Aug 22 14:14:58 +0000 2018
PryorDavis,Magnitude 6.3 offshore quake hits west of Oregon: USGS https://t.co/gbvzZwnVve,,Wed Aug 22 14:14:14 +0000 2018
DannyShookNews,Magnitude 6.3 offshore quake hits west of Oregon: USGS https://t.co/u80kv0brDz #DSNUS #domesticnews,,Wed Aug 22 14:13:24 +0000 2018
fjveca,"almost 1 day since the quake and we still have no fucking idea what the real magnitude of it was, numbers go from as ""low"" as 6.0 to as high as 7.7, yay for misinformation!",,Wed Aug 22 14:12:50 +0000 2018
dennisfa,California earthquake warning: 6.3 magnitude quake rocks US West Coast | Science | News | https://t.co/xHJ5XXF3qM https://t.co/witMVBgknI,,Wed Aug 22 14:12:35 +0000 2018
realTamela,Magnitude 6.3 offshore quake hits west of Oregon: USGS https://t.co/BKpSOwwmcR  #OregonQuake,,Wed Aug 22 14:11:38 +0000 2018
RealJoshuaDurst,#BREAKING #UWN Offshore Quake With Magnitude 6.3 hit 302km (188 miles) west of Bandon Oregon On Wednesday The United States Geological Survey (USGS) said the quake was recorded at a depth of about 10km,,Wed Aug 22 14:09:10 +0000 2018
lainquirer,California earthquake warning: 6.3 magnitude quake rocks US West Coast amid Big One fears https://t.co/gXICCGxBHX,,Wed Aug 22 14:09:09 +0000 2018
RealJoshuaDurst,@WatchGirlsPlay Offshore Quake With Magnitude 6.3 hit 302km (188 miles) west of Bandon Oregon On Wednesday The United States Geological Survey (USGS) said the quake was recorded at a depth of about 10km,,Wed Aug 22 14:07:21 +0000 2018
joelle_dewulf,Magnitude 6.3 offshore quake hits west of Oregon: USGS - CNBC https://t.co/8dIo1yV83Z,,Wed Aug 22 14:04:44 +0000 2018
LMStewarty,"We often talk about our lack of preparedness in this country, but I think yesterday we did handle the initial earthquake better than expected. A quake of that magnitude &amp; so far no loss of life or injuries reported. So far.",,Wed Aug 22 14:03:20 +0000 2018
Rhino40305,RT @JohnShrable: 6.2 magnitude quake off the coast of Oregon early this morning.  USGS says there is no risk of tsunami due to the quake.â€¦,6.2 magnitude quake off the coast of Oregon early this morning.  USGS says there is no risk of tsunami due to the quake.  Reports of shaking as far away as Portland.  https://t.co/KFpz8xR9QE https://t.co/0Ur0QCdVLT,Wed Aug 22 14:02:30 +0000 2018
stabroeknews,"In Trinidad as was expected, social media exploded following yesterdayâ€™s 6.9 magnitude earthquake and the verdict was unanimous â€” it was terrifying! https://t.co/DV7v2hhcV7",,Wed Aug 22 14:00:07 +0000 2018
Hotpage_News,Magnitude 6.3 offshore quake hits west of Oregon  https://t.co/QCAVDlIFDN,,Wed Aug 22 13:59:49 +0000 2018
UniReEditor,"7.3 magnitude earthquake in Venezuela rocks buildings and cars â€“ video - A major earthquake has struck the northern coast ofÂ Venezuela, shaking buildings as far away as the capital, Caracas. The quake was centred near the town of Carupano, an area of poor fishing communities, ...",,Wed Aug 22 13:59:28 +0000 2018
CARMEN15925673,"RT @MiamiHerald: 7.3-magnitude quake struck 12 miles northwest of Yaguaraparo, Venezuela. The U.S.G.S. recorded its depth to be 76 miles. hâ€¦","7.3-magnitude quake struck 12 miles northwest of Yaguaraparo, Venezuela. The U.S.G.S. recorded its depth to be 76 miles. https://t.co/KgH6NMjfHj https://t.co/J1Mkdtxhk8",Wed Aug 22 13:58:26 +0000 2018
venezuela_star,7.3 magnitude quake jolts Venezuela  https://t.co/7nwI3b4G7h,,Wed Aug 22 13:58:18 +0000 2018
JaneQFactor,Magnitude 6.3 offshore quake hits west of Oregon https://t.co/wRltoGRdDJ,,Wed Aug 22 13:58:11 +0000 2018
marcjohnson0002,Magnitude 6.3 offshore quake hits west of Oregon: USGS - CNBC https://t.co/XBa1mffxqV https://t.co/nl50aUMGWu,,Wed Aug 22 13:58:08 +0000 2018
Mediabeast3,Magnitude 6.3 offshore quake hits west of Oregon: USGS - CNBC https://t.co/I2kODqiI7V https://t.co/j44Cu6PQfs,,Wed Aug 22 13:58:06 +0000 2018
wourilove34,"RT @hwpl_kr: A 5.4 magnitude earthquake, the second largest quake in #SKorea, shook the southeastern coastal region Wednesday afternoon. Trâ€¦","A 5.4 magnitude earthquake, the second largest quake in #SKorea, shook the southeastern coastal region Wednesday afternoon. Tremors felt in #Seoul. No injuries or major damage has been reported. https://t.co/OZz7w6Kyte",Wed Aug 22 13:57:52 +0000 2018
christineatate,Magnitude 6.3 offshore quake hits west of Oregon: USGS https://t.co/Pustz2SUIx,,Wed Aug 22 13:56:59 +0000 2018
Patricia23Irons,BREAKING NEWS: MAJOR EARTHQUAKE OFF U.S. WEST COAST â€“ 6.3 MAGNITUDE QUAKE ROCKS US WEST COAST AMID BIG ONEÂ FEARS https://t.co/7nYppEsrSM https://t.co/QvUJNjytII,,Wed Aug 22 13:56:49 +0000 2018
shahadali,"Trinidad and Tobago was shaken by an aftershock at 9.27a.m Wednesday, triggering more concern among an already traumatised population.

The quake registered magnitude 5.9.

Tuesday's quake measured 6.9 and was one of the most powerful in memory. https://t.co/a1zjqIlNDl",,Wed Aug 22 13:56:35 +0000 2018
larrysch12,Magnitude 6.3 offshore quake hits west of Oregon https://t.co/Tu1hrcXrMq,,Wed Aug 22 13:55:32 +0000 2018
joehaslip,Northern Venezuela hit by a magnitude-7.3 quake https://t.co/TDD38paPdU,,Wed Aug 22 13:54:35 +0000 2018
theBigSandbox,"QUAKE! Magnitude 5.8, 10km W of Yaguaraparo, Venezuela on August 22nd 2018 at 9:27 am ET. https://t.co/JZaQSBYIz7",,Wed Aug 22 13:48:03 +0000 2018
Newyorker2212,RT @BarbaraRacek: Magnitude 6.3 offshore quake hits west of Oregon: USGS https://t.co/hDT8N9MG58 via rawstory,Magnitude 6.3 offshore quake hits west of Oregon: USGS https://t.co/hDT8N9MG58 via rawstory,Wed Aug 22 13:43:36 +0000 2018
LakotaSpirit93,Magnitude 6.3 offshore quake hits west of Oregon: USGS https://t.co/7zViOAda1w,,Wed Aug 22 13:41:53 +0000 2018
CoryGroshek,"A HUGE 6.3-magnitude earthquake struck off the coast of Oregon on America's West Coast today. The quake, which registered 188 miles from the coastal city of Bandon, has sparked fears the so-called ""Big One"" could hit California any time now.  https://t.co/H6AKACzX67",,Wed Aug 22 13:41:04 +0000 2018
chance_jozsa,"RT @WeatherBug: Magnitude 6.3 earthquake this morning, located 180 miles off-shore of Oregon coastline. The quake was located along the wesâ€¦","Magnitude 6.3 earthquake this morning, located 180 miles off-shore of Oregon coastline. The quake was located along the western portions of the Juan de Fuca plate. No tsunami is expected. https://t.co/vCI9Db5yOx",Wed Aug 22 13:41:02 +0000 2018
MTVNewsGrenada,"ANOTHER QUAKE! 

UWI, SRC - Automatic Earthquake Location

DATE AND TIME:
2018-08-22 09:27 am (Local Time)
2018-08-22 13:27 (UTC)

MAGNITUDE:
5.9

LOCATION:
Latitude: 10.60N
Longitude: 62.87W
Depth: 80 km

NEARBY... https://t.co/63dpnEJLxC",,Wed Aug 22 13:40:56 +0000 2018
SharieHyder,Magnitude 6.3 offshore quake hits west of Oregon: USGS https://t.co/E1GSQQlcxI,,Wed Aug 22 13:40:14 +0000 2018
globaloilrisks,"RT @EnergyAnalyInst: Magnitude 7.3 Quake in Venezuela Felt in #Guyana. #LatAmNRG #earthquake
https://t.co/aTwGkTKVln","Magnitude 7.3 Quake in Venezuela Felt in #Guyana. #LatAmNRG #earthquake
https://t.co/aTwGkTKVln",Wed Aug 22 13:39:23 +0000 2018
ms_downtomars,RT @LatinoUSA: An earthquake of magnitude 7.3 struck Venezuela Tuesday. It was felt as far away as in the capital of Colombia. Venezuelan oâ€¦,An earthquake of magnitude 7.3 struck Venezuela Tuesday. It was felt as far away as in the capital of Colombia. Venezuelan officials said there were no immediate reports of injuries via @VOANews https://t.co/bIiVlKFFDB,Wed Aug 22 13:38:35 +0000 2018
BarbaraRacek,Magnitude 6.3 offshore quake hits west of Oregon: USGS https://t.co/hDT8N9MG58 via rawstory,,Wed Aug 22 13:38:18 +0000 2018
MikeTolia,Thats a mighty powerful quake! #earthquake #quake #environment https://t.co/SkWFgilIU3,,Wed Aug 22 13:37:31 +0000 2018
1310WDOC,Magnitude 6.3 offshore quake hits west of Oregon: USGS https://t.co/V9Oeh1unBW,,Wed Aug 22 13:36:24 +0000 2018
DannyShookNews,Magnitude 6.3 offshore quake hits west of Oregon: USGS https://t.co/PJ7YsoZofL #DSNUS #domesticnews,,Wed Aug 22 13:35:07 +0000 2018
RawStory,Magnitude 6.3 offshore quake hits west of Oregon: USGS https://t.co/ouRAD2lLHk,,Wed Aug 22 13:34:27 +0000 2018
EnergyAnalyInst,"Magnitude 7.3 Quake in Venezuela Felt in #Guyana. #LatAmNRG #earthquake
https://t.co/aTwGkTKVln",,Wed Aug 22 13:34:00 +0000 2018
ThatFJ,Shallow magnitude 6.3 earthquake strikes off the coast of Oregon - 3rd major quake worldwide within 12 hours https://t.co/z1MMBzHjuA via Signs of the Times,,Wed Aug 22 13:33:19 +0000 2018
1shawnster,6.2 Magnitude quake off the coast of Brandon Oregon https://t.co/nHqy3aoiTj,,Wed Aug 22 13:33:14 +0000 2018
LatinoUSA,An earthquake of magnitude 7.3 struck Venezuela Tuesday. It was felt as far away as in the capital of Colombia. Venezuelan officials said there were no immediate reports of injuries via @VOANews https://t.co/bIiVlKFFDB,,Wed Aug 22 13:30:00 +0000 2018
rodulfox,Magnitude 7.3 quake strikes off VenezuelanÂ coast https://t.co/B7yWDQMULo,,Wed Aug 22 13:27:40 +0000 2018
asiloenusa,Magnitude 7.3 quake strikes off VenezuelanÂ coast https://t.co/bgqxbhrHoU,,Wed Aug 22 13:27:39 +0000 2018
NvaEspartaNews,Magnitude 7.3 quake strikes off VenezuelanÂ coast https://t.co/xhZqoub383,,Wed Aug 22 13:27:39 +0000 2018
independpress,Magnitude 6.3 offshore quake hits west of Oregon: USGS - CNBC https://t.co/veN1dzz8zN,,Wed Aug 22 13:27:20 +0000 2018
NYTRB,Magnitude 6.3 offshore quake hits west of Oregon: USGS - CNBC https://t.co/A6GdC3qXfR,,Wed Aug 22 13:27:15 +0000 2018
geocosmo_news,Magnitude 7.3 quake strikes off Venezuelan coast: https://t.co/HD14SqUjZj,,Wed Aug 22 13:27:13 +0000 2018
KniselyWilliam,"RT @Jesus_Ready_Org: BIRTH PANGS: A HUGE 6.3-magnitude earthquake struck off the coast of Oregon on America's west coast today. The quake,â€¦","BIRTH PANGS: A HUGE 6.3-magnitude earthquake struck off the coast of Oregon on America's west coast today. The quake, which registered 188 miles from the coastal city of Bandon, has sparked fears the so-called ""Big One"" could hit California any time now. https://t.co/PqOAOKNn3c",Wed Aug 22 13:26:02 +0000 2018
greeenorg,"Magnitude 6.2 quake hits off Oregon, US - https://t.co/gszlkTahzX",,Wed Aug 22 13:25:43 +0000 2018
ArcataWx,"Magnitude 7.3 Venezuela #earthquake at 2:31pm Tuesday (4,225 miles from #Arcata) and 6.2 quake at 2:31am this morning 164 miles WNW of Bandon, OR (265 miles from Arcata). #cawx https://t.co/TQum7uxd5B",,Wed Aug 22 13:25:16 +0000 2018
NewsNeedNow,Magnitude 6.3 offshore quake hits west of Oregon: USGS - CNBC https://t.co/Bf3dHKfzP6,,Wed Aug 22 13:24:37 +0000 2018
PressFreedom_,Magnitude 6.3 offshore quake hits west of Oregon: USGS - CNBC https://t.co/fvtTQO49Zs,,Wed Aug 22 13:23:10 +0000 2018
ggnewsus,Magnitude 6.3 offshore quake hits west of Oregon: USGS - CNBC https://t.co/5dhY1mWu6q,,Wed Aug 22 13:21:08 +0000 2018
tictoc,"A 7.3-magnitude earthquake rocked Venezuela, the largest to strike the country since 1900. Little damage has been reported #Temblor https://t.co/aDCV0RVLaC https://t.co/KEoWTotjMw",,Wed Aug 22 13:20:08 +0000 2018
SSXman2,RT @VOANews: USGS: Magnitude 7.3 Quake Hits Northern Venezuela Coast https://t.co/zp9jI3df9Z https://t.co/zmZZRmCF9F,USGS: Magnitude 7.3 Quake Hits Northern Venezuela Coast https://t.co/zp9jI3df9Z https://t.co/zmZZRmCF9F,Wed Aug 22 13:18:57 +0000 2018
PansehTsewole1,Magnitude 6.3 offshore quake hits west of Oregon: USGS - CNBC https://t.co/TO4mscIRt8 https://t.co/ntyDO5U64h,,Wed Aug 22 13:16:10 +0000 2018
GlennFarleyK5,"RT @SurvivalCapsule: 7.3-magnitude quake reported along Venezuelan coast

https://t.co/GqkW2frDUW","7.3-magnitude quake reported along Venezuelan coast

https://t.co/GqkW2frDUW",Wed Aug 22 13:16:01 +0000 2018
besuretocook,"News Oregon earthquake: 6.2 magnitude quake and aftershock strike west of Coos Bay, felt inÂ Portland https://t.co/SIhSAk3E5N",,Wed Aug 22 13:15:25 +0000 2018
allsorce_,https://t.co/HECVYCY3T8 #shopping #follow #earthquake #oregon,,Wed Aug 22 13:14:54 +0000 2018
fiweh,Magnitude 6.3 offshore quake hits west of Oregon: USGS - FiWEH Life - https://t.co/iPOaQlan1u,,Wed Aug 22 13:14:37 +0000 2018
fiweh,Magnitude 6.3 offshore quake hits west of Oregon: USGS - FiWEH Life - https://t.co/iPOaQlan1u https://t.co/uYUGV1TqqX,,Wed Aug 22 13:14:35 +0000 2018
joelle_dewulf,Magnitude 6.3 offshore quake hits west of Oregon: USGS - CNBC https://t.co/lpIPbbamer,,Wed Aug 22 13:14:15 +0000 2018
GNewsViews,"A major earthquake has struck the northern coast of Venezuela, shaking buildings as far away as the capital, Caracas. The quake was centred near the town of Carupano, an area of poor... https://t.co/kHbwoJjfZu",,Wed Aug 22 13:13:54 +0000 2018
Venezuela_trip,Magnitude 7.3 quake strikes off Venezuelan coast - CNN https://t.co/gNbquTchfJ,,Wed Aug 22 13:12:04 +0000 2018
futuritymom,"RT @TeahCartel: Morning all.
An offshore earthquake with a magnitude of 6.3 hit 302 km (188 miles) west of Bandon, Oregon, on Wednesday, thâ€¦","Morning all.
An offshore earthquake with a magnitude of 6.3 hit 302 km (188 miles) west of Bandon, Oregon, on Wednesday, the United States Geological Survey (USGS) said. The quake was recorded at a depth of about 10 km, according to the USGS website.",Wed Aug 22 13:07:11 +0000 2018
bitznews,Magnitude 6.3 offshore quake hits west of Oregon: USGS - CNBC https://t.co/TS8CpkSrQg,,Wed Aug 22 13:06:11 +0000 2018
anglew_meth,"Magnitude 6.2 quake hits off Oregon,Â US https://t.co/mEnUe6O0h0 https://t.co/bzwdNFvbel",,Wed Aug 22 13:04:04 +0000 2018
GagneRenaud,Magnitude 6.3 offshore #earthquake hits west of #Oregon: USGS https://t.co/pZ1YpediWb,,Wed Aug 22 13:02:30 +0000 2018
friendsoftwbs,RT @TWBSGeography: https://t.co/enVuoHe6fB,https://t.co/enVuoHe6fB,Wed Aug 22 13:01:20 +0000 2018
Sunshineinajar,Magnitude 6.3 offshore quake hits west of Oregon: USGS https://t.co/blDUcaiRSB,,Wed Aug 22 13:01:17 +0000 2018
EarthquakeAu,"New Earthquake : Magnitude

M3.1 quake causing weak shaking near Waipukurau https://t.co/Rl5jG1muBt â€¦

https://t.co/lwMPlgx7u4",,Wed Aug 22 13:01:03 +0000 2018
Mass_Central,Magnitude 6.3 offshore quake hits west of Oregon:Â USGS https://t.co/5m4wc4v622 https://t.co/mPMSlIK6NW,,Wed Aug 22 13:00:07 +0000 2018
grSonOfVeteran,RT @PutinDaGreat1: Magnitude 6.3 offshore quake hits west of Oregon: USGS https://t.co/4LWOdjNI5V,Magnitude 6.3 offshore quake hits west of Oregon: USGS https://t.co/4LWOdjNI5V,Wed Aug 22 13:00:05 +0000 2018
NorbertBonimond,"Magnitude 6.3 offshore quake hits west of Oregon: USGS
https://t.co/AQjwrddyi8",,Wed Aug 22 12:59:01 +0000 2018
NewsTreasury,Magnitude 7.3 quake strikes off Venezuelan coast https://t.co/xefmNXpxU1 https://t.co/9mxdxsCdfz,,Wed Aug 22 12:58:06 +0000 2018
LeblancBaylor,RT @fletchdr222: Magnitude 6.3 offshore quake hits west of Oregon https://t.co/z3LvPCZeDF,Magnitude 6.3 offshore quake hits west of Oregon https://t.co/z3LvPCZeDF,Wed Aug 22 12:57:36 +0000 2018
fletchdr222,Magnitude 6.3 Earthquake Hits Off Coast of Western Oregon https://t.co/eEHbODlqG8,,Wed Aug 22 12:57:31 +0000 2018
BMA55373517,Magnitude 6.3 offshore quake hits west of Oregon: USGS https://t.co/crAmIQd1sm,,Wed Aug 22 12:57:30 +0000 2018
fletchdr222,Magnitude 6.3 offshore quake hits west of Oregon https://t.co/z3LvPCZeDF,,Wed Aug 22 12:56:32 +0000 2018
LiberallyLinda,"Magnitude 6.3 offshore quake hits west of Oregon: USGS

(Via Headlines) https://t.co/3b8y931vQm",,Wed Aug 22 12:54:34 +0000 2018
TheBookofGinko,I liked a @YouTube video https://t.co/wQBdd6xf42 Panic but no injuries as Venezuela hit by 7.3 magnitude quake,,Wed Aug 22 12:54:04 +0000 2018
theBigSandbox,"QUAKE! Magnitude 4.7, 43km NW of Isangel, Vanuatu on August 22nd 2018 at 8:22 am ET. https://t.co/2I9n4X2VLy",,Wed Aug 22 12:50:03 +0000 2018
CONAMORXVZLA,RT @NWSPortland: NO tsunami danger for the West Coast of North America or Hawaii.  A magnitude 6.7 quake shook the Vanuatu Islands around 3â€¦,"NO tsunami danger for the West Coast of North America or Hawaii.  A magnitude 6.7 quake shook the Vanuatu Islands around 332 pm, but no tsunami was generated. #orws #wawx #pdxtst https://t.co/V2TCuy9Rk8",Wed Aug 22 12:49:43 +0000 2018
BHNproducts,"Powerful quake hits Venezuela coast, damage so far limited.
https://t.co/IxtwRVPwK2 https://t.co/oVZuBZGymQ",,Wed Aug 22 12:49:20 +0000 2018
TeahCartel,"Morning all.
An offshore earthquake with a magnitude of 6.3 hit 302 km (188 miles) west of Bandon, Oregon, on Wednesday, the United States Geological Survey (USGS) said. The quake was recorded at a depth of about 10 km, according to the USGS website.",,Wed Aug 22 12:49:15 +0000 2018
EnergyFMJa,RT @NikkiZNewZ: #QueenZNews: Massive Magnitude 7.3 Quake In Venzezula Shakes Caribbean Islands â€“ QueenZ https://t.co/4hivgi8dmK via @NikkiZâ€¦,#QueenZNews: Massive Magnitude 7.3 Quake In Venzezula Shakes Caribbean Islands â€“ QueenZ https://t.co/4hivgi8dmK via @NikkiZOfficial,Wed Aug 22 12:48:56 +0000 2018
AMR_Social,Local teams in Trinidad and Tobago continue assessing the damage from yesterday's 7.3 magnitude earthquake in the region. AMR's team members have all checked in and are safe. They have been working tirelessly to help those affected by the massive quake. https://t.co/5iuabx36LU,,Wed Aug 22 12:42:25 +0000 2018
NewsOnGreen,Magnitude 7.3 quake hits northern Venezuela coast: USGS https://t.co/Vh8NvJVSSA,,Wed Aug 22 12:42:05 +0000 2018
openomroep,Magnitude 7.3 quake strikes off Venezuelan coast https://t.co/EvDBZ1WFCh,,Wed Aug 22 12:40:36 +0000 2018
NikkiZNewZ,#QueenZNews: Massive Magnitude 7.3 Quake In Venzezula Shakes Caribbean Islands â€“ QueenZ https://t.co/4hivgi8dmK via @NikkiZOfficial,,Wed Aug 22 12:39:10 +0000 2018
kathycalm,RT @NewsDayFeeds: An earthquake and aftershock have been reported off the coast of south-central Oregon. The United States Geological Surveâ€¦,An earthquake and aftershock have been reported off the coast of south-central Oregon. The United States Geological Survey says an initial quake with a preliminary magnitude of 6.2 struck just after... https://t.co/sN1kYDNTg2,Wed Aug 22 12:38:43 +0000 2018
romans11732,"A magnitude 6.2 earthquake struck off the coast of Oregon about 8 minutes ago.

Only weak shaking was felt on land, and it was not strong enough to wake most people.

The quake happened in the Blanco Fracture... https://t.co/FuqRq0ksht",,Wed Aug 22 12:36:04 +0000 2018
WalterGudiel,RT @SputnikInt: URGENT: Magnitude 6.3 #earthquake hits west #Oregon - USGS https://t.co/H5AmcVcUdi https://t.co/ryqOaHHRRg,URGENT: Magnitude 6.3 #earthquake hits west #Oregon - USGS https://t.co/H5AmcVcUdi https://t.co/ryqOaHHRRg,Wed Aug 22 12:33:41 +0000 2018
Millennial_Rule,Venezuela earthquake #tsunami_warning: Is there tsunami alert after 7.3 magnitude quake hit https://t.co/MxQ3TZd8Km https://t.co/EeggXVEumf,,Wed Aug 22 12:33:07 +0000 2018
ayallgood,Venezuela and Trinidad struck by massive quake https://t.co/QrshAtlcRs,,Wed Aug 22 12:32:31 +0000 2018
crocusgloria202,California earthquake warning: 6.3 magnitude quake rocks US West Coast amid Big One fears https://t.co/nR6fTEuUdd,,Wed Aug 22 12:31:20 +0000 2018
shininstarnite1,"RT @jahraelbey: 7.3-magnitude quake reported along Venezuelan coast

https://t.co/9GNfgMXElv

Shared from my Google feed","7.3-magnitude quake reported along Venezuelan coast

https://t.co/9GNfgMXElv

Shared from my Google feed",Wed Aug 22 12:31:19 +0000 2018
BagalueSunab,"Venezuela earthquake in pictures: Damage after strongest ever quake rocks Venezuela
VENEZUELA has been hit by a 7.3 magnitude earthquake, with pictures showing damage from the countryâ€™s most powerful ever tremor.  https://t.co/35iwOZRbqe https://t.co/uhmIFjs9zk",,Wed Aug 22 12:31:16 +0000 2018
_Marky224,RT @DRUDGE_REPORT: 7.0 MAG QUAKE SHAKES VENEZUELA... DEVELOPING... https://t.co/4h9YsJ4VKI,7.0 MAG QUAKE SHAKES VENEZUELA... DEVELOPING... https://t.co/4h9YsJ4VKI,Wed Aug 22 12:30:57 +0000 2018
topnewstodayx,"Magnitude 6.3 offshore quake hits west of Oregon: USGS
https://t.co/NBrpkDR3vs https://t.co/Lx3AWuR2ME",,Wed Aug 22 12:30:56 +0000 2018
777SHEM,RT @1ERLukkax: @biobio  @777SHEM @RinconSalfate @tolerancia0 @jeannettekaz @LibardoBuitrago @barbarabricenok @coteevans  Shallow magnitudeâ€¦,@biobio  @777SHEM @RinconSalfate @tolerancia0 @jeannettekaz @LibardoBuitrago @barbarabricenok @coteevans  Shallow magnitude 6.3 earthquake strikes off the coast of Oregon - 3rd major quake worldwide within 12 hours https://t.co/PfwZs3l5pL,Wed Aug 22 12:29:56 +0000 2018
Gate_15_Analyst,Magnitude 6.3 offshore quake hits west of #Oregon https://t.co/e910jNYTuf,,Wed Aug 22 12:29:48 +0000 2018
Simfly1,Magnitude 7.3 quake strikes off VenezuelanÂ coast https://t.co/tqajOmk5bA https://t.co/KXbGQhwo4C,,Wed Aug 22 12:29:47 +0000 2018
Simfly1,Magnitude 7.3 quake strikes off VenezuelanÂ coast https://t.co/PpUXFJ0c9z https://t.co/GzMBon5Evw,,Wed Aug 22 12:29:28 +0000 2018
warningshout,RT @The_News_DIVA: Magnitude 6.3 offshore quake hits west of Oregon: USGS https://t.co/xCCUS8fzNu via @RawStory #news https://t.co/VflwDhs0â€¦,Magnitude 6.3 offshore quake hits west of Oregon: USGS https://t.co/xCCUS8fzNu via @RawStory #news https://t.co/VflwDhs0Zj,Wed Aug 22 12:29:26 +0000 2018
NewsDayFeeds,An earthquake and aftershock have been reported off the coast of south-central Oregon. The United States Geological Survey says an initial quake with a preliminary magnitude of 6.2 struck just after... https://t.co/sN1kYDNTg2,,Wed Aug 22 12:27:22 +0000 2018
Praydrian,"RT @theBigSandbox: QUAKE! Magnitude 6.3, 294km WNW of Bandon, Oregon on August 22nd 2018 at 5:31 am ET. https://t.co/W0AoiJZ2hI","QUAKE! Magnitude 6.3, 294km WNW of Bandon, Oregon on August 22nd 2018 at 5:31 am ET. https://t.co/W0AoiJZ2hI",Wed Aug 22 12:25:23 +0000 2018
ChicoBicycling,Magnitude 6.3 offshore quake hits west of Oregon https://t.co/ibspsyx0O7,,Wed Aug 22 12:25:03 +0000 2018
KilianJulianus,Magnitude 6.3 offshore quake hits west of Oregon: USGS - CNBC https://t.co/uTLVGAjBEP,,Wed Aug 22 12:18:06 +0000 2018
TheTruthArtists,Magnitude 6.3 offshore quake hits west of Oregon: USGS https://t.co/h5N8x0WiUB,,Wed Aug 22 12:17:51 +0000 2018
ShadeStar81,Venezuela earthquake hit by magnitude 7 quake on north coast https://t.co/EQCB8VfUfF,,Wed Aug 22 12:17:36 +0000 2018
1ERLukkax,Shallow magnitude 6.3 earthquake strikes off the coast of Oregon - 3rd major quake worldwide within 12 hours -- Earth Changes -- https://t.co/LvCEqeMv0X https://t.co/PfwZs3l5pL,,Wed Aug 22 12:17:23 +0000 2018
1ERLukkax,@biobio  @777SHEM @RinconSalfate @tolerancia0 @jeannettekaz @LibardoBuitrago @barbarabricenok @coteevans  Shallow magnitude 6.3 earthquake strikes off the coast of Oregon - 3rd major quake worldwide within 12 hours https://t.co/PfwZs3l5pL,,Wed Aug 22 12:17:20 +0000 2018
menicam,Magnitude 6.3 offshore quake hits west of Oregon: USGS https://t.co/RV8ZD3FwEe,,Wed Aug 22 12:15:29 +0000 2018
joveja3,"Magnitude 6.1 Quake Strikes Japan, Killing 3, Injuring Hundreds: The temblor caused severe damage to roads: bursting water mains and setting fires across the prefecture. Crumbling concrete walls killed two people, while another was struck by a bookshelf.â€¦ https://t.co/qhcUF6E4IL https://t.co/NwOLqj7P8F",,Wed Aug 22 12:13:48 +0000 2018
ggnewsus,Magnitude 6.3 offshore quake hits west of Oregon: USGS - CNBC https://t.co/d33vklLa01,,Wed Aug 22 12:11:12 +0000 2018
janattheocean,RT @ZaibatsuNews: Magnitude 6.3 offshore quake hits west of Oregon: USGS https://t.co/fwOXpCsdCz #p2 #ctl https://t.co/OwFTAMa725,Magnitude 6.3 offshore quake hits west of Oregon: USGS https://t.co/fwOXpCsdCz #p2 #ctl https://t.co/OwFTAMa725,Wed Aug 22 12:09:22 +0000 2018
PressFreedom_,Magnitude 6.3 offshore quake hits west of Oregon: USGS - CNBC https://t.co/ZeYILsavon,,Wed Aug 22 12:08:10 +0000 2018
marcjohnson0002,Magnitude 6.3 offshore quake hits west of Oregon: USGS - CNBC https://t.co/041A5J4c0K https://t.co/fFIrez0y5a,,Wed Aug 22 12:07:10 +0000 2018
Mediabeast3,Magnitude 6.3 offshore quake hits west of Oregon: USGS - CNBC https://t.co/jddWv6RI05 https://t.co/RilxaaVNm2,,Wed Aug 22 12:07:01 +0000 2018
pas5974,RT @haaretzcom: Magnitude 6.3 offshore quake hits west of Oregon https://t.co/2pJZy5c0mq,Magnitude 6.3 offshore quake hits west of Oregon https://t.co/2pJZy5c0mq,Wed Aug 22 12:06:04 +0000 2018
cwtillery,https://t.co/VjSGrTUzpt,,Wed Aug 22 12:05:30 +0000 2018
CaptainJimDandy,Magnitude 6.3 offshore quake hits west of Oregon: USGS https://t.co/iiKxgYMplJ,,Wed Aug 22 12:05:27 +0000 2018
sasanews_,"Wed, 22 Aug 2018 12:04:36 GMT - Magnitude 6.3 offshore quake hits west of Oregon -#maga #TruthMatters #freeSpeech #1A #2A #Patriots - https://t.co/RMeYV1CXny",,Wed Aug 22 12:04:36 +0000 2018
WayneCamo,RT @stabroeknews: Guyanese panicked after a tremor from a 7.3 magnitude earthquake in neighbouring Venezuela caused the earth to shake andâ€¦,Guyanese panicked after a tremor from a 7.3 magnitude earthquake in neighbouring Venezuela caused the earth to shake and buildings to sway. https://t.co/sJ8dyiSSwm,Wed Aug 22 12:04:28 +0000 2018
KilianJulianus,Magnitude 6.3 offshore quake hits west of Oregon: USGS - CNBC https://t.co/2HWVAtHWdH,,Wed Aug 22 12:03:44 +0000 2018
Afternoon_Voice,7.3 magnitude quake jolts Venezuela https://t.co/FkA7cPgRn3 https://t.co/NA8BfBzUyy,,Wed Aug 22 12:03:33 +0000 2018
ejirohola,Terrifying videos show moment 7.3 magnitude quake rocked Venezuela https://t.co/pECTofcvHf,,Wed Aug 22 12:02:53 +0000 2018
SnarkyL,RT @Ocean_State211: https://t.co/K61qJ0NJ7E,https://t.co/K61qJ0NJ7E,Wed Aug 22 12:01:52 +0000 2018
ggnewsus,Magnitude 6.3 offshore quake hits west of Oregon: USGS - CNBC https://t.co/4tZuqwNA7o,,Wed Aug 22 12:01:49 +0000 2018
kathmandupost,"A major earthquake of magnitude 7.3 struck Venezuelaâ€™s eastern coast, home to largely poor fishing communities, on Tuesday afternoon, shaking buildings as far away as Colombian capital Bogota and knocking power out in parts of Trinidad, Reuters reported.

https://t.co/KAHTA74Dgd https://t.co/3IyuhqCnPd",,Wed Aug 22 12:01:36 +0000 2018
Ellieujn,"Magnitude 8.2 quake strikes in the Pacific, no damage reported on Fiji A massive quake of magnitude 8.2 s https://t.co/EdtVwbulwG @ellieujn",,Wed Aug 22 12:01:31 +0000 2018
stabroeknews,Guyanese panicked after a tremor from a 7.3 magnitude earthquake in neighbouring Venezuela caused the earth to shake and buildings to sway. https://t.co/sJ8dyiSSwm,,Wed Aug 22 12:00:27 +0000 2018
Geoffrey2313819,"CNBC: Magnitude 6.3 offshore quake hits west of Oregon.
https://t.co/OM2aw2yxrv

via @GoogleNews",,Wed Aug 22 11:59:14 +0000 2018
kimasabe,RT @Teamtroad: @NPR Magnitude 7.0 quake hits @realDonaldTrump White House Itâ€™s time for you step aside for The White House cleanup.,@NPR Magnitude 7.0 quake hits @realDonaldTrump White House Itâ€™s time for you step aside for The White House cleanup.,Wed Aug 22 11:55:30 +0000 2018
Ocean_State211,https://t.co/K61qJ0NJ7E,,Wed Aug 22 11:55:12 +0000 2018
viamaria12,Magnitude 6.3 offshore quake hits west of Oregon https://t.co/Bbzy9UgYCV,,Wed Aug 22 11:55:07 +0000 2018
CTheresistance,Magnitude 6.3 offshore quake hits west of Oregon: USGS https://t.co/WHkXvaYE1C,,Wed Aug 22 11:55:05 +0000 2018
tlibby32,"RT @tictoc: A 7.3-magnitude earthquake rocks Venezuela, the largest to strike the country since 1900. Little damage reported #Temblor httpsâ€¦","A 7.3-magnitude earthquake rocks Venezuela, the largest to strike the country since 1900. Little damage reported #Temblor https://t.co/wsCWrmxiHR https://t.co/XgvcWjG1M4",Wed Aug 22 11:55:02 +0000 2018
NigelTReid,"People need to understand that Earthquake magnitude isnt all there is to causing damage. Some ppl talking about look haiti had the same kinda earthquake and blah blah God is a trini.

Haiti's quake had a depth... https://t.co/0BkTUudCvh",,Wed Aug 22 11:53:36 +0000 2018
CrlMongo,RT @HuffPost: The quake was felt as far away as Colombiaâ€™s capital. https://t.co/T7MJ1jajJT,The quake was felt as far away as Colombiaâ€™s capital. https://t.co/T7MJ1jajJT,Wed Aug 22 11:53:09 +0000 2018
Rosemary913,#Yellowstone #EARTHQUAKE: Magnitude 7 quake is Yellowstone's biggest THREAT - Officials warn https://t.co/Asbstxw5ci,,Wed Aug 22 11:53:05 +0000 2018
JaneCarrey23,"6.2 Magnitude Quake off Oregon Coast, but you knew it was coming didnt you?
Who woulda thought eh? Citizen science based earthquake forecasting is proving to be more accurate than professional weather forecasting...

Watch @dutchsinse 
https://t.co/VVPrNrHLRy",,Wed Aug 22 11:51:56 +0000 2018
Teamtroad,@NPR Magnitude 7.0 quake hits @realDonaldTrump White House Itâ€™s time for you step aside for The White House cleanup.,,Wed Aug 22 11:50:47 +0000 2018
Rosemary913,#California #earthquake warning: 6.3 magnitude quake rocks US West Coast amid Big One fears https://t.co/DVyvpEpeO4,,Wed Aug 22 11:50:14 +0000 2018
Teamtroad,@CNN Magnitude 7.0 quake hits @realDonaldTrump White House Itâ€™s time for you step aside for The White House cleanup.,,Wed Aug 22 11:49:30 +0000 2018
ZaibatsuNews,Magnitude 6.3 offshore quake hits west of Oregon: USGS https://t.co/fwOXpCsdCz #p2 #ctl https://t.co/OwFTAMa725,,Wed Aug 22 11:48:54 +0000 2018
GanGanowicz,RT @NetworkofnewsUK: Venezuela earthquake: Tsunami alert in the Caribbean as massive magnitude 7.3 quake slams north coast VENEZUELA and Trâ€¦,"Venezuela earthquake: Tsunami alert in the Caribbean as massive magnitude 7.3 quake slams north coast VENEZUELA and Trinidad have been rocked by a massive 7.3 magnitude earthquake.
A tsunami warning has been issued along the Caribbean... https://t.co/l5KeEt8905 https://t.co/aEi37NuH2Y",Wed Aug 22 11:48:35 +0000 2018
Teamtroad,@USATODAY Magnitude 7.0 quake hits @realDonaldTrump White House Itâ€™s time for you step aside for The White House cleanup.,,Wed Aug 22 11:48:01 +0000 2018
MaritatadTad,Magnitude 6.3 offshore quake hits west of Oregon https://t.co/QFOVJLM6hm,,Wed Aug 22 11:46:43 +0000 2018
tontuee,"RT @IndiaToday: The quake was recorded at a depth of about 10 km, according to the USGS website.

https://t.co/ZfcCAMNPKp","The quake was recorded at a depth of about 10 km, according to the USGS website.

https://t.co/ZfcCAMNPKp",Wed Aug 22 11:46:16 +0000 2018
marcoranieri72,"RT @haaretzcom: BREAKING
https://t.co/i3EfkXfjdE","BREAKING
https://t.co/i3EfkXfjdE",Wed Aug 22 11:44:04 +0000 2018
Riverratjulie,"RT @1stBreakingNews: #Breaking
Powerful magnitude 7.3 earthquake rocks Venezuela, causing buildings to be evacuated in the capital of Caracâ€¦","#Breaking
Powerful magnitude 7.3 earthquake rocks Venezuela, causing buildings to be evacuated in the capital of Caracas. https://t.co/WEL5vXAgt4 https://t.co/wXqY7cRQvF",Wed Aug 22 11:42:56 +0000 2018
ernestineg2,Magnitude 6.3 offshore quake hits west of Oregon: USGS https://t.co/copiO5QXhl,,Wed Aug 22 11:41:16 +0000 2018
The_News_DIVA,Magnitude 6.3 offshore quake hits west of Oregon: USGS https://t.co/xCCUS8fzNu via @RawStory #news https://t.co/VflwDhs0Zj,,Wed Aug 22 11:40:34 +0000 2018
Captivate,"A magnitude 7.3 quake shook Venezuela's coast yesterday but likely caused little harm besides knocking out some power, experts said, via @AP",,Wed Aug 22 11:40:03 +0000 2018
BrankoMihic,Northern Venezuela hit by a magnitude-7.3 quake https://t.co/EtB32XyeYW via @WSJ,,Wed Aug 22 11:39:41 +0000 2018
pcdillard,RT @New_Narrative: Magnitude 6.3 offshore quake hits west of Oregon: USGS https://t.co/XsAffsSAYm,Magnitude 6.3 offshore quake hits west of Oregon: USGS https://t.co/XsAffsSAYm,Wed Aug 22 11:38:51 +0000 2018
Vox_Democracy,Magnitude 6.3 offshore quake hits west of Oregon https://t.co/O7zVenZIK5,,Wed Aug 22 11:38:47 +0000 2018
AkaNews6,#lagos #Abuja #news #nigeria #world #worldnews #nigerianews #naija #Africa Strong magnitude 7.3 earthquake shakes Venezuela https://t.co/D4OccCclxF https://t.co/blawy3t0FU,,Wed Aug 22 11:38:32 +0000 2018
markusgarvey,Magnitude 6.3 offshore quake hits west of Oregon: USGS https://t.co/Q8w5HLM4oZ,,Wed Aug 22 11:38:22 +0000 2018
MikRoelof,RT @JComm_NewsFeeds: Magnitude 6.3 offshore quake hits west of Oregon: This is a developing story... https://t.co/25gfXto9ED Haaretz https:â€¦,Magnitude 6.3 offshore quake hits west of Oregon: This is a developing story... https://t.co/25gfXto9ED Haaretz https://t.co/2CpZya0CT8,Wed Aug 22 11:38:05 +0000 2018
IndiaToday,"The quake was recorded at a depth of about 10 km, according to the USGS website.

https://t.co/ZfcCAMNPKp",,Wed Aug 22 11:37:46 +0000 2018
geocosmo_news,Venezuela earthquake: Huge 7.3 magnitude quake rocks country and neighbouring Caribbean islands: https://t.co/aP0FjGUmxP,,Wed Aug 22 11:37:14 +0000 2018
MilkmamaZee,"RT @mascaracity: Magnitude 6.3 offshore quake hits west of Oregon: An offshore earthquake with a magnitude of 6.3 hit west of Bandon, Oregoâ€¦","Magnitude 6.3 offshore quake hits west of Oregon: An offshore earthquake with a magnitude of 6.3 hit west of Bandon, Oregon, the United States Geological Survey said. https://t.co/lJCKuRoFC3 https://t.co/88JHcy4Kp9",Wed Aug 22 11:37:12 +0000 2018
dttonews,Hard earthquake of the Oregon coast. https://t.co/RYS1X4FF0Y,,Wed Aug 22 11:36:54 +0000 2018
haaretzcom,Magnitude 6.3 offshore quake hits west of Oregon https://t.co/2pJZy5c0mq,,Wed Aug 22 11:36:47 +0000 2018
TaxiCalifornia,California earthquake warning: 6.3 magnitude quake rocks US West Coast amid Big One fears https://t.co/gL2vhjoXwk,,Wed Aug 22 11:35:29 +0000 2018
mascaracity,"Magnitude 6.3 offshore quake hits west of Oregon: An offshore earthquake with a magnitude of 6.3 hit west of Bandon, Oregon, the United States Geological Survey said. https://t.co/lJCKuRoFC3 https://t.co/88JHcy4Kp9",,Wed Aug 22 11:34:58 +0000 2018
EmbVenSingapur,"An earthqauke of 7,3 magnitude  shook  the North coast of Venezuela on Tuesday. The Venezuelan Vice President, Delcy Rodriguez, informed the quake didnâ€™t cause any human losses or severe damages",,Wed Aug 22 11:33:43 +0000 2018
Millennial_Rule,Venezuela earthquake #tsunami_warning: Is there tsunami alert after 7.3 magnitude quake hit https://t.co/Emi6YnKBo6 https://t.co/mCZbeYSvBI,,Wed Aug 22 11:31:07 +0000 2018
Carmennevett,"RT @CaracasChron: The moments during and after the quake were captured on VTV, as Diosdado Cabello delivered a speech about how these measuâ€¦","The moments during and after the quake were captured on VTV, as Diosdado Cabello delivered a speech about how these measures will fix the Venezuelan economy: â€œThis is the force of the revolution,â€ he said, looking confused.
https://t.co/ciVwzm2Pi4",Wed Aug 22 11:30:21 +0000 2018
JComm_NewsFeeds,Magnitude 6.3 offshore quake hits west of Oregon: This is a developing story... https://t.co/25gfXto9ED Haaretz https://t.co/2CpZya0CT8,,Wed Aug 22 11:29:05 +0000 2018
emmaRobles20,"RT @Rlopeznews: #DEVELOPING: #Earthquake 
- 7.3-magnitude quake struck 12 miles NW of #Venezuela
-Tremor felt in #TrinidadandTobago and othâ€¦","#DEVELOPING: #Earthquake 
- 7.3-magnitude quake struck 12 miles NW of #Venezuela
-Tremor felt in #TrinidadandTobago and other countries
-Several buildings damaged
-No reports of serious injuries or deaths
-#Tsunami alert lifted https://t.co/GGwIa4VOPZ",Wed Aug 22 11:28:11 +0000 2018
livingitgreen,Magnitude 6.3 offshore quake hits west of Oregon: USGS https://t.co/czBP6XVGHE https://t.co/sfxpcg9g8K,,Wed Aug 22 11:27:05 +0000 2018
Trixfmb,"RT @rtenews: USGS says a magnitude 6.5 offshore quake has hit 302km west of Bandon, Oregon","USGS says a magnitude 6.5 offshore quake has hit 302km west of Bandon, Oregon",Wed Aug 22 11:26:20 +0000 2018
vtblom,Magnitude 6.3 offshore quake hits west of Oregon: USGS https://t.co/Sc4iQw4iXw,,Wed Aug 22 11:26:08 +0000 2018
haaretzcom,"BREAKING
https://t.co/i3EfkXfjdE",,Wed Aug 22 11:25:17 +0000 2018
crewislife,RT @rawstory: Magnitude 6.3 offshore quake hits west of Oregon: USGS https://t.co/zSLjRf8wPO https://t.co/AJHqg3R6jx,,Wed Aug 22 11:25:07 +0000 2018
thejoshuablog,Via @RawStory: Magnitude 6.3 offshore quake hits west of Oregon: USGS https://t.co/OMV9EufI8T https://t.co/8iwn38WAfi,,Wed Aug 22 11:25:06 +0000 2018
poeticvybes,"The quake was centered near the town of Guiria, which is approximately 80km from Port of Spain, Trinidad and Tobago's capital city.... https://t.co/cFTe1V9t36",,Wed Aug 22 11:24:22 +0000 2018
HayharJumm,"Powerful 7.3-Magnitude Quake Hits Venezuela, No Casualties Reported
https://t.co/6RUwvT99pI https://t.co/VS3e0fUC5Q",,Wed Aug 22 11:24:18 +0000 2018
pauljohFUCTRUMP,Magnitude 6.3 offshore quake hits west of Oregon: USGS https://t.co/UHINRlaDtR,,Wed Aug 22 11:24:07 +0000 2018
New_Narrative,Magnitude 6.3 offshore quake hits west of Oregon: USGS https://t.co/XsAffsSAYm,,Wed Aug 22 11:23:47 +0000 2018
realfine693,Magnitude 6.3 offshore quake hits west of Oregon,,Wed Aug 22 11:23:00 +0000 2018
delgeo1,"An offshore earthquake with a magnitude of 6.3 hit 302 km (188 miles) west of Bandon, Oregon, on Wednesday, the  Geological Survey (USGS) said..the quake was recorded at a depth of about 10 km #Nightmare",,Wed Aug 22 11:21:58 +0000 2018
GODZILLASLAYS65,Yellowstoneâ€™s greatest geological threat isnâ€™t a supervolcano. Itâ€™s a magnitude-7 earthquake. - USA TODAY https://t.co/PDnQM36hxb via @GoogleNews,,Wed Aug 22 11:21:15 +0000 2018
NVPeople,Magnitude 6.3 offshore quake hits west of Oregon: USGS https://t.co/V8AauQx4FM @RawStory,,Wed Aug 22 11:20:50 +0000 2018
GODZILLASLAYS65,Magnitude 6.3 offshore quake hits west of Oregon: USGS - CNBC https://t.co/Tes0HdDpEH via @GoogleNews,,Wed Aug 22 11:20:31 +0000 2018
MRSJONEZ,RT @ReutersUS: Magnitude 6.3 offshore quake hits west of Oregon: USGS https://t.co/nd4xT6MRBD,Magnitude 6.3 offshore quake hits west of Oregon: USGS https://t.co/nd4xT6MRBD,Wed Aug 22 11:20:23 +0000 2018
GODZILLASLAYS65,7.3-magnitude quake reported along Venezuelan coast - CNN https://t.co/6jiuYpaZVX via @GoogleNews,,Wed Aug 22 11:20:11 +0000 2018
triple7pro,"Ugh... quake alert waking me up. 
Oregon hit with a 6.2  this morning. 
Hey Cali peeps... are you ready to rock?!
A 6.0+ magnitude quake has you in it's sightsâ€¦ https://t.co/7dW1ZnNxTU",,Wed Aug 22 11:18:59 +0000 2018
NetworkofnewsUK,"Venezuela earthquake: Tsunami alert in the Caribbean as massive magnitude 7.3 quake slams north coast VENEZUELA and Trinidad have been rocked by a massive 7.3 magnitude earthquake.
A tsunami warning has been issued along the Caribbean... https://t.co/l5KeEt8905 https://t.co/aEi37NuH2Y",,Wed Aug 22 11:18:15 +0000 2018
sansarnews1,"7.3-magnitude quake jolts Venezuelaâ€™s coast, no tsunami threat https://t.co/z03oEUyByP",,Wed Aug 22 11:17:24 +0000 2018
FranceBabani,"RT @tictoc: A 7.3-magnitude earthquake rocks Venezuela, the largest to strike the country since 1900. Little damage reported #Temblor httpsâ€¦","A 7.3-magnitude earthquake rocks Venezuela, the largest to strike the country since 1900. Little damage reported #Temblor https://t.co/7ATiVMcEL3 https://t.co/GNBIa50JUg",Wed Aug 22 11:17:24 +0000 2018
Lady_CPR,Magnitude 6.3 offshore quake hits west of Oregon: USGS | Reuters #SmartNews  https://t.co/hYKGXKyM9Y,,Wed Aug 22 11:17:03 +0000 2018
1nmemoriam,RT @jacook02: As if #FoodShortages and #HyperInflation were not enough - #Venezuela struck by #NaturalDisaster: https://t.co/YBXiuAJVw2,As if #FoodShortages and #HyperInflation were not enough - #Venezuela struck by #NaturalDisaster: https://t.co/YBXiuAJVw2,Wed Aug 22 11:16:02 +0000 2018
CJAD800,"QUAKE: U-S Geological Survey says magnitude 6.2 earthquake struck 354Km southwest of Portland, Oregan overnight. No injuries or damage.",,Wed Aug 22 11:15:29 +0000 2018
AdpresNet,California earthquake warning: 6.3 magnitude quake rocks US West Coast amid Big One fears - https://t.co/BMCkQdpLrR https://t.co/aSV6hz2bt6,,Wed Aug 22 11:13:50 +0000 2018
distressedvol,Magnitude 6.3 offshore quake hits west of Oregon: USGS https://t.co/v8dPPFuj36,,Wed Aug 22 11:13:33 +0000 2018
FeetCandy,Magnitude 6.3 offshore quake hits west of Oregon: USGS https://t.co/OZPy1ipk8u,,Wed Aug 22 11:13:06 +0000 2018
jacook02,As if #FoodShortages and #HyperInflation were not enough - #Venezuela struck by #NaturalDisaster: https://t.co/YBXiuAJVw2,,Wed Aug 22 11:12:44 +0000 2018
PutinDaGreat1,Magnitude 6.3 offshore quake hits west of Oregon: USGS https://t.co/4LWOdjNI5V,,Wed Aug 22 11:11:03 +0000 2018
prepperbot,RT @Preparedkathy: Are you ready for an earthquake? Magnitude 6.3 offshore quake hits west of Oregon: USGS https://t.co/UwKQxkvlB9 #prepperâ€¦,Are you ready for an earthquake? Magnitude 6.3 offshore quake hits west of Oregon: USGS https://t.co/UwKQxkvlB9 #preppertalk #prepping #preppers https://t.co/j8QTPFyYmt,Wed Aug 22 11:10:08 +0000 2018
JohnShrable,6.2 magnitude quake off the coast of Oregon early this morning.  USGS says there is no risk of tsunami due to the quake.  Reports of shaking as far away as Portland.  https://t.co/KFpz8xR9QE https://t.co/0Ur0QCdVLT,,Wed Aug 22 11:09:38 +0000 2018
Theophany1,California earthquake warning: 6.3 magnitude quake rocks US West Coast amid Big One fears - https://t.co/Of3mRLbBUg https://t.co/fPsGRxEupM https://t.co/Izv5JFRZIB,,Wed Aug 22 11:09:07 +0000 2018
kmwilson40,Magnitude 6.3 offshore quake hits west of Oregon: USGS https://t.co/tBgq6sAoEY,,Wed Aug 22 11:08:27 +0000 2018
srbija_eu,"An offshore earthquake with a magnitude of 6.3 hit 302 km (188 miles) west of Bandon, #Oregon, on Wednesday, the United States Geological Survey (USGS) said. The quake was recorded at a depth of about 10 km, according to the USGS website.
No immediate tsunami warning was posted",,Wed Aug 22 11:08:17 +0000 2018
CFDTrading1,"Magnitude 6.3 offshore quake hits west of Oregon: USGS

An offshore earthquake with a magnitude of 6.3 hit 302 km (188 miles) west of Bandon, Oregon, on Wednesday, the United States Geological Survey (USGS) said. The quake was recorded at a depth of... https://t.co/q7zsHTm6CO",,Wed Aug 22 11:07:43 +0000 2018
nathankilv1,Magnitude 6.3 offshore quake hits west of Oregon: USGS | Reuters https://t.co/hi8hOoRJ8B,,Wed Aug 22 11:07:38 +0000 2018
Impeachinator1,Magnitude 6.3 offshore quake hits west of Oregon: USGS https://t.co/h28Hjg9n6A,,Wed Aug 22 11:04:50 +0000 2018
SteFanMa83,6.2 Magnitude Quake Strikes Off the Coast of Oregon https://t.co/f8rttG90US via @nbcbayarea,,Wed Aug 22 11:03:51 +0000 2018
Allnewsnetworks,California earthquake warning: 6.3 magnitude quake rocks US West Coast amid Big One fears - https://t.co/7wUsHiINVe https://t.co/XXTx2VaC4f,,Wed Aug 22 11:03:40 +0000 2018
voijuni9,RT @CTVNewsVI: 4.3-magnitude quake reported off coast of Vancouver Island https://t.co/JfswFY3ODY,4.3-magnitude quake reported off coast of Vancouver Island https://t.co/JfswFY3ODY,Wed Aug 22 11:02:43 +0000 2018
microsoftnews,USGS: Magnitude 6.3 offshore quake hits west of Oregon https://t.co/vEpKVFG9Wf,,Wed Aug 22 11:02:34 +0000 2018
MSN,USGS: Magnitude 6.3 offshore quake hits west of Oregon https://t.co/bEG2hrlR2x,,Wed Aug 22 11:02:33 +0000 2018
pf_archie,RT @CMAGracias: Magnitude 6.3 Earthquake Hits Off Coast of Western Oregon: https://t.co/zmK3l60tlQ via @SputnikInt,Magnitude 6.3 Earthquake Hits Off Coast of Western Oregon: https://t.co/zmK3l60tlQ via @SputnikInt,Wed Aug 22 11:02:06 +0000 2018
yasirshah19904,Magnitude 6.3 offshore quake hits west of Oregon: USGS https://t.co/j0yluxCosu,,Wed Aug 22 11:01:26 +0000 2018
Preparedkathy,Are you ready for an earthquake? Magnitude 6.3 offshore quake hits west of Oregon: USGS https://t.co/UwKQxkvlB9 #preppertalk #prepping #preppers https://t.co/j8QTPFyYmt,,Wed Aug 22 11:01:20 +0000 2018
alriyadhdaily,"Powerful 7.3-magnitude quake hits Venezuela, no casualties reported  https://t.co/kzMo5b1Q33 https://t.co/R3MxK7nY4n",,Wed Aug 22 11:00:47 +0000 2018
TheArticleTrunk,Magnitude 6.3 offshore quake hits west of Oregon:Â USGS https://t.co/3SXVcpvqxQ,,Wed Aug 22 11:00:40 +0000 2018
mahanthanut,Yellowstoneâ€™s greatest geological threat isnâ€™t a supervolcano. Itâ€™s a magnitude-7 earthquake. https://t.co/J1qweC6GZr via @usatoday,,Wed Aug 22 10:59:54 +0000 2018
Ybet,7.3-magnitude quake reported along Venezuelan coast @CNN https://t.co/HMjfMvxHth,,Wed Aug 22 10:59:31 +0000 2018
GonzaloWolfred,California earthquake warning: 6.3 magnitude quake rocks US West Coast amid Big One fears - https://t.co/4qTzzZQO92 https://t.co/2dJkl1Jg2Z,,Wed Aug 22 10:58:18 +0000 2018
CMAGracias,Magnitude 6.3 Earthquake Hits Off Coast of Western Oregon: https://t.co/zmK3l60tlQ via @SputnikInt,,Wed Aug 22 10:57:52 +0000 2018
TheArticleTrunk,Magnitude 6.3 offshore quake hits west of Oregon:Â USGS https://t.co/mt3cPka6Ky,,Wed Aug 22 10:56:38 +0000 2018
