zepy32,"@TylerElsa @sonomasheriff Seems like they were being blunt and honest because they don't have time to talk to people that aren't interested in evacuating from a fire that could potentially kill them. They're not there to do community outreach or report news, they're there to save lives.",,Sat Aug 04 07:04:24 +0000 2018
pamela12931446,"@KarlKrambert @davidjshipley @MrAndyNgo I don‚Äôt know, but there was shit in the street...that‚Äôs a biological weapon as far as I‚Äôm concerned, and people that condone evacuating your colon on a public street, should be put in a mental institution.",,Sat Aug 04 04:50:13 +0000 2018
ForsakenEmpress,"all north koreans are evil bc kim jong un, aight

did you even do the questline? you're busy evacuating people 
the only one who's okay with the burning is Sylvanas and arguably Nathanos https://t.co/qZSb1O5xWF",,Sat Aug 04 00:52:12 +0000 2018
Vikalp6990,RT @11Ndrf: #flood2018 @11Ndrf team evacuating flood affected people in behraich up. @NDRFHQ @UPCMyogi @CMOfficeUP @rahat_up https://t.co/U‚Ä¶,#flood2018 @11Ndrf team evacuating flood affected people in behraich up. @NDRFHQ @UPCMyogi @CMOfficeUP @rahat_up https://t.co/Unl4CifvNc,Sat Aug 04 00:21:09 +0000 2018
barbarawood,"@MarianKeyes People do realize that Greece is living through extreme chaos in recent weeks due to the fires that have raged in the greater Athens area? The airport and airlines who operate there have been evacuating people as a priority. If they lose a few bags, give them a break üòâ",,Fri Aug 03 23:41:29 +0000 2018
SubBeck,"While evacuating the town, people in Lynchburg should be thinking about climate change. https://t.co/3305a0J9Tz",,Fri Aug 03 23:15:37 +0000 2018
sachikoko,"RT @MiddletownVets: Lastly, if you are evacuating from the most recent evacuation zones of  Clearlake Oaks, Lucerne &amp; Glenhaven areas &amp; you‚Ä¶","Lastly, if you are evacuating from the most recent evacuation zones of  Clearlake Oaks, Lucerne &amp; Glenhaven areas &amp; you have pets please go to the  Middletown High School evacuation shelter. This shelter is accepting people &amp; their pets. #RiverFire #RanchFire #MendocinoComplex",Fri Aug 03 22:02:16 +0000 2018
MiddletownVets,"Lastly, if you are evacuating from the most recent evacuation zones of  Clearlake Oaks, Lucerne &amp; Glenhaven areas &amp; you have pets please go to the  Middletown High School evacuation shelter. This shelter is accepting people &amp; their pets. #RiverFire #RanchFire #MendocinoComplex",,Fri Aug 03 19:44:50 +0000 2018
KateBrownForOR,"RT @KATUNews: UPDATE: The South Valley Fire burning near Dufur has grown to 6,000 acres. The BLM is also evacuating people along the Deschu‚Ä¶","UPDATE: The South Valley Fire burning near Dufur has grown to 6,000 acres. The BLM is also evacuating people along the Deschutes River from Sandy Beach to Macks Canyon. https://t.co/w0oWtunEGq #LiveOnK2 https://t.co/HvAMoM8JML",Fri Aug 03 16:56:12 +0000 2018
BrendaYahm,"RT @FOX5Vegas: #LIVE Lombardo: There have been no other gunmen identified, no other shootings that we have identified -- to clarify, we had‚Ä¶","#LIVE Lombardo: There have been no other gunmen identified, no other shootings that we have identified -- to clarify, we had people evacuating with injuries and that led to belief of other shooters
Watch &gt;https://t.co/DFP6LzG4hQ https://t.co/DWx0mh1vby",Fri Aug 03 16:55:14 +0000 2018
FOX5Vegas,"#LIVE Lombardo: There have been no other gunmen identified, no other shootings that we have identified -- to clarify, we had people evacuating with injuries and that led to belief of other shooters
Watch &gt;https://t.co/DFP6LzG4hQ https://t.co/DWx0mh1vby",,Fri Aug 03 16:22:05 +0000 2018
thstaff,"Conversation I just heard while out: ‚ÄúDam in Lynchburg IS GOING to break and a 17 FOOT WALL OF WATER is going to hit town! They are evacuating 80,000 people.‚Äù #ummmnotheyarent",,Fri Aug 03 16:13:39 +0000 2018
pepperkatw,RT @Jamesnorcal1: I LIVE IN REDDING AND WILLING TO HELP PEOPLE LOAD THEIR VEHICLES/TRAILERS IN ANTICIPATION OF EVACUATING. PLEASE RETWEET S‚Ä¶,I LIVE IN REDDING AND WILLING TO HELP PEOPLE LOAD THEIR VEHICLES/TRAILERS IN ANTICIPATION OF EVACUATING. PLEASE RETWEET SO PEOPLE IN #redding CAN SEE. ANY TIME OF THE DAY/NIGHT CONTACT ME #CarrFire,Fri Aug 03 15:17:03 +0000 2018
RexCloneCaptain,"@IAintNoJedi *Rex stares at her at the mention of clones shooting the Jedi, as does Fives. Mace frowns* ‚ÄúDo you have a timeframe on this event? It seems to be a glimpse of the future. I‚Äôve seen it too. There are clones I don‚Äôt see in the fray killing Jedi. Those clones are evacuating people.‚Äù",,Fri Aug 03 14:26:53 +0000 2018
JakeSinatra98,@traplil400 Lmaoooo fool 17 feet doe?! That‚Äôs OD . They already evacuating people,,Fri Aug 03 13:25:18 +0000 2018
kirin_w,"RT @VAfirenet: Lynchburg, Va *Evacuations* College lake dam has reached capacity and overflowing, risk of failing, People are evacuating fr‚Ä¶","Lynchburg, Va *Evacuations* College lake dam has reached capacity and overflowing, risk of failing, People are evacuating from area of Blackwater Creek Trail. Use caution, adhere to warning signs. (VFN273)",Fri Aug 03 12:01:32 +0000 2018
LexGrayWAVY,"Check out this video -- our @KPattersonWAVY is monitoring everything that's happening in Lynchburg, where people are evacuating because a dam may fail. Look for updates on @WAVY_News. https://t.co/saNLo7vRjx",,Fri Aug 03 09:39:12 +0000 2018
SamuelShawAllen,@BriteEyes8 Saw another report the damn was about to break and they were evacuating people.,,Fri Aug 03 07:12:26 +0000 2018
TirtaNews,"People keep making the same mistake while evacuating planes, yet not much is being done about it
https://t.co/WEkjuSS01S",,Fri Aug 03 07:00:17 +0000 2018
AbhinavAgarwal,"RT @WSJGraphics: People keep making the same mistake while evacuating planes, yet not much is being done about it https://t.co/71j7YFcWV6 v‚Ä¶","People keep making the same mistake while evacuating planes, yet not much is being done about it https://t.co/71j7YFcWV6 via @WSJ https://t.co/HGyDd1Mkb8",Fri Aug 03 03:55:51 +0000 2018
mel4866,"Virginiafirenet @VAfirenet
Lynchburg, Va *Evacuations* College lake dam has reached capacity and overflowing, risk of failing, People are evacuating from area of Blackwater Creek Trail. Use caution, adhere to warning signs",,Fri Aug 03 02:55:35 +0000 2018
VAfirenet,"Lynchburg, Va *Evacuations* College lake dam has reached capacity and overflowing, risk of failing, People are evacuating from area of Blackwater Creek Trail. Use caution, adhere to warning signs. (VFN273)",,Fri Aug 03 02:50:11 +0000 2018
astrohollands,"them emergency evacuating metlife due to the weather is my worst nightmare, that many people rushing towards exits?? nope, no thank you my anxiety would be off the charts",,Fri Aug 03 02:34:21 +0000 2018
FxxkAgustD,"I'm having war flashbacks to my show, I didn't even get to make it into the stadium bc they were already evacuating people when I got there and we had to go into an arena for shelter, I cried bc I thought I wasn't gonna see her but then the storm passed and all was good https://t.co/zRUlHA1LBY",,Fri Aug 03 02:25:18 +0000 2018
BEYUPDATES2,55k people evacuating at once? https://t.co/bhQVmPvLvt,,Fri Aug 03 01:58:35 +0000 2018
HunnyBree,Omg there‚Äôs a thunderstorm coming and they‚Äôre evacuating the people on the floor #OTRII,,Fri Aug 03 01:54:15 +0000 2018
BazookaLoaded,"@JMcfeels @PutinPepe1 I think the USA needs to start evacuating decent people, people that can contribute to USA :first from these countires, sounds fucked up and is, but what's not......

EXACTLY! BOOM!",,Fri Aug 03 01:02:30 +0000 2018
NextGen_Travelr,People keep making the same mistake when evacuating planes; not much is being done about it something to keep in mind when you‚Äôre 5 rows away from an exit watching the people in front of you grab their bags from the overhead. #crashprocedures #SafetyFirst  https://t.co/Nyxlv5KUjk,,Fri Aug 03 00:32:38 +0000 2018
raena,@bewarethefish Are they evacuating it or are people just fleeing for lunch? (Bad photo) https://t.co/KZ7l062rOf,,Fri Aug 03 00:22:31 +0000 2018
micky584,"@neeneenat @GregShugar @realDonaldTrump Who makes an ignorant statement like this? Someone made a car spark causing a firestorm, killing 8 ppl, burning 800 homes, 104,000 acres n evacuating 37th ppl so Ca, the richest state in the country, can get fed $$? People can be callous but your statement is disgusting.",,Fri Aug 03 00:21:45 +0000 2018
TroikaToday,"People keep making the same mistake while evacuating planes, yet not much is being done about it https://t.co/krsmVVbm4C via @WSJ",,Fri Aug 03 00:00:38 +0000 2018
firesafety4all,#Building Circulation Routes MUST BE Designed 4 #CONTRAFLOW &gt; People #EVACUATING As #Firefighters ENTERING !   #Design #Fire #FFsafety #PwAL,,Thu Aug 02 21:00:11 +0000 2018
loversaymannour,"RT @RainI30VV: #ÿßÿ±ÿ≠ŸÑ_Ÿäÿßÿ≥Ÿäÿ≥Ÿä step down Sisi
The dictator achievements in 5 years: 
4500 killed. 
80k detained . 
Building 18 super huge pris‚Ä¶","#ÿßÿ±ÿ≠ŸÑ_Ÿäÿßÿ≥Ÿäÿ≥Ÿä step down Sisi
The dictator achievements in 5 years: 
4500 killed. 
80k detained . 
Building 18 super huge prisons .
Violating human rights.
Evacuating Sainai and terrifying People there.
Cultivating terrorism. 
Deliberately destroying The Egyptian economy",Thu Aug 02 20:32:57 +0000 2018
JoanGralla,"People keep making the same mistake while evacuating planes, yet not much is being done about it https://t.co/DJeBfzEaGl via @WSJ",,Thu Aug 02 20:08:18 +0000 2018
EthanWDTN,*people treating patients. Everyone else appears to evacuating. https://t.co/XszvNTdeuP,,Thu Aug 02 18:50:35 +0000 2018
Zir0_Tolerance,"RT @nidhichoudhari: Good work done by AC G South Devendra Jain, his team &amp; the police department in evacuating the people from a  g+7 build‚Ä¶","Good work done by AC G South Devendra Jain, his team &amp; the police department in evacuating the people from a  g+7 building which has been declared as C-1 dilapidated

Evacuating people from their houses is a thankless job done amidst resistance but it‚Äôs necessary to save lives https://t.co/90BQJW6Ky5",Thu Aug 02 18:35:39 +0000 2018
MatthewKick,Per local news people are evacuating 1st floor of Wright Patt hospital,,Thu Aug 02 18:14:56 +0000 2018
IAFF9th,"While wildfire concerns often revolve around homes near the edge of town or in rural subdivisions, the Bessie Butte Fire highlighted an often-forgotten aspect of wildfires: their impact on people living in the forest because they have nowhere else to go. https://t.co/Np3iqGn11S",,Thu Aug 02 17:55:05 +0000 2018
SusanCoiaGailey,"People keep making the same mistake while evacuating planes, yet not much is being done about it https://t.co/wF31KwFo4P via @WSJ",,Thu Aug 02 16:22:36 +0000 2018
cargirl579,"People keep making the same mistake while evacuating planes, yet not much is being done about it https://t.co/xwzsoBO9sm via @WSJ",,Thu Aug 02 16:13:38 +0000 2018
beeasy1028,"RT @WSJ: People keep making the same mistake while evacuating planes, yet not much is being done about it
https://t.co/3zeUAw21ti","People keep making the same mistake while evacuating planes, yet not much is being done about it
https://t.co/3zeUAw21ti",Thu Aug 02 16:03:24 +0000 2018
witnwords1,"People keep making the same mistake while evacuating planes, yet not much is being done about it https://t.co/UvdVJUyvRy via @WSJ",,Thu Aug 02 15:48:10 +0000 2018
panditrajeevsh1,"RT @netanyahu: Several days ago President Trump contacted me, as did Canadian Prime Minister Trudeau and others, and requested that we assi‚Ä¶","Several days ago President Trump contacted me, as did Canadian Prime Minister Trudeau and others, and requested that we assist in evacuating hundreds of White Helmets from Syria. These are people who have saved lives and whose lives were in danger.",Thu Aug 02 15:40:07 +0000 2018
mknz,"People keep making the same mistake while evacuating planes, yet not much is being done about it https://t.co/CeZdxjPs1e",,Thu Aug 02 15:31:12 +0000 2018
IEObserve,"People keep making the same mistake while evacuating planes, yet not much is being done about it https://t.co/KJGvwNsbFs via WSJ https://t.co/xUkPdEIQC4",,Thu Aug 02 15:15:30 +0000 2018
WSJGraphics,"People keep making the same mistake while evacuating planes, yet not much is being done about it https://t.co/71j7YFcWV6 via @WSJ https://t.co/HGyDd1Mkb8",,Thu Aug 02 15:11:42 +0000 2018
AchillesofHomer,"People keep making the same mistake while evacuating planes, yet not much is being done about it https://t.co/81ehsUMLfN",,Thu Aug 02 14:47:35 +0000 2018
nidhichoudhari,"Good work done by AC G South Devendra Jain, his team &amp; the police department in evacuating the people from a  g+7 building which has been declared as C-1 dilapidated

Evacuating people from their houses is a thankless job done amidst resistance but it‚Äôs necessary to save lives https://t.co/90BQJW6Ky5",,Thu Aug 02 14:37:38 +0000 2018
WSJLife,"People keep making the same mistake while evacuating planes, yet not much is being done about it https://t.co/sbNpzKjNcu",,Thu Aug 02 14:19:46 +0000 2018
HongLovy,"People keep making the same mistake while evacuating planes, yet not much is being done about it https://t.co/4zkVzgvnFi",,Thu Aug 02 13:32:34 +0000 2018
MHSAgt355,"DEFINITION OF INSANITY People keep making the same mistake while evacuating planes, yet not much is being done about it https://t.co/YiCh0VfthM via @WSJ",,Thu Aug 02 13:09:04 +0000 2018
HalinTexas,"People keep making the same mistake while evacuating planes, yet not much is being done about it.

Well, duh. 

Pay attention.  This might just save your life.  https://t.co/XazN3Q98t2",,Thu Aug 02 12:38:35 +0000 2018
entsurg,"People keep making the same mistake while evacuating planes, yet not much is being done about it https://t.co/2WVzf4S8G2",,Thu Aug 02 10:04:45 +0000 2018
shehzadyounis,"People keep making the same mistake while evacuating planes, yet not much is being done about it https://t.co/GTixTQ0N9Z",,Thu Aug 02 09:02:52 +0000 2018
mwityk,"People keep making the same mistake while evacuating planes, yet not much is being done about it https://t.co/8VGyehi0k3",,Thu Aug 02 09:00:19 +0000 2018
11Ndrf,#flood2018 @11Ndrf team evacuating flood affected people in behraich up. @NDRFHQ @UPCMyogi @CMOfficeUP @rahat_up https://t.co/Unl4CifvNc,,Thu Aug 02 08:22:39 +0000 2018
cdesplaces,"People keep making the same mistake while evacuating planes, yet not much is being done about it https://t.co/INYlxE0paj",,Thu Aug 02 07:28:14 +0000 2018
CalliopeCo,"‚úàÔ∏è People keep making the same mistake while evacuating planes, yet not much is being done about it https://t.co/eUKsg4Y50x via @WSJ",,Thu Aug 02 07:25:44 +0000 2018
Bullish,"People keep making the same mistake while evacuating planes, yet not much is being done about it
https://t.co/CS7GRqAo84",,Thu Aug 02 07:14:31 +0000 2018
mdavis1,"People keep making the same mistake while evacuating planes, yet not much is being done about it https://t.co/kNpPNL7Pbd",,Thu Aug 02 07:10:27 +0000 2018
SocialLifeMiami,"People keep making the same mistake while evacuating planes, yet not much is being done about it
https://t.co/Dx5hOPTfqG",,Thu Aug 02 07:09:47 +0000 2018
ncbengolf,"RT WSJ: People keep making the same mistake while evacuating planes, yet not much is being done about it
https://t.co/2CBeIml7VI",,Thu Aug 02 07:01:50 +0000 2018
kimkian,"People keep making the same mistake while evacuating planes, yet not much is being done about it https://t.co/3khon8zKxV via @WSJ",,Thu Aug 02 06:36:41 +0000 2018
WSJ,"People keep making the same mistake while evacuating planes, yet not much is being done about it
https://t.co/3zeUAw21ti",,Thu Aug 02 05:30:05 +0000 2018
FinLearn4Life,"People keep making the same mistake while evacuating planes, yet not much is being done about it https://t.co/bYkBFok9B8 via @WSJ",,Thu Aug 02 05:12:02 +0000 2018
KATUNews,"UPDATE: The South Valley Fire burning near Dufur has grown to 6,000 acres. The BLM is also evacuating people along the Deschutes River from Sandy Beach to Macks Canyon. https://t.co/w0oWtunEGq #LiveOnK2 https://t.co/HvAMoM8JML",,Thu Aug 02 03:47:08 +0000 2018
JoanGralla,"People keep making the same mistake while evacuating planes, yet not much is being done about it https://t.co/DJeBfzEaGl",,Thu Aug 02 03:31:36 +0000 2018
StefanM411,@BTtoronto Hey @TwitterCanada people are not evacuating Parry Sound please remove tweet and their verified badge for fake news,,Thu Aug 02 02:02:36 +0000 2018
karlkaeten,"People keep making the same mistake while evacuating planes, yet not much is being done about it https://t.co/BrSApRrLCH",,Thu Aug 02 01:02:35 +0000 2018
StandwithmeTT,"RT @AngelGoulet: People need help evacuating horses here in Oregon.
These fires are killing us!","People need help evacuating horses here in Oregon.
These fires are killing us!",Thu Aug 02 00:58:39 +0000 2018
GabyGardener,RT @PaddleKillarney: Media reporting people in #Killarney are evacuating their homes. That‚Äôs not us here in town of Killarney or #Killarney‚Ä¶,Media reporting people in #Killarney are evacuating their homes. That‚Äôs not us here in town of Killarney or #KillarneyProvincialPark or along #Highway637 Our thoughts are with those affected by #forestfires around Parry Sound &amp; French River but here roads lakes trails Park are ok https://t.co/R2INBOK5C5,Thu Aug 02 00:52:34 +0000 2018
AngelGoulet,"People need help evacuating horses here in Oregon.
These fires are killing us!",,Thu Aug 02 00:27:27 +0000 2018
lynnm7417,"People keep making the same mistake while evacuating planes, yet not much is being done about it: carry-on luggage retrieval in an emergency situation. https://t.co/eHMMt9SfDJ via @WSJ",,Thu Aug 02 00:02:27 +0000 2018
Lenmack10,"People keep making the same mistake while evacuating planes, yet not much is being done about it https://t.co/duXx55cvmV",,Wed Aug 01 23:56:43 +0000 2018
WileyCoyote79P,"People keep making the same mistake while evacuating planes, yet not much is being done about it ‚Å¶@realDonaldTrump‚Å© #BanCheckedBaggageFees https://t.co/QFKPypGJ5M",,Wed Aug 01 23:11:19 +0000 2018
powerswj,"People keep making the same mistake while evacuating planes, yet not much is being done about it https://t.co/wboNO9PKmc via @WSJ",,Wed Aug 01 22:12:37 +0000 2018
fIirtv,imma just go burn who cares if they are evacuating people,,Wed Aug 01 21:43:49 +0000 2018
NewsflashN,"Carr Fire: California brings in MILITARY to wage war on flames - https://t.co/omcKytsiZz

California‚Äôs Carr Fire has been coursing through the northern most areas of the state, decimating local areas and evacuating thousands.
So far, a total of six people have died in the bla... https://t.co/VdBo8puoKA",,Wed Aug 01 21:31:01 +0000 2018
donnadmarie1,"@CTVNews Hopefully they will get some rain to help the firefighters battle these blazes, and I really pray that people are evacuating.  It's been another bad summer for forest fires.",,Wed Aug 01 21:03:45 +0000 2018
ashleigh_xm,Are people seriously taking their suitcases? More to the point why are the cabin crew on board evacuating allowing this?!? https://t.co/bJDAmpMwlU,,Wed Aug 01 20:58:07 +0000 2018
rwlowry3,"I want to share this article with all of my friends and family who fly.  This article shows that people keep making the same mistake while evacuating planes, yet not much is being done about it. https://t.co/cZHHuFPPCO via @WSJ",,Wed Aug 01 20:57:23 +0000 2018
meshachweber,"RT @TomFlowers: People keep making the same mistake while evacuating planes, yet not much is being done about it https://t.co/0qO3bVii7R vi‚Ä¶","People keep making the same mistake while evacuating planes, yet not much is being done about it https://t.co/0qO3bVii7R via @WSJ",Wed Aug 01 20:53:57 +0000 2018
DennisGTompkins,"People keep making the same mistake while evacuating planes, yet not much is being done about it https://t.co/SviiIleIjR via @WSJ",,Wed Aug 01 20:41:01 +0000 2018
cobillard,"People keep making the same mistake while evacuating planes, yet not much is being done about it https://t.co/TwX6rN3NIu",,Wed Aug 01 20:36:07 +0000 2018
OurMissingNews_,"People keep making the same mistake while evacuating planes, yet not much is being done about it https://t.co/kqP6t0bMJg via @WSJ",,Wed Aug 01 20:20:28 +0000 2018
WSJLife,"People keep making the same mistake while evacuating planes, yet not much is being done about it https://t.co/BnwcuI7GKT via @WSJ",,Wed Aug 01 20:08:30 +0000 2018
MicheleRMcD,"People keep making the same mistake while evacuating planes, yet not much is being done about it https://t.co/OpyWp14KOe via @WSJ",,Wed Aug 01 19:57:46 +0000 2018
TomFlowers,"People keep making the same mistake while evacuating planes, yet not much is being done about it https://t.co/0qO3bVii7R via @WSJ",,Wed Aug 01 19:36:02 +0000 2018
jannwilcox,"People keep making the same mistake while evacuating planes, yet not much is being done about it https://t.co/oqE9k2zEKd via @WSJ",,Wed Aug 01 19:11:39 +0000 2018
menaeconomist,"People keep making the same mistake while evacuating planes, yet not much is being done about it https://t.co/TlHBEIsZXX via @WSJ",,Wed Aug 01 19:10:09 +0000 2018
WSJLife,"People keep making the same mistake while evacuating planes, yet not much is being done about it https://t.co/nWZRG3tx3q via @WSJ",,Wed Aug 01 18:58:04 +0000 2018
Purpleheart0,"RT @IsraeliPM: Several days ago @POTUS Trump contacted me, as did @CanadianPM Trudeau and others, and requested that we assist in evacuatin‚Ä¶","Several days ago @POTUS Trump contacted me, as did @CanadianPM Trudeau and others, and requested that we assist in evacuating hundreds of 'White Helmets' from Syria. These are people who have saved lives and whose lives were in danger. https://t.co/mGzFCvPe1X",Wed Aug 01 18:55:11 +0000 2018
stefaniei,"RT @MiddleSeat: People keep making the same mistake while evacuating planes, yet not much is being done about it https://t.co/ZhtbGBSSF8 vi‚Ä¶","People keep making the same mistake while evacuating planes, yet not much is being done about it https://t.co/ZhtbGBSSF8 via @WSJ",Wed Aug 01 18:32:12 +0000 2018
ScottMalone91,"People keep making the same mistake while evacuating planes, yet not much is being done about it https://t.co/jmU5mgHwpl via @WSJ",,Wed Aug 01 18:31:32 +0000 2018
davenieland,"People keep making the same mistake while evacuating planes, yet not much is being done about it https://t.co/UZLajoo2qs via @WSJ",,Wed Aug 01 18:31:32 +0000 2018
jon_kamp,"People keep making the same mistake while evacuating planes, yet not much is being done about it https://t.co/4Cmgnd4JPd via @WSJ https://t.co/DiF9ySNVKi",,Wed Aug 01 18:25:24 +0000 2018
daleamtsberg,"RT @WVAsia: Heavy rains has caused major floods in several states &amp; regions in #Myanmar. Floodwaters remain high, people are evacuating. Wo‚Ä¶","Heavy rains has caused major floods in several states &amp; regions in #Myanmar. Floodwaters remain high, people are evacuating. World Vision has distributed @ProcterGamble water purification sachets &amp; high energy biscuits in partnership with @WFP",Wed Aug 01 18:23:51 +0000 2018
drbret,"People keep making the same mistake while evacuating planes, yet not much is being done about it https://t.co/F7ERNmY064 via @WSJ @MiddleSeat",,Wed Aug 01 17:25:39 +0000 2018
melonzieglers,@awwjvo PEOPLE ARE PROBABLY EVACUATING RN AFTER READING THIS THREADüòÇüòÇ,,Wed Aug 01 16:35:52 +0000 2018
ka_tornay,"Read this cool @reporterDM A1 about what it's like on the front lines of fires that keep evacuating increasing numbers of people in Southern Oregon, esp. the Taylor Creek Fire, part of Garner Complex near Grants Pass.
https://t.co/sE4OznG8Fh",,Wed Aug 01 16:20:00 +0000 2018
IrishBites,@MarshMeileo @Faebelina Shouldve had them evacuating people before the fires started.,,Wed Aug 01 16:09:26 +0000 2018
iforkish,"People keep making the same mistake while evacuating planes, yet not much is being done about it https://t.co/2eof9hjUQ3 via @WSJ",,Wed Aug 01 16:00:50 +0000 2018
lsteinreporter,"People keep making the same mistake while evacuating planes, yet not much is being done about it https://t.co/dR526LEjvH via @WSJ",,Wed Aug 01 15:48:51 +0000 2018
SteveSinger10,"People keep making the same mistake while evacuating planes, yet not much is being done about it https://t.co/DrUDK7r05M via @WSJ",,Wed Aug 01 15:48:22 +0000 2018
dtnelson,"WSJ: People keep making the same mistake while evacuating planes, yet not much is being done about it // Get off the plane. Leave your bags behind. https://t.co/Xq4MilAaUp",,Wed Aug 01 15:31:19 +0000 2018
PaddleKillarney,Media reporting people in #Killarney are evacuating their homes. That‚Äôs not us here in town of Killarney or #KillarneyProvincialPark or along #Highway637 Our thoughts are with those affected by #forestfires around Parry Sound &amp; French River but here roads lakes trails Park are ok https://t.co/R2INBOK5C5,,Wed Aug 01 15:28:36 +0000 2018
mikemaloneyny,"People keep making the same mistake while evacuating planes, yet not much is being done about it https://t.co/TQYPonTYcS",,Wed Aug 01 15:26:51 +0000 2018
EnRiqUEjR2005,RT @WashoeSheriff: Evacuation center for people evacuating from the Perry Fire has been moved from Shaw Middle School to the Ironwood Event‚Ä¶,Evacuation center for people evacuating from the Perry Fire has been moved from Shaw Middle School to the Ironwood Events Center on Whiskey Springs Road https://t.co/wRl8IaUta5,Wed Aug 01 15:12:46 +0000 2018
Antonio_Bernal,"People keep making the same mistake while evacuating planes, yet not much is being done about it https://t.co/UmMeknJpfM via @WSJ",,Wed Aug 01 14:55:30 +0000 2018
schellhor,"People keep making the same mistake while evacuating planes, yet not much is being done about it https://t.co/flrjaOnezA via @WSJ #aviation #safety #flying #airplanes",,Wed Aug 01 14:46:30 +0000 2018
drkatedonovan,"RT @LuxeTiffany: People keep making the same mistake while evacuating planes, yet not much is being done about it ‚Å¶@WSJ‚Å© #travel  https://t‚Ä¶","People keep making the same mistake while evacuating planes, yet not much is being done about it ‚Å¶@WSJ‚Å© #travel  https://t.co/zzZNGWlVX2",Wed Aug 01 14:38:02 +0000 2018
MiddleSeat,"People keep making the same mistake while evacuating planes, yet not much is being done about it https://t.co/ZhtbGBSSF8 via @WSJ",,Wed Aug 01 14:28:02 +0000 2018
AdamTrot,"People keep making the same mistake while evacuating planes, yet not much is being done about it https://t.co/s4csThNkdL via @WSJ",,Wed Aug 01 14:24:43 +0000 2018
WSJLife,"People keep making the same mistake while evacuating planes, yet not much is being done about it https://t.co/whY9dovuYo",,Wed Aug 01 14:15:42 +0000 2018
RichC,"People keep making the same mistake while evacuating planes, yet not much is being done about it https://t.co/OkxDlPHE16",,Wed Aug 01 14:14:16 +0000 2018
LuxeTiffany,"People keep making the same mistake while evacuating planes, yet not much is being done about it ‚Å¶@WSJ‚Å© #travel  https://t.co/zzZNGWlVX2",,Wed Aug 01 14:14:11 +0000 2018
JishinKaminari,"‚ÄúI AM GETTING TIRED OF EVACUATING PEOPLE FROM THE VICINITY OF THEIR FIGHT.

STOP FUCKING GOING NEAR THEM.‚Äù",,Wed Aug 01 13:43:18 +0000 2018
KURORAK,has there ever been a research paper on news outlets attempting to manipulate emotions by including BGMs on each news item (ex. sad music on news of evacuating people from a disaster area)?,,Wed Aug 01 11:38:18 +0000 2018
Airbus2Zeppelin,@TomPodolec People also filming it rather than evacuating the area. Maybe they should show the Manchester 737  fire on the pre-flight briefing to install a sense of urgency.,,Wed Aug 01 09:19:40 +0000 2018
JournoDannyAero,A bit of a scrum down the slide. Note people with bags evacuating again. Sigh https://t.co/6RZCOnhUUZ,,Wed Aug 01 06:03:38 +0000 2018
hanuzdilidurast,"RT @IndianExpress: The Delhi government sounded an alert, with authorities evacuating people from adjoining low-lying areas.

SEE PHOTOS |‚Ä¶","The Delhi government sounded an alert, with authorities evacuating people from adjoining low-lying areas.

SEE PHOTOS | https://t.co/IphhniiHL3 https://t.co/RvOB2gJiHr",Wed Aug 01 04:38:45 +0000 2018
bedlamfury,"RT @3ty3: As water level of the Yamuna crossed the danger mark, the Delhi government sounded an alert, with authorities evacuating people f‚Ä¶","As water level of the Yamuna crossed the danger mark, the Delhi government sounded an alert, with authorities evacuating people from adjoining low-lying areas.  #India #Delhi #floods #photos https://t.co/Ck0AmqDvGL",Wed Aug 01 04:20:22 +0000 2018
3ty3,"As water level of the Yamuna crossed the danger mark, the Delhi government sounded an alert, with authorities evacuating people from adjoining low-lying areas.  #India #Delhi #floods #photos https://t.co/Ck0AmqDvGL",,Wed Aug 01 04:15:28 +0000 2018
IndianExpress,"The Delhi government sounded an alert, with authorities evacuating people from adjoining low-lying areas.

SEE PHOTOS | https://t.co/IphhniiHL3 https://t.co/RvOB2gJiHr",,Wed Aug 01 04:12:54 +0000 2018
JackieMackk,@kassidy_kline13 People on the beach are evacuating because they‚Äôre cornered there. The people on the little boats are normal citizens that are taking their boats to help evacuate. The planes are going to try to stop the Germans from killing the beach and boat people,,Wed Aug 01 04:08:05 +0000 2018
WXReese,"@Crystalball1976 I agree. It's also why I tell people that if they're even questioning something with regards to weather, do the opposite. Your life is more important than getting somewhere on time/hassle of evacuating.",,Wed Aug 01 03:39:27 +0000 2018
sophahutch,"RT @KNXarcher: A radiation leak has been detected in Bellflower. Fire and hazmat are on scene, authorities are evacuating people from a nea‚Ä¶","A radiation leak has been detected in Bellflower. Fire and hazmat are on scene, authorities are evacuating people from a nearby trailer park. More @KNX1070 https://t.co/bDf6BwYwgn",Wed Aug 01 02:05:12 +0000 2018
PsychicHealerC,"RT @Jasamsdestiny: Btw, the #Eelfire is bad enough they are in the process of evacuating people.  If you're around that area watch it close‚Ä¶","Btw, the #Eelfire is bad enough they are in the process of evacuating people.  If you're around that area watch it closely &amp; be prepared to evacuate.

#eelfire #eelincident",Wed Aug 01 01:27:03 +0000 2018
WVAsia,"Heavy rains has caused major floods in several states &amp; regions in #Myanmar. Floodwaters remain high, people are evacuating. World Vision has distributed @ProcterGamble water purification sachets &amp; high energy biscuits in partnership with @WFP",,Wed Aug 01 00:56:35 +0000 2018
lyricmorales_,Extremely bad fire on post and there evacuating people,,Wed Aug 01 00:40:54 +0000 2018
Jasamsdestiny,"Btw, the #Eelfire is bad enough they are in the process of evacuating people.  If you're around that area watch it closely &amp; be prepared to evacuate.

#eelfire #eelincident",,Wed Aug 01 00:26:01 +0000 2018
KarenR3685,People reporting lightening hit the roof n people are Evacuating,,Tue Jul 31 20:25:35 +0000 2018
CMRosens,"RT @CharlotteAshley: Right now, we can't even manage evacuating a soccer stadium without people being trampled. We can't even accommodate t‚Ä¶","Right now, we can't even manage evacuating a soccer stadium without people being trampled. We can't even accommodate the refugees from one armed conflict. Can you IMAGINE evacuating the planet? Yah, that's because they wouldn't. Evacuate us.",Tue Jul 31 20:11:57 +0000 2018
KNXarcher,"A radiation leak has been detected in Bellflower. Fire and hazmat are on scene, authorities are evacuating people from a nearby trailer park. More @KNX1070 https://t.co/bDf6BwYwgn",,Tue Jul 31 19:54:37 +0000 2018
CharlotteAshley,"Right now, we can't even manage evacuating a soccer stadium without people being trampled. We can't even accommodate the refugees from one armed conflict. Can you IMAGINE evacuating the planet? Yah, that's because they wouldn't. Evacuate us.",,Tue Jul 31 18:07:34 +0000 2018
WEHTWTVWlocal,RT @BrandonNews25: BREAKING: Carmi Police ask people to avoid the area of Kerney and Olive Street. Police believe there is an armed subject‚Ä¶,BREAKING: Carmi Police ask people to avoid the area of Kerney and Olive Street. Police believe there is an armed subject in a residence there. Police are evacuating an area around the residence.,Tue Jul 31 17:58:09 +0000 2018
BrandonNews25,BREAKING: Carmi Police ask people to avoid the area of Kerney and Olive Street. Police believe there is an armed subject in a residence there. Police are evacuating an area around the residence.,,Tue Jul 31 17:57:53 +0000 2018
Nai_Calus,"@ElaineMarley @Faebelina This. My characters would have been out of there instantly and off evacuating civilians. The whole time honestly not just this week. Destroying people's homes is not why Velereth became a Demon Hunter, for example. :/",,Tue Jul 31 16:35:53 +0000 2018
OregonBrady,"@KnuteBuehler What arrogance! There are people in Oregon evacuating, losing homes and property, and you show us how comfortable you are? #shameonKnuteBuehler",,Tue Jul 31 15:15:15 +0000 2018
Straatvogels813,"@Ghadastu 
Oh, the internet connection from India?
The matter of foreign residence right, it is serious.
By the way, there seems to be some people who are evacuating shelters for Syrian refugees and make a living by utilizing IT technology,
Please consider that,
nice to meet you!",,Tue Jul 31 15:09:58 +0000 2018
SER_Safety,"NEW #YouTube video out about #evacuating people from a #wildfire
https://t.co/wikLBhISWa",,Tue Jul 31 14:34:51 +0000 2018
CrawfordSource,"""We are not exactly sure what the dangers are, but we are evacuating people from their homes,"" Galion's communications director Matt Echelberry said. https://t.co/04vfvtLxxQ",,Tue Jul 31 14:10:08 +0000 2018
THEOKINGB,"RT @moesuttle: Also, just watch how the DA is going try paint the ANC as the bad with regard to those house demolitions as if they are not‚Ä¶","Also, just watch how the DA is going try paint the ANC as the bad with regard to those house demolitions as if they are not evacuating people from their homes in District Six and Bokaap. They are the worst when it comes to being Chun-Lis",Tue Jul 31 13:43:39 +0000 2018
deportablediz,"smh, evacuating people from warzones am I right? https://t.co/jxNMqEUtwf",,Tue Jul 31 13:36:20 +0000 2018
JayBirdOne,RT @USNationalGuard: While people are evacuating the area this video shows what it is like for the @theCaGuardflying into the fire zone to‚Ä¶,While people are evacuating the area this video shows what it is like for the @theCaGuardflying into the fire zone to battle the blaze: https://t.co/McodnCQuDo #CARRFIRE,Tue Jul 31 13:35:26 +0000 2018
JaydenGamingAnt,I liked a @YouTube video https://t.co/C98fHWMIgx Evacuating People from a Wildfire,,Tue Jul 31 13:30:26 +0000 2018
moesuttle,"Also, just watch how the DA is going try paint the ANC as the bad with regard to those house demolitions as if they are not evacuating people from their homes in District Six and Bokaap. They are the worst when it comes to being Chun-Lis",,Tue Jul 31 13:26:25 +0000 2018
Teeny2Weeny,@CBCAlerts Be careful with evacuating.. No joke we had looters in BC taking people's shit after they fled eh,,Tue Jul 31 11:17:52 +0000 2018
PennyHicks13,"RT @StoryCorps: ""They put out a call: ‚ÄòIf you have training to help people through trauma and crises‚Äîwe really need you‚Äô. And I'm driving a‚Ä¶","""They put out a call: ‚ÄòIf you have training to help people through trauma and crises‚Äîwe really need you‚Äô. And I'm driving away. It was so hard.‚Äù Two Northern California crisis counselors reflect on evacuating from wildfire in 2017. With @KALW: https://t.co/DYfGFU87GA https://t.co/Nz5Q84od8o",Tue Jul 31 07:13:01 +0000 2018
ahujarakhi8,"RT @ArvindKejriwal: This water likely to reach Del by tomo eve. Wherever administration evacuating people, they r requested to cooperate. A‚Ä¶","This water likely to reach Del by tomo eve. Wherever administration evacuating people, they r requested to cooperate. All depts put on high alert. For any flood related emergency, control room no is 1077. https://t.co/JI2ADxACMW",Tue Jul 31 05:17:23 +0000 2018
taydoescosplay,RT @DeireLucy: Pls support my kickstarter where I plan to launch the UK into the sun after evacuating the trans people from the island to f‚Ä¶,Pls support my kickstarter where I plan to launch the UK into the sun after evacuating the trans people from the island to finally stop terfs,Tue Jul 31 04:26:27 +0000 2018
jennlynne74,"RT @muthafuckarick: this is EXACTLY why I LOVE my town &amp; could never understand why ppl always hated Redding..We stick together, go thru ro‚Ä¶","this is EXACTLY why I LOVE my town &amp; could never understand why ppl always hated Redding..We stick together, go thru rough times &amp; support each other, evacuating people that we don‚Äôt even know. I Love all of u &amp; thanks for being apart of my life #ReddingStrong",Tue Jul 31 04:18:58 +0000 2018
ESFRSCommercial,RT @PeterJ_Lawrence: @GuillermoRein A good example of people evacuating in an orderly manner and following instructions. The announcer made‚Ä¶,"@GuillermoRein A good example of people evacuating in an orderly manner and following instructions. The announcer made it clear the reason for the evacuation, which is good practice. Also noticed they had to tell the people to move away from the entrance of the tunnel once they had evacuated.",Tue Jul 31 03:06:13 +0000 2018
Tea4gunsSC,@YvanDutil @ned2au @BorisAlatovkrap @drwaheeduddin @JaredLovering @SnakeBi14457783 @L_Wallace12 @thefutureBigly @FrankChanged @SecretzChannel @NikolovScience @FredFoxyGuy @CriticalStress_ @JPolov @ATomalty @carlblom_robert @GillesnFio @3GHtweets @SciGibson @SturmLLiouville @JamesAbbott2013 @tor_lan @FriendsOScience @blaubok @sueytonius @SlagOffTwits @th3Derek @dbirch214 @Bonzodogg1 @LpdlcRamirez @Ike_Kiefer @FraserMacLeod5 @d_e_mol @realtruth60 @CheckYourAgenda @alan_poirier @sciencepolicia @icarus62 @scienceartcats @AMAR9933 @adlrope @souzou_no @MichaelEMann @RogTallbloke @dahlqje @Mystic_Sister @Tony_Purc @AltUS_ARC @VariabilityBlog @SteveSGoddard I'm not suggesting evacuating the planet I'm suggesting getting enough people off to preserve mankind,,Tue Jul 31 02:17:53 +0000 2018
lemonshell,"I'm glad to see that some people are being allowed to return to their home after evacuating ahead of the #CarrFire. Seeing how people come together to help each other just moves me.  Beautiful hearts, courageous firefighters.",,Tue Jul 31 01:19:33 +0000 2018
WethePeoplePets,"RT @dawn_fladland: Massive Update: The #CarrFire has almost reached 100,000 acres (98,724) by 7/39/18 and 20% contained. 7,000 residents in‚Ä¶","Massive Update: The #CarrFire has almost reached 100,000 acres (98,724) by 7/39/18 and 20% contained. 7,000 residents in Trinity county are without power and are evacuating. There are 8 fatalities, and now 7 people missing. Please pray for everyones safety..",Tue Jul 31 00:50:20 +0000 2018
Stefi177,"@leagueplayer122 No problem! :) They didn‚Äôt really show much of her, she did have her hairpins though

She was helping chad at one point with evacuating people

I don‚Äôt really like her as a character but it is what it is üòÖ her powers are awesome though...I‚Äôm picky I guess",,Mon Jul 30 23:34:22 +0000 2018
StoryCorps,"""They put out a call: ‚ÄòIf you have training to help people through trauma and crises‚Äîwe really need you‚Äô. And I'm driving away. It was so hard.‚Äù Two Northern California crisis counselors reflect on evacuating from wildfire in 2017. With @KALW: https://t.co/DYfGFU87GA https://t.co/Nz5Q84od8o",,Mon Jul 30 22:04:44 +0000 2018
selfuncontrol,I hope the people threatened by wildfires are evacuating straight to the nearest movie theater,,Mon Jul 30 22:00:26 +0000 2018
garageleague66,@TeaPainUSA This helps prove he was incompetent on 9/11 and is responsible for hundreds of people dying by not evacuating the towers after the first jet hit.,,Mon Jul 30 21:46:45 +0000 2018
dawn_fladland,"Massive Update: The #CarrFire has almost reached 100,000 acres (98,724) by 7/39/18 and 20% contained. 7,000 residents in Trinity county are without power and are evacuating. There are 8 fatalities, and now 7 people missing. Please pray for everyones safety..",,Mon Jul 30 20:48:31 +0000 2018
PEG_AustinIT,"RT @Forrest4Trees: Port Arthur has become an evacuating community, where people flee their homes several times a year with high uncertainty‚Ä¶","Port Arthur has become an evacuating community, where people flee their homes several times a year with high uncertainty as to what they may return to, if they can return at all.

Climate change and an inadequate, flawed recovery process aren't helping.

https://t.co/fC4xBVofRu",Mon Jul 30 19:52:35 +0000 2018
Forrest4Trees,"Port Arthur has become an evacuating community, where people flee their homes several times a year with high uncertainty as to what they may return to, if they can return at all.

Climate change and an inadequate, flawed recovery process aren't helping.

https://t.co/fC4xBVofRu",,Mon Jul 30 19:11:34 +0000 2018
ashleykoll,If you are planning on vacationing in California soon.....uhhhhhhh please don‚Äôt. To make the traffic easier for the people evacuating from the wildfires vacation somewhere else please,,Mon Jul 30 18:38:48 +0000 2018
AwesomeAuntieS,Does anyone know if school buses are still evacuating people out of nice?,,Mon Jul 30 18:10:16 +0000 2018
SELAWX,"BREAKING: EVACUATIONS UNDERWAY AFTER CHEMICAL LEAK 
https://t.co/JttfQoYF5F 
The Baton Rouge Fire Dept. and Mayor‚Äôs Office of Homeland Security and Emergency Preparedness are evacuating nearly 150 people out of... https://t.co/41STaT8teS",,Mon Jul 30 17:37:14 +0000 2018
Cybersoulja,"@MajinCheeks I think it was greed that ultimately won, part of me thinks the people staying at Reliant after evacuating from Hurricane Katrina had something to do with it too.",,Mon Jul 30 16:39:51 +0000 2018
GeoffWilkinson,"RT @lukewbarratt: As Williams said earlier, firefighters are not trained in evacuating people through toxic environments. 

Here, a CCTV im‚Ä¶","As Williams said earlier, firefighters are not trained in evacuating people through toxic environments. 

Here, a CCTV image shows a firefighter with a survivor, who is also wearing breathing apparatus. https://t.co/UAwFpmNzU1",Mon Jul 30 16:20:24 +0000 2018
stuartpalley,@realTpamn I‚Äôm so sorry you‚Äôre in this position but you‚Äôre putting yourself and firefighters in danger by not evacuating. You and a garden hose unfortunately won‚Äôt stop a 50 foot wall of flames. I have seen multiple cases of people dying in their homes(in the last year) by not leaving.,,Mon Jul 30 14:54:17 +0000 2018
kay_sharpe,"So apparently a bunch of wingnuts who have nothing better to do are attacking Bethel Church for not housing people evacuating Redding. 

They were told by authorities NOT to house evacuees. The church is IN Redding.... https://t.co/xwdvTEQLiw",,Mon Jul 30 14:31:17 +0000 2018
DeireLucy,Pls support my kickstarter where I plan to launch the UK into the sun after evacuating the trans people from the island to finally stop terfs,,Mon Jul 30 13:10:49 +0000 2018
USNationalGuard,While people are evacuating the area this video shows what it is like for the @theCaGuardflying into the fire zone to battle the blaze: https://t.co/McodnCQuDo #CARRFIRE,,Mon Jul 30 13:00:32 +0000 2018
lukewbarratt,"As Williams said earlier, firefighters are not trained in evacuating people through toxic environments. 

Here, a CCTV image shows a firefighter with a survivor, who is also wearing breathing apparatus. https://t.co/UAwFpmNzU1",,Mon Jul 30 11:46:57 +0000 2018
cc_morgan2,RT @nlitvin: #ReddingCA The National Guard has been called in. Firefighters are evacuating people instead of fighting fires. Redding is way‚Ä¶,#ReddingCA The National Guard has been called in. Firefighters are evacuating people instead of fighting fires. Redding is way up there. It'd take hours for help to get there from SF Area. I can imagine help is coming. Hope in time.,Mon Jul 30 10:28:02 +0000 2018
R6_Niko,@_Reyyyna_ Big ol' forest fire in Manila - Spain. Got woke up to people screaming and evacuating,,Mon Jul 30 09:40:41 +0000 2018
alinatanila,@qing161198 um i think must evacuate first. then then fire warden will assist people who are evacuating.,,Mon Jul 30 09:26:56 +0000 2018
oananews,Indonesia is evacuating Thai people from Lombok island https://t.co/HaEKj7dNUn,,Mon Jul 30 08:45:09 +0000 2018
PaddyBriggs,@JeremyCliffe WW2 was hell for civilians like no other conflict before it. The systematic targeting of non-combatants had never happened before. People coped by evacuating their children and/or themselves from the cities if they could. Most had little alternative but to adapt their lives.1/2,,Mon Jul 30 07:30:47 +0000 2018
journo_abheet,RT @NewsMobileIndia: Danger level of Yamuna is 204.83 &amp; current water level is 205.5 &amp; is still rising &amp; will continue to rise throughout t‚Ä¶,"Danger level of Yamuna is 204.83 &amp; current water level is 205.5 &amp; is still rising &amp; will continue to rise throughout the night. We're evacuating people &amp; have also put relief camps which have all facilities. Till now, I think situation is under control: Ajay Kumar,ADM, East Delhi https://t.co/7qKp6adZ30",Mon Jul 30 06:50:12 +0000 2018
UMESHRAJPUTUP1,"RT @Bhargavkuldeep7: This water likely to reach Del by tomo eve. Wherever administration evacuating people, they r requested to cooperate.‚Ä¶","This water likely to reach Del by tomo eve. Wherever administration evacuating people, they r requested to cooperate. All depts put on high alert. For any flood related emergency, control room no is 1077. @ArvindKejriwal",Mon Jul 30 05:01:49 +0000 2018
juicesaysthis,RT @GretchenWenner: They are evacuating people from trailers around one where the suspect is.,They are evacuating people from trailers around one where the suspect is.,Mon Jul 30 03:20:43 +0000 2018
GretchenWenner,They are evacuating people from trailers around one where the suspect is.,,Mon Jul 30 03:08:00 +0000 2018
CecileJuliette,"RT @JodyJobickers: @CecileJuliette I hope this isn't improper to ask, but Lake County is also in the middle of a crises and could probably‚Ä¶","@CecileJuliette I hope this isn't improper to ask, but Lake County is also in the middle of a crises and could probably use some help with evacuating people/animals trucks, trailers, temp. Shelters/food for animals.. food, supplies for evac centers.. please spread the word https://t.co/br9XRWhaBR",Mon Jul 30 02:20:38 +0000 2018
JodyJobickers,"@CecileJuliette I hope this isn't improper to ask, but Lake County is also in the middle of a crises and could probably use some help with evacuating people/animals trucks, trailers, temp. Shelters/food for animals.. food, supplies for evac centers.. please spread the word https://t.co/br9XRWhaBR",,Mon Jul 30 02:12:52 +0000 2018
lindshelens,@LaurenABrenner It was right near us in Ukiah. A lot of people evacuating.,,Mon Jul 30 01:37:55 +0000 2018
Jayge26,RT @kdqd3: I LIVE IN REDDING AND WILLING TO HELP PEOPLE LOAD THEIR VEHICLES/TRAILERS IN ANTICIPATION OF EVACUATING. PLEASE RETWEET SO PEOPL‚Ä¶,I LIVE IN REDDING AND WILLING TO HELP PEOPLE LOAD THEIR VEHICLES/TRAILERS IN ANTICIPATION OF EVACUATING. PLEASE RETWEET SO PEOPLE IN #redding CAN SEE. ANY TIME OF THE DAY/NIGHT CONTACT ME #CarrFire https://t.co/cOTaaGTdxr,Mon Jul 30 01:09:29 +0000 2018
AAPHrKarnal,"This water likely to reach Del by tomo eve. Wherever administration evacuating people, they r requested to cooperate. All depts put on high alert. For any flood related emergency, control room no is 1077. https://t.co/bWDrekmvNc",,Mon Jul 30 00:45:03 +0000 2018
Bhargavkuldeep7,"This water likely to reach Del by tomo eve. Wherever administration evacuating people, they r requested to cooperate. All depts put on high alert. For any flood related emergency, control room no is 1077. @ArvindKejriwal",,Mon Jul 30 00:44:34 +0000 2018
tennischick41,RT @KrisB_KVUE: HAPPENING RIGHT NOW: People are evacuating their homes in Burnet County near Inks Lake State Park. A wildfire is moving qui‚Ä¶,HAPPENING RIGHT NOW: People are evacuating their homes in Burnet County near Inks Lake State Park. A wildfire is moving quickly. We have a crew on the way.,Mon Jul 30 00:34:33 +0000 2018
dear7655,"RT @twiddlebirdlet: @One_True_Brit @Cgw459Cindi @ThomasWictor I was going to add that Trump is also afraid of stairs, so I‚Äôm not seeing him‚Ä¶","@One_True_Brit @Cgw459Cindi @ThomasWictor I was going to add that Trump is also afraid of stairs, so I‚Äôm not seeing him evacuating people down stairwells. Escalators, maybe, but not the stairs.",Sun Jul 29 22:16:43 +0000 2018
KrisB_KVUE,HAPPENING RIGHT NOW: People are evacuating their homes in Burnet County near Inks Lake State Park. A wildfire is moving quickly. We have a crew on the way.,,Sun Jul 29 22:02:19 +0000 2018
diaryofamelody,Monster Wildfires Continue In California With Dozens of People Missing and Thousands Evacuating Homes https://t.co/V4GM2Qzoy1,,Sun Jul 29 21:14:44 +0000 2018
karenatoutkaren,@realDonaldTrump Why aren‚Äôt you tweeting about all the people evacuating wild fires and losing everything? Instead of wasting your time with more fake news? We all know the truth ! Spare us! Spare America any more misery and resign! Today would be a good day!üá∫üá∏,,Sun Jul 29 20:59:30 +0000 2018
twiddlebirdlet,"@One_True_Brit @Cgw459Cindi @ThomasWictor I was going to add that Trump is also afraid of stairs, so I‚Äôm not seeing him evacuating people down stairwells. Escalators, maybe, but not the stairs.",,Sun Jul 29 20:35:49 +0000 2018
xmasdoll_,sooo northern cali is on fire and people are evacuating to where i live and we might have to wear masks soon (again) bc everything is gonna be covered in ash,,Sun Jul 29 20:31:41 +0000 2018
PINKItsJustMe,RT @Jamesnorcal1: I LIVE IN REDDING AND WILLING TO HELP PEOPLE LOAD THEIR VEHICLES/TRAILERS IN ANTICIPATION OF EVACUATING. PLEASE RETWEET S‚Ä¶,I LIVE IN REDDING AND WILLING TO HELP PEOPLE LOAD THEIR VEHICLES/TRAILERS IN ANTICIPATION OF EVACUATING. PLEASE RETWEET SO PEOPLE IN #redding CAN SEE. ANY TIME OF THE DAY/NIGHT CONTACT ME #CarrFire Making another post for the people waking up.,Sun Jul 29 18:52:27 +0000 2018
MrsOpie88,"RT @freedomgirl2011: During Wildfire season what do you want media to focus on?
I am not interested in individual stories of heroism,when s‚Ä¶","During Wildfire season what do you want media to focus on?
I am not interested in individual stories of heroism,when some 35,000 people have been evacuated in #CarrFire and we have 61 wildfires Nation Wide!
People are evacuating,traumatized,needing info,aide,and that doesn't fit. https://t.co/C8gjC75ssc",Sun Jul 29 17:59:08 +0000 2018
freedomgirl2011,"During Wildfire season what do you want media to focus on?
I am not interested in individual stories of heroism,when some 35,000 people have been evacuated in #CarrFire and we have 61 wildfires Nation Wide!
People are evacuating,traumatized,needing info,aide,and that doesn't fit. https://t.co/C8gjC75ssc",,Sun Jul 29 17:42:36 +0000 2018
sgrenda,"There are massive fires in California,  please pray for the firefighters and all the people who have been affected and for all those in thus fierce trail.

My sister and her husband are evacuating now... please be safe... sending prayers your wayüíï",,Sun Jul 29 17:38:02 +0000 2018
legofff,Wow. It‚Äôs unbelievable how devastating these fires are and how they affect real people‚Äôs lives both fireman and people evacuating. Global warming is real we need to do something. https://t.co/r38OvXS8Ar,,Sun Jul 29 17:36:44 +0000 2018
Alex_M_Esq,@afneil I wonder when they will start evacuating the towns and forcing people to work in the countryside?,,Sun Jul 29 16:58:27 +0000 2018
4ggGail,RT @protectthewolve: We have room for people evacuating from the Carr fire near Redding. We have room for horses etc.. We have a 40' horse‚Ä¶,"We have room for people evacuating from the Carr fire near Redding. We have room for horses etc.. We have a 40' horse trailer to haul anything, and plenty of room for RV Parking",Sun Jul 29 16:36:00 +0000 2018
wahleyworldchan,"@UgochiTVCNEWS @mimikanulor Leaders hellbent on sinking the country &amp;evacuating the people either by want, war or some other wahala.

Of course, we can't say how much of this may go south but we know the drill.

You don't play with stuff like GMO etc with the usual sloppiness &amp; corruption around Nig.Govt.",,Sun Jul 29 16:29:44 +0000 2018
petechatziplis,"@dialogosmedia Not only Greeks, tourists along with them run high risk from a repeat of #AthensWildfires, the criminal negligence in evacuating people, lack of fire-fighting equipment after ""reforms"" imposed by Troika.Yet they try to mute, no record of missing! #visitGreece #PrayforGreece #mati",,Sun Jul 29 16:14:10 +0000 2018
ddaengsbiitch,@firegirlyy Because there are actual people out there evacuating and having their homes burned down but you‚Äôre using sarcasm which is offensive,,Sun Jul 29 15:40:21 +0000 2018
KoryHonea,"RT @CecileJuliette: @KoryHonea says looters are extra despicable, because they're taking advantage of people who ran for their lives from w‚Ä¶","@KoryHonea says looters are extra despicable, because they're taking advantage of people who ran for their lives from wildfires.  Looters may make some people think twice about evacuating.  WATCH: https://t.co/Rs5hfmdZ5X https://t.co/oNx3v39A5x",Sun Jul 29 15:25:40 +0000 2018
CecileJuliette,"@KoryHonea says looters are extra despicable, because they're taking advantage of people who ran for their lives from wildfires.  Looters may make some people think twice about evacuating.  WATCH: https://t.co/Rs5hfmdZ5X https://t.co/oNx3v39A5x",,Sun Jul 29 15:13:15 +0000 2018
CTNEMC,"RT @YubaNetFire: #PerryFire near Pyramid Lake, NV now at 11,200 acres and 15% contained. Evacuation center for people evacuating from the P‚Ä¶","#PerryFire near Pyramid Lake, NV now at 11,200 acres and 15% contained. Evacuation center for people evacuating from the Perry Fire has been moved from Shaw Middle School to the Ironwood Events Center on Whiskey Springs Road. https://t.co/mTwrkgJQqu https://t.co/1j2ZiKmAVj",Sun Jul 29 15:07:29 +0000 2018
ThawaniV,@aajtak Delhi CM promised all Jhuggee Walas would be given paccaa makan at same place. Has he fulfilled the promise? why people are evacuating in fear of flood.,,Sun Jul 29 15:06:40 +0000 2018
giridharra,RT @ANI: Danger level of Yamuna is 204.83 &amp; current water level is 205.5 &amp; is still rising &amp; will continue to rise throughout the night. We‚Ä¶,"Danger level of Yamuna is 204.83 &amp; current water level is 205.5 &amp; is still rising &amp; will continue to rise throughout the night. We're evacuating people &amp; have also put relief camps which have all facilities. Till now, I think situation is under control: Ajay Kumar,ADM, East Delhi https://t.co/N6MY0U6SQz",Sun Jul 29 14:12:43 +0000 2018
daniceraj,"RT @Go2Juliet: #myanmar #flooding 54,000 evacuating  https://t.co/8M36UROxSF","#myanmar #flooding 54,000 evacuating  https://t.co/8M36UROxSF",Sun Jul 29 13:42:07 +0000 2018
Naghmeh25679677,"A golden mountain located around the villages in #SistanBaluchistan which was recently discovered by #IRGC.They evacuating the area and transferring people to other area to begin work on mining and plundering the Iranian's natural resources
@SecPompeo  @FoxNews @realDonaldTrump https://t.co/cYDN3OoIpc",,Sun Jul 29 13:08:07 +0000 2018
Go2Juliet,"#myanmar #flooding 54,000 evacuating  https://t.co/8M36UROxSF",,Sun Jul 29 12:54:49 +0000 2018
rajshri_mahtani,"Retweeted ANI (@ANI):

Danger level of Yamuna is 204.83 &amp; current water level is 205.5 &amp; is still rising &amp; will continue to rise throughout the night. We're evacuating people &amp; have also put relief camps which have... https://t.co/Er7A8IeW5Y",,Sun Jul 29 12:11:22 +0000 2018
shashankS3007,"Danger level of Yamuna is 204.83 &amp; current water level is 205.5 &amp; is still rising &amp; will continue to rise throughout the night. We're evacuating people &amp; have also put relief camps which have all facilities. Till now, I think situation is under control: ‚Ä¶ https://t.co/SnkuSQraCf",,Sun Jul 29 11:34:37 +0000 2018
shubhama_85,RT @TOIDelhi: Danger level of Yamuna is 204.83mt and current water level is 205.5mt. We're evacuating people and have also put relief camps‚Ä¶,"Danger level of Yamuna is 204.83mt and current water level is 205.5mt. We're evacuating people and have also put relief camps which have all facilities. Till now, I think situation is under control: Ajay Kumar, ADM, East Delhi. (ANI)",Sun Jul 29 11:32:11 +0000 2018
TOIDelhi,"Danger level of Yamuna is 204.83mt and current water level is 205.5mt. We're evacuating people and have also put relief camps which have all facilities. Till now, I think situation is under control: Ajay Kumar, ADM, East Delhi. (ANI)",,Sun Jul 29 11:26:15 +0000 2018
indiatvnews,"Danger level of Yamuna is 204.83 &amp; current water level is 205.5 &amp; is still rising &amp; will continue to rise throughout the night. We're evacuating people &amp; have also put relief camps which have all facilities. Till now, I think situation is under control: Ajay Kumar,ADM, East Delhi",,Sun Jul 29 11:12:46 +0000 2018
PeterJ_Lawrence,"@GuillermoRein A good example of people evacuating in an orderly manner and following instructions. The announcer made it clear the reason for the evacuation, which is good practice. Also noticed they had to tell the people to move away from the entrance of the tunnel once they had evacuated.",,Sun Jul 29 11:05:14 +0000 2018
NewsMobileIndia,"Danger level of Yamuna is 204.83 &amp; current water level is 205.5 &amp; is still rising &amp; will continue to rise throughout the night. We're evacuating people &amp; have also put relief camps which have all facilities. Till now, I think situation is under control: Ajay Kumar,ADM, East Delhi https://t.co/7qKp6adZ30",,Sun Jul 29 11:00:52 +0000 2018
WeForNews,"Danger level of Yamuna is 204.83 &amp; current water level is 205.5 &amp; is still rising &amp; will continue to rise throughout the night. We're evacuating people &amp; have also put relief camps which have all facilities. Till now, I think situation is under control: Ajay Kumar,ADM, East Delhi https://t.co/w8TMdXv6J0",,Sun Jul 29 11:00:28 +0000 2018
inhnewsindia,"Danger level of Yamuna is 204.83 &amp; current water level is 205.5 &amp; is still rising &amp; will continue to rise throughout the night. We're evacuating people &amp; have also put relief camps which have all facilities. Till now, I think situation is under control: Ajay Kumar,ADM, East Delhi https://t.co/Y9KOzTSnzv",,Sun Jul 29 10:57:31 +0000 2018
ANI,"Danger level of Yamuna is 204.83 &amp; current water level is 205.5 &amp; is still rising &amp; will continue to rise throughout the night. We're evacuating people &amp; have also put relief camps which have all facilities. Till now, I think situation is under control: Ajay Kumar,ADM, East Delhi https://t.co/N6MY0U6SQz",,Sun Jul 29 10:56:43 +0000 2018
nrodovsky,"RT @lilyalta: .@CHPRedding is live on the western edge of the #CarrFire. Nearby, the town of Lewiston (pop: a little more than 1,000 people‚Ä¶",".@CHPRedding is live on the western edge of the #CarrFire. Nearby, the town of Lewiston (pop: a little more than 1,000 people) has been evacuating tonight. https://t.co/pwP0ey0YVn",Sun Jul 29 10:07:54 +0000 2018
lilyalta,".@CHPRedding is live on the western edge of the #CarrFire. Nearby, the town of Lewiston (pop: a little more than 1,000 people) has been evacuating tonight. https://t.co/pwP0ey0YVn",,Sun Jul 29 09:43:46 +0000 2018
JmeSeattle,My heart breaks for the people lost in the #CarrFire  I‚Äôm sorry I‚Äôm not closer to help. I hope all who are fighting and evacuating are safe.,,Sun Jul 29 05:13:17 +0000 2018
JmeSeattle,@ReddingPolice I have a hard time understanding people wanting to watch a fire? People are dying because of it. Instead try volunteering and helping out the brave men and women fighting the fire and evacuating people and animals. I‚Äôm sorry I‚Äôm not closer to help.,,Sun Jul 29 05:06:29 +0000 2018
Ken47188750,"RT @Rubiconski: #CarrFire #Redding #CA

Rolling Hills Casino has opened its facilities for people evacuating animals. Large and Small Anima‚Ä¶","#CarrFire #Redding #CA

Rolling Hills Casino has opened its facilities for people evacuating animals. Large and Small Animal accommodations, plus facilities for campers &amp; RVs. Take your vet records, your own feed if you can, animal medications.

Please take action NOW!",Sun Jul 29 04:31:04 +0000 2018
YubaNetFire,"#PerryFire near Pyramid Lake, NV now at 11,200 acres and 15% contained. Evacuation center for people evacuating from the Perry Fire has been moved from Shaw Middle School to the Ironwood Events Center on Whiskey Springs Road. https://t.co/mTwrkgJQqu https://t.co/1j2ZiKmAVj",,Sun Jul 29 04:21:23 +0000 2018
WashoeSheriff,Evacuation center for people evacuating from the Perry Fire has been moved from Shaw Middle School to the Ironwood Events Center on Whiskey Springs Road https://t.co/wRl8IaUta5,,Sun Jul 29 02:47:00 +0000 2018
KCMeadows1,"RT @chrispugh: @MendoSheriff Deputies are evacuating people along Eastside Potter Valley road, is there an official evacuation notice somew‚Ä¶","@MendoSheriff Deputies are evacuating people along Eastside Potter Valley road, is there an official evacuation notice somewhere?",Sun Jul 29 02:13:45 +0000 2018
chrispugh,"@MendoSheriff Deputies are evacuating people along Eastside Potter Valley road, is there an official evacuation notice somewhere?",,Sun Jul 29 01:57:49 +0000 2018
heylaurenblake,way to go emergency alert system for sending everyone out here into a panic with a poorly worded alert that made not only me but my dad and his friends üëÆüèª‚Äç‚ôÇÔ∏èthink the fire was evacuating near shaw middle when in reality they meant the evacuation was sending people TO shaw,,Sun Jul 29 01:55:40 +0000 2018
