ArymeChan,"Pros:
Fund raising
Promote programs
More people, more links
Speak out our unfamous ideas/book reviews
Show some parts of earth that people dont have chance to see",,Fri Aug 03 18:45:28 +0000 2018
JonathanLau5012,"ã€Malaysia Fund-Raising ğŸ‡²ğŸ‡¾ã€‘
Time to promote ğŸ˜†

EXID Comeback Subway Video Commercial Support ğŸ’•
EXID å›å½’åœ°é“è§†é¢‘å»£å‘Šåº”æ´ ğŸ’•

Waiting you to participate ğŸ’˜
ç­‰ç€ä½ çš„å‚ä¸ ğŸ’˜

Support link :
https://t.co/X5bd4mHajJ

#EXID #ì†”ì§€ #LE #í•˜ë‹ˆ #í˜œë¦° #ì •í™” https://t.co/asI44QX2l4",,Fri Aug 03 08:06:52 +0000 2018
dt_next,"Opinion:  Lok Sabha has recently passed the Criminal Law Amendment Bill, 2018 with regard to rape of minors raising the minimum punishment from 7 years to 10 years extendable to imprisonment for life.  https://t.co/HVQi8HkHZt",,Fri Aug 03 04:02:45 +0000 2018
blackcataps,"RT @poshbox8: @talkSPORTDrive @edwardssport @PTAlanSwann @PeterBurrow1934 

Gents as fellow poshies I would appreciate an RT of the linkedâ€¦","@talkSPORTDrive @edwardssport @PTAlanSwann @PeterBurrow1934 

Gents as fellow poshies I would appreciate an RT of the linked tweet to help promote awareness of the fund raising opportunity for the fabulous @FreeKicks 

Thank you in advance",Thu Aug 02 08:04:35 +0000 2018
SeedyRoads,RT @BestStephen: @CndnSheepdog Much of conservative party policy making in Canada has to do with fund raising. They tend to promote 'issuesâ€¦,"@CndnSheepdog Much of conservative party policy making in Canada has to do with fund raising. They tend to promote 'issues' that inflame their base and cause them to write cheques. Follow the money.  If harming the poor raises funds, the poor will suffer under conservative rule.",Wed Aug 01 12:38:46 +0000 2018
BestStephen,"@CndnSheepdog Much of conservative party policy making in Canada has to do with fund raising. They tend to promote 'issues' that inflame their base and cause them to write cheques. Follow the money.  If harming the poor raises funds, the poor will suffer under conservative rule.",,Wed Aug 01 12:35:52 +0000 2018
Martin76x,When you do a fund raising thing for someone . And rent @Oculus and @htcvive kits to promote #VR . Then ask either company to sponsor your channel and they say the don't have any old kits available but give them to everyone else  #StayHumble.. https://t.co/slb7i0eni1,,Tue Jul 31 19:19:52 +0000 2018
GeraldNGOM,RT @GeraldNGOM: 3/n This puff piece gets Roth's fund raising skills and self-promotion right. But no mention of sources of @hrw's $83m. Oriâ€¦,3/n This puff piece gets Roth's fund raising skills and self-promotion right. But no mention of sources of @hrw's $83m. Original donors left in disgust after infamous 2009 Saudi fund raiser to promote bogus Goldstone report...  @JeffreyGoldberg https://t.co/DRPyfedY1v,Tue Jul 31 04:57:42 +0000 2018
Promote_Thanet,"RT @fatzdomingo: UK State Pension is Â£7,400 a year
German State Pension is Â£24,000 a year.

Germany didnâ€™t plunder itâ€™s NI fund
Germany treâ€¦","UK State Pension is Â£7,400 a year
German State Pension is Â£24,000 a year.

Germany didnâ€™t plunder itâ€™s NI fund
Germany treats its pensioners as valued citizens

EU asked UK why itâ€™s Pensions weâ€™re so low, Westminster answered with #Brexit instead of raising the pensions.",Mon Jul 30 22:26:12 +0000 2018
scolavito,RT @Partnership4NYC: The Partnership Fund is investing $10m and raising an additional $40m for the IndieBio Accelerator to promote life sciâ€¦,The Partnership Fund is investing $10m and raising an additional $40m for the IndieBio Accelerator to promote life sciences in NYC. See  @WSJ's write up: https://t.co/B1T0eitobm,Mon Jul 30 16:02:40 +0000 2018
drmarkporter,"@JennySpinks2 Hi Jenny. I am sorry to hear about Daya but I only ever promote this sort of fund raising campaign to others / those who follow me where I know all the facts / am involved in some way.  If her own doctors contact me I would be happy to spread the word.
Thanks M",,Mon Jul 30 13:20:50 +0000 2018
GeraldNGOM,3/n This puff piece gets Roth's fund raising skills and self-promotion right. But no mention of sources of @hrw's $83m. Original donors left in disgust after infamous 2009 Saudi fund raiser to promote bogus Goldstone report...  @JeffreyGoldberg https://t.co/DRPyfedY1v,,Mon Jul 30 08:25:27 +0000 2018
KyleHeren,"#LOVELOUD

Please don't use this hashtag to 'promote' your oppas. It's humiliating. This hashtag is for raising fund and awareness of the lgbt+ community. Don't corrupt its means.",,Sun Jul 29 08:16:10 +0000 2018
eastbournefoe,"We were delighted to welcome Oliver Sterno, co-ordinator of the #PlasticFreeEastbourne coalition, to our stall at @LammasFest today &amp; to help him promote a fund-raising concert in aid of making #Eastbourne free from single-use plastics. https://t.co/Uoo9mMw5Uz",,Sat Jul 28 20:32:23 +0000 2018
quietdavid,RT @MLValentino1: Next theyâ€™ll launch a lottery to free Tommy Robinson. Then theyâ€™ll move on to a sponsored walk in wheat fields to promoteâ€¦,Next theyâ€™ll launch a lottery to free Tommy Robinson. Then theyâ€™ll move on to a sponsored walk in wheat fields to promote poor Steve Bannon misunderstood group. And lastly theyâ€™ll have a fund raising dinner for Nigel Farageâ€™s Conservative party. https://t.co/qreRpALgzE,Thu Jul 26 13:32:39 +0000 2018
MLValentino1,Next theyâ€™ll launch a lottery to free Tommy Robinson. Then theyâ€™ll move on to a sponsored walk in wheat fields to promote poor Steve Bannon misunderstood group. And lastly theyâ€™ll have a fund raising dinner for Nigel Farageâ€™s Conservative party. https://t.co/qreRpALgzE,,Thu Jul 26 13:13:16 +0000 2018
SiljeGrr,"RT @CreativeScots: Our new Â£600k Film Festivals Fund will help to promote cinema-going in Scotland,  raising the profile of #cinema and #fiâ€¦","Our new Â£600k Film Festivals Fund will help to promote cinema-going in Scotland,  raising the profile of #cinema and #film, especially independent and specialised film. Applications from new or existing film festivals invited now: https://t.co/7y4bFHdnDl #CreativityMatters https://t.co/uLXE2wcW4P",Wed Jul 25 14:24:55 +0000 2018
